ISO-10303-21;
HEADER;
FILE_DESCRIPTION (( 'STEP AP214' ),
    '1' );
FILE_NAME ('Controllerv2 housing.STEP',
    '2026-09-27T10:44:09',
    ( '' ),
    ( '' ),
    'SwSTEP 2.0',
    'SolidWorks 2025',
    '' );
FILE_SCHEMA (( 'AUTOMOTIVE_DESIGN' ));
ENDSEC;

DATA;
#1 = ORIENTED_EDGE ( 'NONE', *, *, #8083, .F. ) ;
#2 = DIRECTION ( 'NONE',  ( -0.000000000000000000, -1.000000000000000000, -0.000000000000000000 ) ) ;
#3 = EDGE_CURVE ( 'NONE', #185, #2338, #714, .T. ) ;
#4 = DIRECTION ( 'NONE',  ( -0.000000000000000000, 1.000000000000000000, -0.000000000000000000 ) ) ;
#5 = EDGE_CURVE ( 'NONE', #3595, #2080, #5502, .T. ) ;
#6 = CARTESIAN_POINT ( 'NONE',  ( -15.69258240356723100, -100.0000000000000000, 38.00000000000000711 ) ) ;
#7 = ORIENTED_EDGE ( 'NONE', *, *, #6855, .F. ) ;
#8 = EDGE_LOOP ( 'NONE', ( #6768, #4190, #6920, #7038 ) ) ;
#9 = EDGE_CURVE ( 'NONE', #854, #257, #7488, .T. ) ;
#10 = VECTOR ( 'NONE', #2796, 1000.000000000000000 ) ;
#11 = ORIENTED_EDGE ( 'NONE', *, *, #102, .F. ) ;
#12 = CARTESIAN_POINT ( 'NONE',  ( 19.00000000000000711, -90.50000000000001421, 39.75000000000002842 ) ) ;
#13 = DIRECTION ( 'NONE',  ( 0.000000000000000000, 0.000000000000000000, 1.000000000000000000 ) ) ;
#14 = DIRECTION ( 'NONE',  ( 0.000000000000000000, 1.000000000000000000, 0.000000000000000000 ) ) ;
#15 = CARTESIAN_POINT ( 'NONE',  ( -6.999999999999994671, -103.0000000000000142, 38.00000000000000711 ) ) ;
#16 = CARTESIAN_POINT ( 'NONE',  ( -52.00000000000004263, -100.0000000000000000, -42.75735931288070191 ) ) ;
#17 = ORIENTED_EDGE ( 'NONE', *, *, #5892, .F. ) ;
#18 = CARTESIAN_POINT ( 'NONE',  ( -16.50000000000001421, -8.000000000000000000, 35.00000000000002842 ) ) ;
#19 = VERTEX_POINT ( 'NONE', #1973 ) ;
#20 = CARTESIAN_POINT ( 'NONE',  ( 49.00000000000000000, -100.0000000000000000, -21.99999999999997868 ) ) ;
#21 = ORIENTED_EDGE ( 'NONE', *, *, #8409, .F. ) ;
#22 = DIRECTION ( 'NONE',  ( -0.000000000000000000, -1.000000000000000000, -0.000000000000000000 ) ) ;
#23 = DIRECTION ( 'NONE',  ( 1.000000000000000000, -0.000000000000000000, 0.000000000000000000 ) ) ;
#24 = CARTESIAN_POINT ( 'NONE',  ( 38.63333333333332575, -106.6666666666666714, 41.33333333333335702 ) ) ;
#25 = DIRECTION ( 'NONE',  ( -0.000000000000000000, -1.000000000000000000, -0.000000000000000000 ) ) ;
#26 = CARTESIAN_POINT ( 'NONE',  ( -50.99999999999996447, -101.0000000000000284, 36.00000000000002842 ) ) ;
#27 = FACE_OUTER_BOUND ( 'NONE', #2894, .T. ) ;
#28 = ORIENTED_EDGE ( 'NONE', *, *, #1572, .T. ) ;
#29 = DIRECTION ( 'NONE',  ( -1.678764654171103998E-16, 0.000000000000000000, 1.000000000000000000 ) ) ;
#30 = CIRCLE ( 'NONE', #6369, 1.250000000000001110 ) ;
#31 = EDGE_LOOP ( 'NONE', ( #7869, #7585, #4666, #2403 ) ) ;
#32 = ORIENTED_EDGE ( 'NONE', *, *, #3332, .F. ) ;
#33 = VECTOR ( 'NONE', #6016, 1000.000000000000000 ) ;
#34 = DIRECTION ( 'NONE',  ( 0.000000000000000000, -1.000000000000000000, 0.000000000000000000 ) ) ;
#35 = DIRECTION ( 'NONE',  ( 0.000000000000000000, 0.000000000000000000, -1.000000000000000000 ) ) ;
#36 = ORIENTED_EDGE ( 'NONE', *, *, #6617, .F. ) ;
#37 = FILL_AREA_STYLE ('',( #8639 ) ) ;
#38 = VECTOR ( 'NONE', #5321, 1000.000000000000000 ) ;
#39 = CARTESIAN_POINT ( 'NONE',  ( -42.00000000000000711, -8.000000000000000000, 40.00000000000002132 ) ) ;
#40 = CIRCLE ( 'NONE', #6096, 1.250000000000001110 ) ;
#41 = VERTEX_POINT ( 'NONE', #654 ) ;
#42 = FACE_OUTER_BOUND ( 'NONE', #5154, .T. ) ;
#43 = EDGE_CURVE ( 'NONE', #687, #7060, #6055, .T. ) ;
#44 = VECTOR ( 'NONE', #1806, 1000.000000000000114 ) ;
#45 = CARTESIAN_POINT ( 'NONE',  ( -58.99999999999997158, -87.28768939877072341, 45.25000000000009948 ) ) ;
#46 = DIRECTION ( 'NONE',  ( 1.000000000000000000, 0.000000000000000000, 0.000000000000000000 ) ) ;
#47 = VECTOR ( 'NONE', #6729, 1000.000000000000114 ) ;
#48 = EDGE_LOOP ( 'NONE', ( #7496, #281 ) ) ;
#49 = ORIENTED_EDGE ( 'NONE', *, *, #4374, .F. ) ;
#50 = VECTOR ( 'NONE', #6304, 1000.000000000000000 ) ;
#51 = VERTEX_POINT ( 'NONE', #4091 ) ;
#52 = CARTESIAN_POINT ( 'NONE',  ( 0.000000000000000000, -98.00000000000000000, 0.000000000000000000 ) ) ;
#53 = CARTESIAN_POINT ( 'NONE',  ( -6.999999999999994671, -105.0000000000000142, 38.00000000000000711 ) ) ;
#54 = AXIS2_PLACEMENT_3D ( 'NONE', #5885, #7390, #4031 ) ;
#55 = EDGE_CURVE ( 'NONE', #7910, #4612, #3386, .T. ) ;
#56 = AXIS2_PLACEMENT_3D ( 'NONE', #1791, #1658, #3655 ) ;
#57 = CARTESIAN_POINT ( 'NONE',  ( -36.50000000000001421, 7.000000000000000000, -34.50000000000000000 ) ) ;
#58 = DIRECTION ( 'NONE',  ( -1.000000000000000000, 0.000000000000000000, 1.850371707708594316E-16 ) ) ;
#59 = DIRECTION ( 'NONE',  ( -0.000000000000000000, -1.000000000000000000, -0.000000000000000000 ) ) ;
#60 = ORIENTED_EDGE ( 'NONE', *, *, #7590, .F. ) ;
#61 = PRESENTATION_STYLE_ASSIGNMENT (( #2051 ) ) ;
#62 = ORIENTED_EDGE ( 'NONE', *, *, #5219, .F. ) ;
#63 = DIRECTION ( 'NONE',  ( 0.000000000000000000, -1.000000000000000000, 0.000000000000000000 ) ) ;
#64 = AXIS2_PLACEMENT_3D ( 'NONE', #52, #3507, #1427 ) ;
#65 = VERTEX_POINT ( 'NONE', #1927 ) ;
#66 = CARTESIAN_POINT ( 'NONE',  ( -12.99999999999999467, -104.0000000000000142, 31.00000000000000000 ) ) ;
#67 = DIRECTION ( 'NONE',  ( -0.000000000000000000, 0.000000000000000000, 1.000000000000000000 ) ) ;
#68 = CARTESIAN_POINT ( 'NONE',  ( -34.00000000000000000, -4.000000000000000000, 41.50000000000001421 ) ) ;
#69 = CARTESIAN_POINT ( 'NONE',  ( -61.99999999999997158, -101.5358983848622927, -49.99999999999999289 ) ) ;
#70 = ADVANCED_FACE ( 'NONE', ( #5987 ), #2680, .T. ) ;
#71 = DIRECTION ( 'NONE',  ( -1.000000000000000000, 0.000000000000000000, 0.000000000000000000 ) ) ;
#72 = CARTESIAN_POINT ( 'NONE',  ( -64.99999999999997158, 7.000000000000000000, 47.00000000000000711 ) ) ;
#73 = VERTEX_POINT ( 'NONE', #3965 ) ;
#74 = DIRECTION ( 'NONE',  ( 0.000000000000000000, -1.000000000000000000, 0.000000000000000000 ) ) ;
#75 = VERTEX_POINT ( 'NONE', #5405 ) ;
#76 = ORIENTED_EDGE ( 'NONE', *, *, #1691, .T. ) ;
#77 = CARTESIAN_POINT ( 'NONE',  ( -51.99999999999997158, -84.99999999999998579, 46.99999999999998579 ) ) ;
#78 = CARTESIAN_POINT ( 'NONE',  ( -61.99999999999997158, -105.0000000000000142, 50.00000000000000711 ) ) ;
#79 = CARTESIAN_POINT ( 'NONE',  ( -38.50000000000000711, 0.000000000000000000, 35.00000000000002132 ) ) ;
#80 = ORIENTED_EDGE ( 'NONE', *, *, #8671, .T. ) ;
#81 = CARTESIAN_POINT ( 'NONE',  ( 62.00000000000002842, -85.10744349011216059, 45.33333333333327886 ) ) ;
#82 = LINE ( 'NONE', #3401, #3359 ) ;
#83 = VERTEX_POINT ( 'NONE', #1357 ) ;
#84 = DIRECTION ( 'NONE',  ( 1.000000000000000000, 0.000000000000000000, 0.000000000000000000 ) ) ;
#85 = ADVANCED_FACE ( 'NONE', ( #3431 ), #8139, .F. ) ;
#86 = CYLINDRICAL_SURFACE ( 'NONE', #459, 1.250000000000001110 ) ;
#87 = VECTOR ( 'NONE', #8509, 1000.000000000000000 ) ;
#88 = EDGE_CURVE ( 'NONE', #4150, #2215, #4627, .T. ) ;
#89 = ORIENTED_EDGE ( 'NONE', *, *, #2223, .T. ) ;
#90 = PLANE ( 'NONE',  #7315 ) ;
#91 = ADVANCED_FACE ( 'NONE', ( #6025, #6157 ), #6648, .T. ) ;
#92 = VERTEX_POINT ( 'NONE', #7317 ) ;
#93 = CIRCLE ( 'NONE', #3065, 7.500000000000000000 ) ;
#94 = EDGE_LOOP ( 'NONE', ( #5724, #6583, #2766, #3793 ) ) ;
#95 = EDGE_LOOP ( 'NONE', ( #402, #4074, #2479, #4713 ) ) ;
#96 = PLANE ( 'NONE',  #64 ) ;
#97 = FACE_OUTER_BOUND ( 'NONE', #7684, .T. ) ;
#98 = EDGE_CURVE ( 'NONE', #5663, #2098, #1274, .T. ) ;
#99 = DIRECTION ( 'NONE',  ( 0.000000000000000000, 0.000000000000000000, -1.000000000000000000 ) ) ;
#100 = DIRECTION ( 'NONE',  ( -0.000000000000000000, -1.000000000000000000, -0.000000000000000000 ) ) ;
#101 = DIRECTION ( 'NONE',  ( 1.476360405086644556E-16, 0.000000000000000000, -1.000000000000000000 ) ) ;
#102 = EDGE_CURVE ( 'NONE', #4765, #4502, #1318, .T. ) ;
#103 = ORIENTED_EDGE ( 'NONE', *, *, #3559, .T. ) ;
#104 = ORIENTED_EDGE ( 'NONE', *, *, #7620, .F. ) ;
#105 = EDGE_CURVE ( 'NONE', #3596, #7338, #3588, .T. ) ;
#106 = VECTOR ( 'NONE', #1549, 1000.000000000000000 ) ;
#107 = FACE_BOUND ( 'NONE', #4001, .T. ) ;
#108 = ORIENTED_EDGE ( 'NONE', *, *, #3185, .F. ) ;
#109 = DIRECTION ( 'NONE',  ( -6.938893903907247310E-15, 0.000000000000000000, -1.000000000000000000 ) ) ;
#110 = DIRECTION ( 'NONE',  ( 0.000000000000000000, 0.000000000000000000, -1.000000000000000000 ) ) ;
#111 = CARTESIAN_POINT ( 'NONE',  ( 49.00000000000000000, -83.50000000000000000, -21.99999999999997868 ) ) ;
#112 = VECTOR ( 'NONE', #8152, 1000.000000000000000 ) ;
#113 = CYLINDRICAL_SURFACE ( 'NONE', #1037, 4.000000000000010658 ) ;
#114 = AXIS2_PLACEMENT_3D ( 'NONE', #8547, #4501, #7230 ) ;
#115 = DIRECTION ( 'NONE',  ( 0.000000000000000000, 0.000000000000000000, 1.000000000000000000 ) ) ;
#116 = DIRECTION ( 'NONE',  ( -0.000000000000000000, 0.000000000000000000, -1.000000000000000000 ) ) ;
#117 = EDGE_LOOP ( 'NONE', ( #4045, #7863, #4968, #2155 ) ) ;
#118 = LINE ( 'NONE', #4188, #7471 ) ;
#119 = AXIS2_PLACEMENT_3D ( 'NONE', #1066, #7775, #7149 ) ;
#120 = EDGE_LOOP ( 'NONE', ( #7999, #2896, #2887, #948 ) ) ;
#121 = EDGE_LOOP ( 'NONE', ( #6620, #8188, #8500, #6405 ) ) ;
#122 = ADVANCED_FACE ( 'NONE', ( #8179 ), #6202, .F. ) ;
#123 = LINE ( 'NONE', #7499, #7513 ) ;
#124 = CARTESIAN_POINT ( 'NONE',  ( -39.70000000000000995, 0.000000000000000000, -39.00000000000000711 ) ) ;
#125 = CARTESIAN_POINT ( 'NONE',  ( 62.00000000000002842, -105.0000000000000142, -49.99999999999999289 ) ) ;
#126 = EDGE_CURVE ( 'NONE', #712, #8568, #2853, .T. ) ;
#127 = ORIENTED_EDGE ( 'NONE', *, *, #383, .T. ) ;
#128 = DIRECTION ( 'NONE',  ( 9.637352644315594010E-17, 0.000000000000000000, 1.000000000000000000 ) ) ;
#129 = LINE ( 'NONE', #39, #5468 ) ;
#130 = ORIENTED_EDGE ( 'NONE', *, *, #4894, .F. ) ;
#131 = CARTESIAN_POINT ( 'NONE',  ( -61.99999999999997158, -100.0000000000000000, 34.99999999999999289 ) ) ;
#132 = VECTOR ( 'NONE', #8512, 1000.000000000000000 ) ;
#133 = SURFACE_STYLE_USAGE ( .BOTH. , #3540 ) ;
#134 = CARTESIAN_POINT ( 'NONE',  ( 49.50000000000003553, -100.0000000000000000, -49.50000000000000711 ) ) ;
#135 = EDGE_CURVE ( 'NONE', #2993, #1271, #6996, .T. ) ;
#136 = AXIS2_PLACEMENT_3D ( 'NONE', #6766, #8169, #2755 ) ;
#137 = EDGE_LOOP ( 'NONE', ( #8225, #4945, #823, #704 ) ) ;
#138 = DIRECTION ( 'NONE',  ( 0.000000000000000000, 0.000000000000000000, -1.000000000000000000 ) ) ;
#139 = ORIENTED_EDGE ( 'NONE', *, *, #4220, .T. ) ;
#140 = VERTEX_POINT ( 'NONE', #6249 ) ;
#141 = DIRECTION ( 'NONE',  ( 0.000000000000000000, 1.000000000000000000, 0.000000000000000000 ) ) ;
#142 = EDGE_LOOP ( 'NONE', ( #7913, #3059, #6124, #2194, #6357, #8475, #6930, #2464, #4957, #3731, #5499, #6073, #5195, #7597, #651, #8306 ) ) ;
#143 = PLANE ( 'NONE',  #2328 ) ;
#144 = DIRECTION ( 'NONE',  ( -0.000000000000000000, -1.000000000000000000, -0.000000000000000000 ) ) ;
#145 = DIRECTION ( 'NONE',  ( 1.000000000000000000, 0.000000000000000000, 0.000000000000000000 ) ) ;
#146 = PLANE ( 'NONE',  #333 ) ;
#147 = ORIENTED_EDGE ( 'NONE', *, *, #4712, .F. ) ;
#148 = VERTEX_POINT ( 'NONE', #3698 ) ;
#149 = VERTEX_POINT ( 'NONE', #5539 ) ;
#150 = DIRECTION ( 'NONE',  ( -0.7071067811865524577, 0.000000000000000000, 0.7071067811865425767 ) ) ;
#151 = EDGE_CURVE ( 'NONE', #6019, #7677, #155, .T. ) ;
#152 = VERTEX_POINT ( 'NONE', #4270 ) ;
#153 = DIRECTION ( 'NONE',  ( 1.000000000000000000, 0.000000000000000000, -6.938893903907247310E-15 ) ) ;
#154 = PLANE ( 'NONE',  #4303 ) ;
#155 = LINE ( 'NONE', #3523, #5544 ) ;
#156 = AXIS2_PLACEMENT_3D ( 'NONE', #7898, #2339, #7730 ) ;
#157 = LINE ( 'NONE', #5584, #5960 ) ;
#158 = DIRECTION ( 'NONE',  ( 0.000000000000000000, 1.000000000000000000, 0.000000000000000000 ) ) ;
#159 = CARTESIAN_POINT ( 'NONE',  ( 42.30000000000000426, -81.50000000000000000, 50.00000000000000711 ) ) ;
#160 = ORIENTED_EDGE ( 'NONE', *, *, #8343, .F. ) ;
#161 = CARTESIAN_POINT ( 'NONE',  ( 43.29999999999999005, 5.000000000000000000, -43.00000000000000711 ) ) ;
#162 = EDGE_LOOP ( 'NONE', ( #3481, #3491, #5942, #1152 ) ) ;
#163 = EDGE_LOOP ( 'NONE', ( #7582, #8212 ) ) ;
#164 = LINE ( 'NONE', #8151, #2872 ) ;
#165 = ADVANCED_FACE ( 'NONE', ( #8230 ), #1577, .F. ) ;
#166 = CARTESIAN_POINT ( 'NONE',  ( 56.50000000000006395, -90.82322330470340432, -42.74999999999999289 ) ) ;
#167 = DIRECTION ( 'NONE',  ( 0.000000000000000000, 0.000000000000000000, 1.000000000000000000 ) ) ;
#168 = ORIENTED_EDGE ( 'NONE', *, *, #3137, .F. ) ;
#169 =( NAMED_UNIT ( * ) SI_UNIT ( $, .STERADIAN. ) SOLID_ANGLE_UNIT ( ) );
#170 = EDGE_CURVE ( 'NONE', #2104, #5212, #2189, .T. ) ;
#171 = EDGE_CURVE ( 'NONE', #1847, #649, #6957, .T. ) ;
#172 = VECTOR ( 'NONE', #943, 1000.000000000000000 ) ;
#173 = CARTESIAN_POINT ( 'NONE',  ( -61.99999999999997158, 7.000000000000000000, -46.99999999999999289 ) ) ;
#174 = ORIENTED_EDGE ( 'NONE', *, *, #3014, .T. ) ;
#175 = CARTESIAN_POINT ( 'NONE',  ( -12.99999999999999467, -125.8626460450250875, 31.00000000000000000 ) ) ;
#176 = LINE ( 'NONE', #6272, #632 ) ;
#177 = LINE ( 'NONE', #4339, #7076 ) ;
#178 = VECTOR ( 'NONE', #4585, 1000.000000000000000 ) ;
#179 = VECTOR ( 'NONE', #6917, 1000.000000000000114 ) ;
#180 = EDGE_LOOP ( 'NONE', ( #7615, #2416 ) ) ;
#181 = CIRCLE ( 'NONE', #5125, 1.750000000000001554 ) ;
#182 = CARTESIAN_POINT ( 'NONE',  ( -61.99999999999997158, 7.000000000000000000, 47.00000000000000711 ) ) ;
#183 = VECTOR ( 'NONE', #2952, 1000.000000000000000 ) ;
#184 = ORIENTED_EDGE ( 'NONE', *, *, #5219, .T. ) ;
#185 = VERTEX_POINT ( 'NONE', #204 ) ;
#186 = EDGE_CURVE ( 'NONE', #5196, #185, #8365, .T. ) ;
#187 = LINE ( 'NONE', #6940, #759 ) ;
#188 = EDGE_LOOP ( 'NONE', ( #3821, #8336, #6980, #871 ) ) ;
#189 = CARTESIAN_POINT ( 'NONE',  ( -61.99999999999997158, -105.0000000000000142, 47.00000000000000711 ) ) ;
#190 = VECTOR ( 'NONE', #874, 1000.000000000000227 ) ;
#191 = DIRECTION ( 'NONE',  ( 0.000000000000000000, 0.000000000000000000, 1.000000000000000000 ) ) ;
#192 = FACE_OUTER_BOUND ( 'NONE', #2935, .T. ) ;
#193 = VECTOR ( 'NONE', #5418, 1000.000000000000000 ) ;
#194 = CARTESIAN_POINT ( 'NONE',  ( -59.99999999999997868, -60.00000000000000000, 0.2000000000000057288 ) ) ;
#195 = ORIENTED_EDGE ( 'NONE', *, *, #6204, .T. ) ;
#196 = ORIENTED_EDGE ( 'NONE', *, *, #3909, .T. ) ;
#197 = ADVANCED_FACE ( 'NONE', ( #4183 ), #5020, .F. ) ;
#198 = EDGE_CURVE ( 'NONE', #649, #4675, #2026, .T. ) ;
#199 = FACE_BOUND ( 'NONE', #1524, .T. ) ;
#200 = ORIENTED_EDGE ( 'NONE', *, *, #1157, .T. ) ;
#201 = AXIS2_PLACEMENT_3D ( 'NONE', #4129, #5628, #6288 ) ;
#202 = FACE_OUTER_BOUND ( 'NONE', #4592, .T. ) ;
#203 = CARTESIAN_POINT ( 'NONE',  ( 6.999999999999969802, -98.99999999999998579, 50.00000000000000711 ) ) ;
#204 = CARTESIAN_POINT ( 'NONE',  ( 27.49999999999999645, 4.000000000000000000, 31.50000000000000711 ) ) ;
#205 = AXIS2_PLACEMENT_3D ( 'NONE', #2717, #2809, #3562 ) ;
#206 = CARTESIAN_POINT ( 'NONE',  ( -21.79999999999999716, -90.00000000000001421, 43.50000000000001421 ) ) ;
#207 = EDGE_CURVE ( 'NONE', #3834, #6802, #4361, .T. ) ;
#208 = CARTESIAN_POINT ( 'NONE',  ( -55.00000000000002132, -90.00000000000001421, 2.935685882422289997E-14 ) ) ;
#209 = ADVANCED_FACE ( 'NONE', ( #2139 ), #7578, .F. ) ;
#210 = FACE_OUTER_BOUND ( 'NONE', #1334, .T. ) ;
#211 = VERTEX_POINT ( 'NONE', #8272 ) ;
#212 = DIRECTION ( 'NONE',  ( 0.000000000000000000, 0.000000000000000000, -1.000000000000000000 ) ) ;
#213 = EDGE_CURVE ( 'NONE', #1788, #3911, #4007, .T. ) ;
#214 = VECTOR ( 'NONE', #8723, 1000.000000000000000 ) ;
#215 = ORIENTED_EDGE ( 'NONE', *, *, #253, .T. ) ;
#216 = VERTEX_POINT ( 'NONE', #3563 ) ;
#217 = EDGE_CURVE ( 'NONE', #6448, #7112, #2234, .T. ) ;
#218 = CARTESIAN_POINT ( 'NONE',  ( 52.00000000000002132, -84.99999999999998579, 47.00000000000000000 ) ) ;
#219 = DIRECTION ( 'NONE',  ( 0.000000000000000000, 0.000000000000000000, -1.000000000000000000 ) ) ;
#220 = DIRECTION ( 'NONE',  ( 0.000000000000000000, 0.000000000000000000, -1.000000000000000000 ) ) ;
#221 = ORIENTED_EDGE ( 'NONE', *, *, #6083, .F. ) ;
#222 = CARTESIAN_POINT ( 'NONE',  ( -8.626407040611047148E-15, -97.00000000000001421, 48.00000000000000711 ) ) ;
#223 = PRESENTATION_LAYER_ASSIGNMENT (  '', '', ( #3315 ) ) ;
#224 = CARTESIAN_POINT ( 'NONE',  ( -6.999999999999992006, -100.0000000000000000, 50.00000000000000711 ) ) ;
#225 = ORIENTED_EDGE ( 'NONE', *, *, #668, .F. ) ;
#226 = LINE ( 'NONE', #131, #6637 ) ;
#227 = EDGE_CURVE ( 'NONE', #3279, #3336, #921, .T. ) ;
#228 = EDGE_CURVE ( 'NONE', #257, #560, #1620, .T. ) ;
#229 = DIRECTION ( 'NONE',  ( 0.000000000000000000, 1.000000000000000000, 0.000000000000000000 ) ) ;
#230 = DIRECTION ( 'NONE',  ( 0.000000000000000000, -1.000000000000000000, 0.000000000000000000 ) ) ;
#231 = ORIENTED_EDGE ( 'NONE', *, *, #8586, .F. ) ;
#232 = CARTESIAN_POINT ( 'NONE',  ( -58.99999999999994316, -100.0000000000000000, -44.00000000000012790 ) ) ;
#233 = VERTEX_POINT ( 'NONE', #5889 ) ;
#234 = ORIENTED_EDGE ( 'NONE', *, *, #1957, .T. ) ;
#235 = AXIS2_PLACEMENT_3D ( 'NONE', #4575, #5976, #6056 ) ;
#236 = LINE ( 'NONE', #2217, #4423 ) ;
#237 = EDGE_CURVE ( 'NONE', #6199, #6314, #7840, .T. ) ;
#238 = ORIENTED_EDGE ( 'NONE', *, *, #6575, .F. ) ;
#239 = FACE_OUTER_BOUND ( 'NONE', #6911, .T. ) ;
#240 = AXIS2_PLACEMENT_3D ( 'NONE', #3871, #1088, #1177 ) ;
#241 = LINE ( 'NONE', #6902, #2353 ) ;
#242 = DIRECTION ( 'NONE',  ( 0.000000000000000000, -1.000000000000000000, 0.000000000000000000 ) ) ;
#243 = DIRECTION ( 'NONE',  ( 0.000000000000000000, 0.000000000000000000, -1.000000000000000000 ) ) ;
#244 = ORIENTED_EDGE ( 'NONE', *, *, #939, .T. ) ;
#245 = ORIENTED_EDGE ( 'NONE', *, *, #5893, .T. ) ;
#246 = LINE ( 'NONE', #1527, #8372 ) ;
#247 = ORIENTED_EDGE ( 'NONE', *, *, #2817, .F. ) ;
#248 = FACE_OUTER_BOUND ( 'NONE', #117, .T. ) ;
#249 = DIRECTION ( 'NONE',  ( 0.000000000000000000, 0.000000000000000000, 1.000000000000000000 ) ) ;
#250 = DIRECTION ( 'NONE',  ( -0.000000000000000000, 0.000000000000000000, 1.000000000000000000 ) ) ;
#251 = CARTESIAN_POINT ( 'NONE',  ( -64.99999999999997158, -101.5358983848622927, -46.99999999999999289 ) ) ;
#252 = FACE_OUTER_BOUND ( 'NONE', #2773, .T. ) ;
#253 = EDGE_CURVE ( 'NONE', #867, #2394, #4207, .T. ) ;
#254 = DIRECTION ( 'NONE',  ( 0.000000000000000000, 1.000000000000000000, 0.000000000000000000 ) ) ;
#255 = ORIENTED_EDGE ( 'NONE', *, *, #1997, .T. ) ;
#256 = DIRECTION ( 'NONE',  ( 0.000000000000000000, -1.000000000000000000, 0.000000000000000000 ) ) ;
#257 = VERTEX_POINT ( 'NONE', #1042 ) ;
#258 = ORIENTED_EDGE ( 'NONE', *, *, #1364, .F. ) ;
#259 = VECTOR ( 'NONE', #3570, 1000.000000000000000 ) ;
#260 = DIRECTION ( 'NONE',  ( -0.000000000000000000, -1.000000000000000000, -0.000000000000000000 ) ) ;
#261 = CARTESIAN_POINT ( 'NONE',  ( 27.49999999999999645, 5.999999999999985789, 31.50000000000000711 ) ) ;
#262 = CARTESIAN_POINT ( 'NONE',  ( -61.99999999999997158, -86.05025253169436894, 43.99999999999998579 ) ) ;
#263 = EDGE_CURVE ( 'NONE', #7333, #6759, #3082, .T. ) ;
#264 = VERTEX_POINT ( 'NONE', #4572 ) ;
#265 = PLANE ( 'NONE',  #4138 ) ;
#266 = AXIS2_PLACEMENT_3D ( 'NONE', #847, #3630, #6307 ) ;
#267 = ADVANCED_FACE ( 'NONE', ( #5799 ), #1834, .F. ) ;
#268 = AXIS2_PLACEMENT_3D ( 'NONE', #5728, #7053, #3797 ) ;
#269 = LINE ( 'NONE', #2959, #3651 ) ;
#270 = VERTEX_POINT ( 'NONE', #7082 ) ;
#271 = FACE_OUTER_BOUND ( 'NONE', #3057, .T. ) ;
#272 = CYLINDRICAL_SURFACE ( 'NONE', #8299, 1.249999999999997558 ) ;
#273 = CARTESIAN_POINT ( 'NONE',  ( -16.50000000000001421, 0.000000000000000000, 33.25000000000002842 ) ) ;
#274 = AXIS2_PLACEMENT_3D ( 'NONE', #7780, #501, #368 ) ;
#275 = EDGE_CURVE ( 'NONE', #6630, #562, #3074, .T. ) ;
#276 = ADVANCED_FACE ( 'NONE', ( #515, #3201, #5101 ), #5717, .T. ) ;
#277 = CIRCLE ( 'NONE', #3946, 1.250000000000001110 ) ;
#278 = ORIENTED_EDGE ( 'NONE', *, *, #8027, .T. ) ;
#279 = DIRECTION ( 'NONE',  ( 0.000000000000000000, -1.000000000000000000, 0.000000000000000000 ) ) ;
#280 = EDGE_LOOP ( 'NONE', ( #4922, #6872, #7542, #2181 ) ) ;
#281 = ORIENTED_EDGE ( 'NONE', *, *, #2494, .T. ) ;
#282 = EDGE_CURVE ( 'NONE', #7970, #6603, #8407, .T. ) ;
#283 = PLANE ( 'NONE',  #477 ) ;
#284 = EDGE_LOOP ( 'NONE', ( #5569, #4311, #3487, #6161 ) ) ;
#285 = DIRECTION ( 'NONE',  ( 0.000000000000000000, 0.000000000000000000, -1.000000000000000000 ) ) ;
#286 = LINE ( 'NONE', #2553, #6597 ) ;
#287 = EDGE_CURVE ( 'NONE', #3271, #5371, #7316, .T. ) ;
#288 = EDGE_CURVE ( 'NONE', #3557, #6002, #6454, .T. ) ;
#289 = DIRECTION ( 'NONE',  ( 0.5465658520092963046, 0.000000000000000000, 0.8374161267956046206 ) ) ;
#290 = EDGE_CURVE ( 'NONE', #7249, #8394, #1528, .T. ) ;
#291 = FACE_OUTER_BOUND ( 'NONE', #7092, .T. ) ;
#292 = ORIENTED_EDGE ( 'NONE', *, *, #3415, .T. ) ;
#293 = LINE ( 'NONE', #2314, #6822 ) ;
#294 = EDGE_LOOP ( 'NONE', ( #4145, #3152 ) ) ;
#295 = CARTESIAN_POINT ( 'NONE',  ( -6.999999999999992006, -77.50000000000004263, 12.49999999999991829 ) ) ;
#296 = LINE ( 'NONE', #3115, #4160 ) ;
#297 = DIRECTION ( 'NONE',  ( -1.000000000000000000, 0.000000000000000000, -0.000000000000000000 ) ) ;
#298 = CARTESIAN_POINT ( 'NONE',  ( -55.99999999999996447, 0.000000000000000000, -31.19999999999999574 ) ) ;
#299 = CARTESIAN_POINT ( 'NONE',  ( -21.79999999999999716, -100.0000000000000000, 42.50000000000000711 ) ) ;
#300 = DIRECTION ( 'NONE',  ( -1.000000000000000000, 0.000000000000000000, 0.000000000000000000 ) ) ;
#301 = ORIENTED_EDGE ( 'NONE', *, *, #763, .F. ) ;
#302 = CARTESIAN_POINT ( 'NONE',  ( -39.99999999999997158, -105.0000000000000142, 46.00000000000001421 ) ) ;
#303 = ORIENTED_EDGE ( 'NONE', *, *, #4881, .F. ) ;
#304 = EDGE_LOOP ( 'NONE', ( #7967, #1542, #5704, #8524, #8545 ) ) ;
#305 = DIRECTION ( 'NONE',  ( -0.000000000000000000, -1.000000000000000000, -0.000000000000000000 ) ) ;
#306 = AXIS2_PLACEMENT_3D ( 'NONE', #4069, #1986, #6621 ) ;
#307 = CARTESIAN_POINT ( 'NONE',  ( 47.29999999999998295, 0.000000000000000000, 25.99999999999999645 ) ) ;
#308 = CARTESIAN_POINT ( 'NONE',  ( 5.000000000000003553, -90.00000000000001421, 48.00000000000000711 ) ) ;
#309 = EDGE_LOOP ( 'NONE', ( #3396, #7767, #7543, #8160 ) ) ;
#310 = DIRECTION ( 'NONE',  ( 0.000000000000000000, -1.000000000000000000, 0.000000000000000000 ) ) ;
#311 = CARTESIAN_POINT ( 'NONE',  ( -39.99999999999997158, -103.0000000000000142, 46.00000000000001421 ) ) ;
#312 = DIRECTION ( 'NONE',  ( 9.637352644315594010E-17, 0.000000000000000000, -1.000000000000000000 ) ) ;
#313 = ORIENTED_EDGE ( 'NONE', *, *, #1490, .F. ) ;
#314 = FACE_OUTER_BOUND ( 'NONE', #8214, .T. ) ;
#315 = DIRECTION ( 'NONE',  ( 0.000000000000000000, 0.000000000000000000, 1.000000000000000000 ) ) ;
#316 = DIRECTION ( 'NONE',  ( 5.551115123125777772E-16, 0.000000000000000000, -1.000000000000000000 ) ) ;
#317 = AXIS2_PLACEMENT_3D ( 'NONE', #5047, #506, #5217 ) ;
#318 = VERTEX_POINT ( 'NONE', #7917 ) ;
#319 = EDGE_CURVE ( 'NONE', #1496, #2125, #7259, .T. ) ;
#320 = CARTESIAN_POINT ( 'NONE',  ( 49.00000000000000711, -100.0000000000000000, 45.00000000000004263 ) ) ;
#321 = VERTEX_POINT ( 'NONE', #3826 ) ;
#322 = ORIENTED_EDGE ( 'NONE', *, *, #8572, .T. ) ;
#323 = VECTOR ( 'NONE', #6688, 999.9999999999998863 ) ;
#324 = DIRECTION ( 'NONE',  ( 0.000000000000000000, 0.000000000000000000, 1.000000000000000000 ) ) ;
#325 = EDGE_CURVE ( 'NONE', #4058, #6907, #2406, .T. ) ;
#326 = ORIENTED_EDGE ( 'NONE', *, *, #1420, .F. ) ;
#327 = VECTOR ( 'NONE', #8234, 1000.000000000000000 ) ;
#328 = LINE ( 'NONE', #7200, #783 ) ;
#329 = VECTOR ( 'NONE', #3705, 1000.000000000000000 ) ;
#330 = DIRECTION ( 'NONE',  ( -0.000000000000000000, 1.000000000000000000, -0.000000000000000000 ) ) ;
#331 = LINE ( 'NONE', #2841, #1556 ) ;
#332 = CARTESIAN_POINT ( 'NONE',  ( 31.30000000000000782, -83.50000000000000000, 47.99999999999997868 ) ) ;
#333 = AXIS2_PLACEMENT_3D ( 'NONE', #4125, #8313, #5484 ) ;
#334 = ORIENTED_EDGE ( 'NONE', *, *, #5816, .T. ) ;
#335 = VECTOR ( 'NONE', #310, 1000.000000000000000 ) ;
#336 = CARTESIAN_POINT ( 'NONE',  ( -39.99999999999997158, -90.00000000000001421, 50.00000000000001421 ) ) ;
#337 = AXIS2_PLACEMENT_3D ( 'NONE', #3816, #3771, #455 ) ;
#338 = ORIENTED_EDGE ( 'NONE', *, *, #6794, .F. ) ;
#339 = CARTESIAN_POINT ( 'NONE',  ( 49.00000000000000711, -100.0000000000000000, 41.00000000000002842 ) ) ;
#340 = FACE_OUTER_BOUND ( 'NONE', #8173, .T. ) ;
#341 = EDGE_CURVE ( 'NONE', #1382, #7402, #6592, .T. ) ;
#342 = CARTESIAN_POINT ( 'NONE',  ( -61.99999999999997158, -101.5358983848622927, -49.99999999999999289 ) ) ;
#343 = CARTESIAN_POINT ( 'NONE',  ( -61.99999999999997158, -84.99999999999998579, 37.00000000000009948 ) ) ;
#344 = DIRECTION ( 'NONE',  ( -0.000000000000000000, -0.000000000000000000, -1.000000000000000000 ) ) ;
#345 = CARTESIAN_POINT ( 'NONE',  ( -8.626407040611047148E-15, -97.00000000000001421, 50.00000000000002132 ) ) ;
#346 = ORIENTED_EDGE ( 'NONE', *, *, #4567, .T. ) ;
#347 = VERTEX_POINT ( 'NONE', #1084 ) ;
#348 = CIRCLE ( 'NONE', #7246, 1.000000000000000888 ) ;
#349 = CARTESIAN_POINT ( 'NONE',  ( 36.49999999999998579, 6.000000000000000000, 15.49999999999997868 ) ) ;
#350 = CIRCLE ( 'NONE', #6967, 1.750000000000001554 ) ;
#351 = ORIENTED_EDGE ( 'NONE', *, *, #7161, .T. ) ;
#352 = DIRECTION ( 'NONE',  ( 0.000000000000000000, 1.000000000000000000, 0.000000000000000000 ) ) ;
#353 = FACE_OUTER_BOUND ( 'NONE', #1841, .T. ) ;
#354 = EDGE_CURVE ( 'NONE', #1497, #4199, #3782, .T. ) ;
#355 = VERTEX_POINT ( 'NONE', #467 ) ;
#356 = DIRECTION ( 'NONE',  ( 0.000000000000000000, -1.000000000000000000, 0.000000000000000000 ) ) ;
#357 = VECTOR ( 'NONE', #1787, 1000.000000000000000 ) ;
#358 = AXIS2_PLACEMENT_3D ( 'NONE', #3522, #786, #110 ) ;
#359 = CARTESIAN_POINT ( 'NONE',  ( -52.00000000000004263, -100.0000000000000000, -47.00000000000000000 ) ) ;
#360 = DIRECTION ( 'NONE',  ( -0.000000000000000000, -1.000000000000000000, 0.000000000000000000 ) ) ;
#361 = ORIENTED_EDGE ( 'NONE', *, *, #2298, .T. ) ;
#362 = DIRECTION ( 'NONE',  ( -0.000000000000000000, 1.000000000000000000, -0.000000000000000000 ) ) ;
#363 = DIRECTION ( 'NONE',  ( -0.000000000000000000, 1.000000000000000000, -0.000000000000000000 ) ) ;
#364 = CARTESIAN_POINT ( 'NONE',  ( -9.299999999999995381, -90.00000000000001421, 42.50000000000000711 ) ) ;
#365 = AXIS2_PLACEMENT_3D ( 'NONE', #6282, #3685, #3895 ) ;
#366 = VERTEX_POINT ( 'NONE', #4398 ) ;
#367 = ADVANCED_FACE ( 'NONE', ( #6463 ), #2492, .T. ) ;
#368 = DIRECTION ( 'NONE',  ( -1.000000000000000000, 0.000000000000000000, 0.000000000000000000 ) ) ;
#369 = ORIENTED_EDGE ( 'NONE', *, *, #7916, .T. ) ;
#370 = ORIENTED_EDGE ( 'NONE', *, *, #555, .T. ) ;
#371 = CARTESIAN_POINT ( 'NONE',  ( 31.30000000000000782, -105.0000000000000142, 45.00000000000003553 ) ) ;
#372 = ORIENTED_EDGE ( 'NONE', *, *, #6934, .T. ) ;
#373 = EDGE_CURVE ( 'NONE', #1497, #2346, #8612, .T. ) ;
#374 = EDGE_CURVE ( 'NONE', #3623, #6440, #4699, .T. ) ;
#375 = FACE_OUTER_BOUND ( 'NONE', #4196, .T. ) ;
#376 = CARTESIAN_POINT ( 'NONE',  ( -36.99999999999999289, -100.0000000000000000, 32.00000000000001421 ) ) ;
#377 = VERTEX_POINT ( 'NONE', #5435 ) ;
#378 = CARTESIAN_POINT ( 'NONE',  ( -61.99999999999997158, -81.10744349011216059, 50.99018758282598185 ) ) ;
#379 = ORIENTED_EDGE ( 'NONE', *, *, #6540, .T. ) ;
#380 = PLANE ( 'NONE',  #4558 ) ;
#381 = LINE ( 'NONE', #8449, #7687 ) ;
#382 = DIRECTION ( 'NONE',  ( 0.000000000000000000, -1.000000000000000000, 0.000000000000000000 ) ) ;
#383 = EDGE_CURVE ( 'NONE', #7060, #687, #2938, .T. ) ;
#384 = DIRECTION ( 'NONE',  ( 0.000000000000000000, -0.000000000000000000, 1.000000000000000000 ) ) ;
#385 = CIRCLE ( 'NONE', #1367, 1.250000000000007994 ) ;
#386 =( BOUNDED_CURVE ( )  B_SPLINE_CURVE ( 3, ( #757, #2785, #7949, #1906 ),
 .UNSPECIFIED., .F., .T. ) 
 B_SPLINE_CURVE_WITH_KNOTS ( ( 4, 4 ),
 ( 2.356194490192342172, 3.926990816987239619 ),
 .UNSPECIFIED. ) 
 CURVE ( )  GEOMETRIC_REPRESENTATION_ITEM ( )  RATIONAL_B_SPLINE_CURVE ( ( 1.000000000000000000, 0.8047378541243648264, 0.8047378541243648264, 1.000000000000000000 ) ) 
 REPRESENTATION_ITEM ( '' )  );
#387 = EDGE_CURVE ( 'NONE', #1594, #1606, #4168, .T. ) ;
#388 = CYLINDRICAL_SURFACE ( 'NONE', #4472, 1.000000000000000888 ) ;
#389 = LINE ( 'NONE', #5066, #6942 ) ;
#390 = EDGE_CURVE ( 'NONE', #51, #6363, #5292, .T. ) ;
#391 = DIRECTION ( 'NONE',  ( 0.000000000000000000, -0.000000000000000000, -1.000000000000000000 ) ) ;
#392 = ORIENTED_EDGE ( 'NONE', *, *, #1443, .F. ) ;
#393 = ORIENTED_EDGE ( 'NONE', *, *, #557, .F. ) ;
#394 = LINE ( 'NONE', #2371, #5393 ) ;
#395 = EDGE_LOOP ( 'NONE', ( #5665, #4315, #4223, #3239 ) ) ;
#396 = FACE_OUTER_BOUND ( 'NONE', #8677, .T. ) ;
#397 = DIRECTION ( 'NONE',  ( 0.000000000000000000, 0.000000000000000000, -1.000000000000000000 ) ) ;
#398 = VERTEX_POINT ( 'NONE', #6674 ) ;
#399 = CARTESIAN_POINT ( 'NONE',  ( 7.170190367370793454E-16, 6.000000000000000000, 15.49999999999998046 ) ) ;
#400 = LINE ( 'NONE', #440, #87 ) ;
#401 = CYLINDRICAL_SURFACE ( 'NONE', #688, 3.000000000000002665 ) ;
#402 = ORIENTED_EDGE ( 'NONE', *, *, #6204, .F. ) ;
#403 = CIRCLE ( 'NONE', #3784, 1.750000000000005107 ) ;
#404 = DIRECTION ( 'NONE',  ( 0.000000000000000000, 0.000000000000000000, 1.000000000000000000 ) ) ;
#405 = EDGE_CURVE ( 'NONE', #4112, #366, #1303, .T. ) ;
#406 = LINE ( 'NONE', #2513, #1816 ) ;
#407 = FACE_OUTER_BOUND ( 'NONE', #521, .T. ) ;
#408 = AXIS2_PLACEMENT_3D ( 'NONE', #8575, #3164, #1174 ) ;
#409 = CIRCLE ( 'NONE', #5054, 4.000000000000003553 ) ;
#410 = ORIENTED_EDGE ( 'NONE', *, *, #829, .T. ) ;
#411 = DIRECTION ( 'NONE',  ( -0.000000000000000000, -1.000000000000000000, -0.000000000000000000 ) ) ;
#412 = EDGE_LOOP ( 'NONE', ( #1408, #3962, #4221, #8291 ) ) ;
#413 = VERTEX_POINT ( 'NONE', #723 ) ;
#414 = AXIS2_PLACEMENT_3D ( 'NONE', #6310, #4247, #7732 ) ;
#415 = DIRECTION ( 'NONE',  ( 0.000000000000000000, -1.000000000000000000, 0.000000000000000000 ) ) ;
#416 = AXIS2_PLACEMENT_3D ( 'NONE', #2653, #2744, #1642 ) ;
#417 = ORIENTED_EDGE ( 'NONE', *, *, #4066, .T. ) ;
#418 = ADVANCED_FACE ( 'NONE', ( #2572, #642, #2661, #7393, #1916, #1262, #3954, #6636 ), #6719, .T. ) ;
#419 = PLANE ( 'NONE',  #6527 ) ;
#420 = ORIENTED_EDGE ( 'NONE', *, *, #1392, .T. ) ;
#421 = CARTESIAN_POINT ( 'NONE',  ( -61.99999999999997158, -60.00000000000000000, 0.2000000000000057288 ) ) ;
#422 = ORIENTED_EDGE ( 'NONE', *, *, #2566, .F. ) ;
#423 = CARTESIAN_POINT ( 'NONE',  ( 0.000000000000000000, -100.0000000000000000, 38.00000000000000711 ) ) ;
#424 = CARTESIAN_POINT ( 'NONE',  ( 31.30000000000000782, -103.0000000000000142, 45.00000000000003553 ) ) ;
#425 = CARTESIAN_POINT ( 'NONE',  ( 47.29999999999999005, -4.000000000000000000, -47.00000000000000000 ) ) ;
#426 = DIRECTION ( 'NONE',  ( 1.000000000000000000, 0.000000000000000000, 0.000000000000000000 ) ) ;
#427 = LINE ( 'NONE', #4484, #4888 ) ;
#428 = DIRECTION ( 'NONE',  ( -1.000000000000000000, -0.000000000000000000, -0.000000000000000000 ) ) ;
#429 = AXIS2_PLACEMENT_3D ( 'NONE', #8121, #2789, #3273 ) ;
#430 = DIRECTION ( 'NONE',  ( 0.000000000000000000, 0.000000000000000000, -1.000000000000000000 ) ) ;
#431 = EDGE_CURVE ( 'NONE', #6289, #73, #789, .T. ) ;
#432 = EDGE_LOOP ( 'NONE', ( #49, #7158, #195, #3722, #3161, #3208, #6460, #2248 ) ) ;
#433 = ORIENTED_EDGE ( 'NONE', *, *, #4785, .T. ) ;
#434 = LINE ( 'NONE', #5071, #3009 ) ;
#435 = ORIENTED_EDGE ( 'NONE', *, *, #8553, .F. ) ;
#436 = DIRECTION ( 'NONE',  ( 0.000000000000000000, 0.000000000000000000, -1.000000000000000000 ) ) ;
#437 = DIRECTION ( 'NONE',  ( -1.000000000000000000, 0.000000000000000000, -0.000000000000000000 ) ) ;
#438 = ORIENTED_EDGE ( 'NONE', *, *, #1889, .T. ) ;
#439 = DIRECTION ( 'NONE',  ( -4.625929269271485791E-17, 0.000000000000000000, -1.000000000000000000 ) ) ;
#440 = CARTESIAN_POINT ( 'NONE',  ( -57.99999999999997158, -60.00000000000000000, 1.200000000000002176 ) ) ;
#441 = CARTESIAN_POINT ( 'NONE',  ( -52.00000000000000711, -90.00000000000001421, 29.00000000000001066 ) ) ;
#442 = VERTEX_POINT ( 'NONE', #594 ) ;
#443 = DIRECTION ( 'NONE',  ( 0.000000000000000000, -1.000000000000000000, 0.000000000000000000 ) ) ;
#444 = ORIENTED_EDGE ( 'NONE', *, *, #1929, .T. ) ;
#445 = EDGE_CURVE ( 'NONE', #2231, #73, #6054, .T. ) ;
#446 = FACE_OUTER_BOUND ( 'NONE', #1959, .T. ) ;
#447 = DIRECTION ( 'NONE',  ( -0.000000000000000000, -1.000000000000000000, -0.000000000000000000 ) ) ;
#448 = EDGE_CURVE ( 'NONE', #826, #6817, #8658, .T. ) ;
#449 = EDGE_CURVE ( 'NONE', #8345, #8038, #2752, .T. ) ;
#450 = AXIS2_PLACEMENT_3D ( 'NONE', #7505, #2207, #2161 ) ;
#451 = ORIENTED_EDGE ( 'NONE', *, *, #5183, .F. ) ;
#452 = CARTESIAN_POINT ( 'NONE',  ( -48.99999999999997158, -105.0000000000000142, 38.00000000000001421 ) ) ;
#453 = ORIENTED_EDGE ( 'NONE', *, *, #3317, .T. ) ;
#454 = EDGE_LOOP ( 'NONE', ( #5164, #4719, #8303, #8031 ) ) ;
#455 = DIRECTION ( 'NONE',  ( -0.7071067811865474617, 0.000000000000000000, 0.7071067811865474617 ) ) ;
#456 = ORIENTED_EDGE ( 'NONE', *, *, #6734, .F. ) ;
#457 = VECTOR ( 'NONE', #1793, 1000.000000000000000 ) ;
#458 = LINE ( 'NONE', #5220, #5388 ) ;
#459 = AXIS2_PLACEMENT_3D ( 'NONE', #2786, #495, #3141 ) ;
#460 = EDGE_CURVE ( 'NONE', #7226, #6513, #5121, .T. ) ;
#461 = ORIENTED_EDGE ( 'NONE', *, *, #7986, .F. ) ;
#462 = VECTOR ( 'NONE', #3916, 1000.000000000000000 ) ;
#463 = DIRECTION ( 'NONE',  ( -0.000000000000000000, -1.000000000000000000, -0.000000000000000000 ) ) ;
#464 = VERTEX_POINT ( 'NONE', #2617 ) ;
#465 = DIRECTION ( 'NONE',  ( 0.000000000000000000, 0.000000000000000000, 1.000000000000000000 ) ) ;
#466 = CARTESIAN_POINT ( 'NONE',  ( -27.50000000000000355, 5.999999999999971578, 29.00000000000001776 ) ) ;
#467 = CARTESIAN_POINT ( 'NONE',  ( -51.99999999999997158, -91.00000000000004263, 46.99999999999998579 ) ) ;
#468 = VECTOR ( 'NONE', #2360, 1000.000000000000000 ) ;
#469 = CARTESIAN_POINT ( 'NONE',  ( -48.99999999999997158, -105.0000000000000142, 38.00000000000001421 ) ) ;
#470 = AXIS2_PLACEMENT_3D ( 'NONE', #6989, #2312, #2842 ) ;
#471 = FACE_BOUND ( 'NONE', #490, .T. ) ;
#472 = AXIS2_PLACEMENT_3D ( 'NONE', #8483, #1784, #6455 ) ;
#473 = DIRECTION ( 'NONE',  ( 0.000000000000000000, -0.5000000000000015543, -0.8660254037844378194 ) ) ;
#474 = VECTOR ( 'NONE', #6517, 999.9999999999998863 ) ;
#475 = CARTESIAN_POINT ( 'NONE',  ( -61.99999999999997158, -60.00000000000000000, 13.20000000000006857 ) ) ;
#476 = EDGE_CURVE ( 'NONE', #8458, #618, #6679, .T. ) ;
#477 = AXIS2_PLACEMENT_3D ( 'NONE', #3643, #8348, #1562 ) ;
#478 = ORIENTED_EDGE ( 'NONE', *, *, #4631, .F. ) ;
#479 = EDGE_LOOP ( 'NONE', ( #4470, #6429, #7647, #1006 ) ) ;
#480 = CYLINDRICAL_SURFACE ( 'NONE', #4993, 1.750000000000001554 ) ;
#481 = ORIENTED_EDGE ( 'NONE', *, *, #7498, .F. ) ;
#482 = CARTESIAN_POINT ( 'NONE',  ( -39.99999999999990763, 2.775557561562885671E-14, 48.00000000000000711 ) ) ;
#483 = DIRECTION ( 'NONE',  ( -0.000000000000000000, -1.000000000000000000, -0.000000000000000000 ) ) ;
#484 = ADVANCED_FACE ( 'NONE', ( #5310 ), #8002, .F. ) ;
#485 = ORIENTED_EDGE ( 'NONE', *, *, #4244, .T. ) ;
#486 = CARTESIAN_POINT ( 'NONE',  ( 19.00000000000000711, -83.50000000000000000, 42.25000000000002842 ) ) ;
#487 = EDGE_CURVE ( 'NONE', #3393, #5805, #554, .T. ) ;
#488 = EDGE_CURVE ( 'NONE', #1571, #1015, #7343, .T. ) ;
#489 = CARTESIAN_POINT ( 'NONE',  ( 62.00000000000002842, -86.05025253169419841, 44.00000000000000711 ) ) ;
#490 = EDGE_LOOP ( 'NONE', ( #3087, #4842 ) ) ;
#491 = DIRECTION ( 'NONE',  ( 0.000000000000000000, 0.000000000000000000, -1.000000000000000000 ) ) ;
#492 = AXIS2_PLACEMENT_3D ( 'NONE', #1369, #7982, #6747 ) ;
#493 = ORIENTED_EDGE ( 'NONE', *, *, #8292, .F. ) ;
#494 = SURFACE_STYLE_USAGE ( .BOTH. , #3221 ) ;
#495 = DIRECTION ( 'NONE',  ( -0.000000000000000000, 1.000000000000000000, -0.000000000000000000 ) ) ;
#497 = AXIS2_PLACEMENT_3D ( 'NONE', #4665, #5362, #3382 ) ;
#496 = DIRECTION ( 'NONE',  ( -0.000000000000000000, 1.000000000000000000, 0.000000000000000000 ) ) ;
#498 = VECTOR ( 'NONE', #8229, 1000.000000000000114 ) ;
#499 = EDGE_CURVE ( 'NONE', #509, #4729, #4819, .T. ) ;
#500 = EDGE_LOOP ( 'NONE', ( #7515, #1119, #5411, #4854 ) ) ;
#501 = DIRECTION ( 'NONE',  ( -0.000000000000000000, -0.7071067811865524577, -0.7071067811865425767 ) ) ;
#502 = ORIENTED_EDGE ( 'NONE', *, *, #8480, .F. ) ;
#503 = ADVANCED_FACE ( 'NONE', ( #97 ), #772, .F. ) ;
#504 = ORIENTED_EDGE ( 'NONE', *, *, #4059, .T. ) ;
#505 = VECTOR ( 'NONE', #8531, 1000.000000000000000 ) ;
#506 = DIRECTION ( 'NONE',  ( 0.000000000000000000, -1.000000000000000000, 0.000000000000000000 ) ) ;
#507 = ORIENTED_EDGE ( 'NONE', *, *, #5503, .F. ) ;
#508 = FACE_OUTER_BOUND ( 'NONE', #1936, .T. ) ;
#509 = VERTEX_POINT ( 'NONE', #7521 ) ;
#510 = EDGE_CURVE ( 'NONE', #148, #5093, #6812, .T. ) ;
#511 = DIRECTION ( 'NONE',  ( 0.000000000000000000, 0.000000000000000000, 1.000000000000000000 ) ) ;
#512 = ORIENTED_EDGE ( 'NONE', *, *, #932, .T. ) ;
#513 = CARTESIAN_POINT ( 'NONE',  ( -61.99999999999997158, -100.0000000000000000, 43.99999999999998579 ) ) ;
#514 = DIRECTION ( 'NONE',  ( -0.000000000000000000, -1.000000000000000000, -0.000000000000000000 ) ) ;
#515 = FACE_BOUND ( 'NONE', #2285, .T. ) ;
#516 = DIRECTION ( 'NONE',  ( 0.000000000000000000, -1.000000000000000000, 0.000000000000000000 ) ) ;
#517 = DIRECTION ( 'NONE',  ( 0.8164965809277291431, 0.5773502691896212902, 4.569018667710093586E-17 ) ) ;
#518 = EDGE_LOOP ( 'NONE', ( #8211, #2556, #2994, #4234 ) ) ;
#519 = CARTESIAN_POINT ( 'NONE',  ( 44.89473684210525306, -100.4052631578947796, 40.46671283671682318 ) ) ;
#520 = EDGE_LOOP ( 'NONE', ( #5677, #1079, #2833, #5176, #1216, #6863, #6043, #6579 ) ) ;
#521 = EDGE_LOOP ( 'NONE', ( #7876, #1050, #4062, #5223 ) ) ;
#522 = CYLINDRICAL_SURFACE ( 'NONE', #497, 3.000000000000002665 ) ;
#523 = ORIENTED_EDGE ( 'NONE', *, *, #2602, .T. ) ;
#524 = AXIS2_PLACEMENT_3D ( 'NONE', #975, #7014, #7727 ) ;
#525 = DIRECTION ( 'NONE',  ( 0.7071067811865485719, 0.000000000000000000, -0.7071067811865465735 ) ) ;
#526 = LINE ( 'NONE', #8585, #8383 ) ;
#527 = ORIENTED_EDGE ( 'NONE', *, *, #5055, .F. ) ;
#528 = PLANE ( 'NONE',  #3436 ) ;
#529 = EDGE_CURVE ( 'NONE', #2993, #5994, #8046, .T. ) ;
#530 = DIRECTION ( 'NONE',  ( 0.000000000000000000, 0.000000000000000000, -1.000000000000000000 ) ) ;
#531 = VECTOR ( 'NONE', #3419, 1000.000000000000000 ) ;
#532 = ORIENTED_EDGE ( 'NONE', *, *, #1825, .T. ) ;
#533 = LINE ( 'NONE', #4593, #8444 ) ;
#534 = VERTEX_POINT ( 'NONE', #2664 ) ;
#535 = DIRECTION ( 'NONE',  ( 0.000000000000000000, 0.000000000000000000, 1.000000000000000000 ) ) ;
#536 = FACE_OUTER_BOUND ( 'NONE', #3753, .T. ) ;
#537 = ADVANCED_FACE ( 'NONE', ( #818 ), #2129, .T. ) ;
#538 = CARTESIAN_POINT ( 'NONE',  ( 42.30000000000000426, -103.0000000000000142, 45.00000000000003553 ) ) ;
#539 = CARTESIAN_POINT ( 'NONE',  ( -16.50000000000001421, -8.000000000000000000, 35.00000000000002842 ) ) ;
#540 = ORIENTED_EDGE ( 'NONE', *, *, #7286, .T. ) ;
#541 = CARTESIAN_POINT ( 'NONE',  ( -35.70000000000000995, 0.000000000000000000, 22.99999999999999645 ) ) ;
#542 = ORIENTED_EDGE ( 'NONE', *, *, #2765, .F. ) ;
#543 = ORIENTED_EDGE ( 'NONE', *, *, #2696, .F. ) ;
#544 = FACE_BOUND ( 'NONE', #4645, .T. ) ;
#545 = VERTEX_POINT ( 'NONE', #5357 ) ;
#546 = ADVANCED_FACE ( 'NONE', ( #4702 ), #6495, .F. ) ;
#547 = AXIS2_PLACEMENT_3D ( 'NONE', #1287, #5342, #1457 ) ;
#548 = DIRECTION ( 'NONE',  ( 0.000000000000000000, 1.000000000000000000, 0.000000000000000000 ) ) ;
#549 = AXIS2_PLACEMENT_3D ( 'NONE', #5710, #6903, #4309 ) ;
#550 = ORIENTED_EDGE ( 'NONE', *, *, #3766, .T. ) ;
#551 = DIRECTION ( 'NONE',  ( 1.000000000000000000, -0.000000000000000000, 0.000000000000000000 ) ) ;
#552 = ORIENTED_EDGE ( 'NONE', *, *, #7273, .T. ) ;
#553 = CARTESIAN_POINT ( 'NONE',  ( -61.99999999999997158, -101.5358983848622927, 50.00000000000000711 ) ) ;
#554 = LINE ( 'NONE', #1961, #3406 ) ;
#555 = EDGE_CURVE ( 'NONE', #7504, #4464, #1479, .T. ) ;
#556 = EDGE_CURVE ( 'NONE', #574, #949, #6196, .T. ) ;
#557 = EDGE_CURVE ( 'NONE', #7138, #1028, #4039, .T. ) ;
#558 = CARTESIAN_POINT ( 'NONE',  ( 59.00000000000002132, -89.05545635173707808, 42.75000000000000000 ) ) ;
#559 = DIRECTION ( 'NONE',  ( 0.000000000000000000, -0.000000000000000000, 1.000000000000000000 ) ) ;
#560 = VERTEX_POINT ( 'NONE', #6058 ) ;
#561 = CARTESIAN_POINT ( 'NONE',  ( 34.99999999999968736, -60.00000000000020606, 78.00000000000021316 ) ) ;
#562 = VERTEX_POINT ( 'NONE', #7480 ) ;
#563 = DIRECTION ( 'NONE',  ( -1.000000000000000000, 0.000000000000000000, 2.312964634635740985E-16 ) ) ;
#564 = VERTEX_POINT ( 'NONE', #15 ) ;
#565 = CARTESIAN_POINT ( 'NONE',  ( 36.49999999999998579, 7.000000000000000000, -35.50000000000001421 ) ) ;
#566 = FACE_BOUND ( 'NONE', #2206, .T. ) ;
#567 = VERTEX_POINT ( 'NONE', #4780 ) ;
#568 = CARTESIAN_POINT ( 'NONE',  ( -33.99999999999997158, -100.0000000000000000, -1.814787636406504524E-14 ) ) ;
#569 = VECTOR ( 'NONE', #145, 1000.000000000000000 ) ;
#570 = DIRECTION ( 'NONE',  ( 0.000000000000000000, 0.000000000000000000, 1.000000000000000000 ) ) ;
#571 = CARTESIAN_POINT ( 'NONE',  ( -48.99999999999997158, -103.0000000000000142, 38.00000000000001421 ) ) ;
#572 = ORIENTED_EDGE ( 'NONE', *, *, #290, .F. ) ;
#573 = DIRECTION ( 'NONE',  ( 0.000000000000000000, -0.000000000000000000, 1.000000000000000000 ) ) ;
#574 = VERTEX_POINT ( 'NONE', #4822 ) ;
#575 = EDGE_CURVE ( 'NONE', #4774, #3479, #7524, .T. ) ;
#576 = DIRECTION ( 'NONE',  ( 0.000000000000000000, 1.000000000000000000, 0.000000000000000000 ) ) ;
#577 = CARTESIAN_POINT ( 'NONE',  ( -57.99999999999997158, 0.000000000000000000, 1.200000000000002176 ) ) ;
#578 = DIRECTION ( 'NONE',  ( -0.000000000000000000, -1.000000000000000000, -0.000000000000000000 ) ) ;
#579 = CARTESIAN_POINT ( 'NONE',  ( -35.70000000000000995, -4.000000000000000000, 22.99999999999999645 ) ) ;
#580 = ORIENTED_EDGE ( 'NONE', *, *, #98, .T. ) ;
#581 = FACE_OUTER_BOUND ( 'NONE', #1716, .T. ) ;
#582 = VERTEX_POINT ( 'NONE', #5396 ) ;
#583 = ADVANCED_FACE ( 'NONE', ( #3996 ), #8092, .F. ) ;
#584 = CARTESIAN_POINT ( 'NONE',  ( -58.99999999999997158, -89.05545635173707808, 42.75000000000009948 ) ) ;
#585 = AXIS2_PLACEMENT_3D ( 'NONE', #541, #3229, #8118 ) ;
#586 = EDGE_CURVE ( 'NONE', #8107, #4187, #5483, .T. ) ;
#587 = LINE ( 'NONE', #2038, #1601 ) ;
#588 = ORIENTED_EDGE ( 'NONE', *, *, #105, .F. ) ;
#589 = EDGE_LOOP ( 'NONE', ( #4176, #7066, #2107, #1396 ) ) ;
#590 = ADVANCED_FACE ( 'NONE', ( #6680 ), #1389, .T. ) ;
#591 = CARTESIAN_POINT ( 'NONE',  ( -39.70000000000000995, -4.000000000000000000, 25.99999999999999645 ) ) ;
#592 = VERTEX_POINT ( 'NONE', #725 ) ;
#593 = DIRECTION ( 'NONE',  ( 0.000000000000000000, 0.000000000000000000, -1.000000000000000000 ) ) ;
#594 = CARTESIAN_POINT ( 'NONE',  ( -58.99999999999994316, -89.05545635173707808, -42.75000000000012790 ) ) ;
#595 = AXIS2_PLACEMENT_3D ( 'NONE', #5311, #7964, #8003 ) ;
#596 = VECTOR ( 'NONE', #6178, 1000.000000000000114 ) ;
#597 = CARTESIAN_POINT ( 'NONE',  ( -13.00000000000000888, -8.000000000000000000, 30.00000000000002132 ) ) ;
#598 = LINE ( 'NONE', #4332, #6007 ) ;
#599 = CARTESIAN_POINT ( 'NONE',  ( -35.70000000000000995, 0.000000000000000000, 24.75000000000000000 ) ) ;
#600 = EDGE_CURVE ( 'NONE', #3813, #6186, #5084, .T. ) ;
#601 = EDGE_LOOP ( 'NONE', ( #1897, #869 ) ) ;
#602 = DIRECTION ( 'NONE',  ( 0.000000000000000000, -1.000000000000000000, 0.000000000000000000 ) ) ;
#603 = VERTEX_POINT ( 'NONE', #6815 ) ;
#604 = FACE_OUTER_BOUND ( 'NONE', #7323, .T. ) ;
#605 = AXIS2_PLACEMENT_3D ( 'NONE', #1790, #4480, #7212 ) ;
#606 = EDGE_LOOP ( 'NONE', ( #4041, #2921 ) ) ;
#607 = CARTESIAN_POINT ( 'NONE',  ( -6.999999999999995559, -90.00000000000001421, 46.99999999999999289 ) ) ;
#608 = CARTESIAN_POINT ( 'NONE',  ( -36.99999999999999289, -90.00000000000001421, 32.00000000000001421 ) ) ;
#609 = CARTESIAN_POINT ( 'NONE',  ( 31.30000000000000782, -105.0000000000000142, 45.00000000000003553 ) ) ;
#610 = CARTESIAN_POINT ( 'NONE',  ( -61.99999999999997158, 7.000000000000000000, -47.99999999999999289 ) ) ;
#611 = VECTOR ( 'NONE', #5105, 1000.000000000000000 ) ;
#612 = CYLINDRICAL_SURFACE ( 'NONE', #6948, 0.9999999999999991118 ) ;
#613 = VECTOR ( 'NONE', #6566, 1000.000000000000000 ) ;
#614 = VECTOR ( 'NONE', #950, 1000.000000000000000 ) ;
#615 = CARTESIAN_POINT ( 'NONE',  ( 59.00000000000002132, -100.0000000000000000, 44.00000000000000711 ) ) ;
#616 = ORIENTED_EDGE ( 'NONE', *, *, #7986, .T. ) ;
#617 = FACE_OUTER_BOUND ( 'NONE', #1260, .T. ) ;
#618 = VERTEX_POINT ( 'NONE', #2090 ) ;
#619 = EDGE_CURVE ( 'NONE', #5107, #7204, #6104, .T. ) ;
#620 = FACE_OUTER_BOUND ( 'NONE', #3045, .T. ) ;
#621 = DIRECTION ( 'NONE',  ( 0.000000000000000000, -1.000000000000000000, 0.000000000000000000 ) ) ;
#622 = VECTOR ( 'NONE', #2190, 1000.000000000000000 ) ;
#623 = DIRECTION ( 'NONE',  ( 0.000000000000000000, 1.000000000000000000, -0.000000000000000000 ) ) ;
#624 = VECTOR ( 'NONE', #3308, 1000.000000000000000 ) ;
#625 = CARTESIAN_POINT ( 'NONE',  ( -6.999999999999994671, -103.0000000000000142, 38.00000000000000711 ) ) ;
#626 = ORIENTED_EDGE ( 'NONE', *, *, #5890, .F. ) ;
#627 = CARTESIAN_POINT ( 'NONE',  ( 43.29999999999999005, 11.94974746830584600, -43.00000000000000711 ) ) ;
#628 = VECTOR ( 'NONE', #3028, 1000.000000000000000 ) ;
#629 = CARTESIAN_POINT ( 'NONE',  ( 65.00000000000002842, -105.0000000000000142, -46.99999999999999289 ) ) ;
#630 = VECTOR ( 'NONE', #3032, 1000.000000000000000 ) ;
#631 = EDGE_CURVE ( 'NONE', #1248, #1266, #777, .T. ) ;
#632 = VECTOR ( 'NONE', #2876, 1000.000000000000114 ) ;
#633 = DIRECTION ( 'NONE',  ( 0.000000000000000000, 0.000000000000000000, -1.000000000000000000 ) ) ;
#634 = CIRCLE ( 'NONE', #4020, 4.000000000000000000 ) ;
#635 = ORIENTED_EDGE ( 'NONE', *, *, #5428, .T. ) ;
#636 = ORIENTED_EDGE ( 'NONE', *, *, #3901, .T. ) ;
#637 = EDGE_CURVE ( 'NONE', #8420, #8608, #6191, .T. ) ;
#638 = DIRECTION ( 'NONE',  ( 1.000000000000000000, 0.000000000000000000, 5.551115123125783688E-16 ) ) ;
#639 = ORIENTED_EDGE ( 'NONE', *, *, #8542, .T. ) ;
#640 = CARTESIAN_POINT ( 'NONE',  ( -61.99999999999997158, -101.5358983848622927, 47.00000000000000711 ) ) ;
#641 = EDGE_CURVE ( 'NONE', #4733, #6436, #5902, .T. ) ;
#642 = FACE_BOUND ( 'NONE', #6954, .T. ) ;
#643 = VECTOR ( 'NONE', #2027, 1000.000000000000114 ) ;
#644 = DIRECTION ( 'NONE',  ( 1.000000000000000000, 0.000000000000000000, -0.000000000000000000 ) ) ;
#645 = DIRECTION ( 'NONE',  ( -1.000000000000000000, 0.000000000000000000, 0.000000000000000000 ) ) ;
#646 = PLANE ( 'NONE',  #3850 ) ;
#647 = ORIENTED_EDGE ( 'NONE', *, *, #228, .T. ) ;
#648 = LINE ( 'NONE', #561, #7997 ) ;
#649 = VERTEX_POINT ( 'NONE', #7704 ) ;
#650 = LINE ( 'NONE', #6643, #918 ) ;
#651 = ORIENTED_EDGE ( 'NONE', *, *, #2847, .T. ) ;
#652 = PLANE ( 'NONE',  #2147 ) ;
#653 = CARTESIAN_POINT ( 'NONE',  ( -27.50000000000000355, 7.000000000000000000, 35.00000000000001421 ) ) ;
#654 = CARTESIAN_POINT ( 'NONE',  ( -57.99999999999997158, 0.000000000000000000, -25.19999999999999574 ) ) ;
#655 = EDGE_CURVE ( 'NONE', #7416, #6197, #6284, .T. ) ;
#656 = CYLINDRICAL_SURFACE ( 'NONE', #6394, 6.749999999999999112 ) ;
#657 = ADVANCED_FACE ( 'NONE', ( #1651 ), #6415, .F. ) ;
#658 = EDGE_CURVE ( 'NONE', #5846, #148, #7741, .T. ) ;
#659 = CYLINDRICAL_SURFACE ( 'NONE', #7374, 1.750000000000005107 ) ;
#660 = CARTESIAN_POINT ( 'NONE',  ( -27.50000000000000355, 4.000000000000000000, 41.00000000000001421 ) ) ;
#661 = ORIENTED_EDGE ( 'NONE', *, *, #6382, .T. ) ;
#662 = CARTESIAN_POINT ( 'NONE',  ( 62.00000000000002842, -105.0000000000000142, -46.99999999999999289 ) ) ;
#663 = ORIENTED_EDGE ( 'NONE', *, *, #1882, .T. ) ;
#664 = CARTESIAN_POINT ( 'NONE',  ( 42.30000000000000426, -83.50000000000000000, 47.99999999999997868 ) ) ;
#665 = CARTESIAN_POINT ( 'NONE',  ( -36.50000000000001421, 6.000000000000000000, 14.49999999999998401 ) ) ;
#666 = DIRECTION ( 'NONE',  ( 1.000000000000000000, 0.000000000000000000, 0.000000000000000000 ) ) ;
#667 = VECTOR ( 'NONE', #7843, 1000.000000000000000 ) ;
#668 = EDGE_CURVE ( 'NONE', #5714, #3416, #6325, .T. ) ;
#669 = CARTESIAN_POINT ( 'NONE',  ( 19.00000000000000000, -100.0000000000000000, -21.99999999999997868 ) ) ;
#670 = VERTEX_POINT ( 'NONE', #1611 ) ;
#671 = CARTESIAN_POINT ( 'NONE',  ( -39.99999999999997868, -97.00000000000001421, 48.00000000000000711 ) ) ;
#672 = DIRECTION ( 'NONE',  ( 0.000000000000000000, 0.000000000000000000, -1.000000000000000000 ) ) ;
#673 = DIRECTION ( 'NONE',  ( -0.000000000000000000, -1.000000000000000000, -0.000000000000000000 ) ) ;
#674 = ORIENTED_EDGE ( 'NONE', *, *, #487, .F. ) ;
#675 = ORIENTED_EDGE ( 'NONE', *, *, #1183, .F. ) ;
#676 = VECTOR ( 'NONE', #3621, 1000.000000000000114 ) ;
#677 = FACE_OUTER_BOUND ( 'NONE', #7930, .T. ) ;
#678 = ORIENTED_EDGE ( 'NONE', *, *, #3980, .T. ) ;
#679 = AXIS2_PLACEMENT_3D ( 'NONE', #173, #5557, #7638 ) ;
#680 = DIRECTION ( 'NONE',  ( 2.851600234482422925E-16, 0.000000000000000000, -1.000000000000000000 ) ) ;
#681 = VECTOR ( 'NONE', #4482, 1000.000000000000000 ) ;
#682 = CARTESIAN_POINT ( 'NONE',  ( -39.99999999999997158, -105.0000000000000142, 38.00000000000001421 ) ) ;
#683 = CIRCLE ( 'NONE', #8567, 5.999999999999998224 ) ;
#684 = FACE_OUTER_BOUND ( 'NONE', #1352, .T. ) ;
#685 = DIRECTION ( 'NONE',  ( 1.000000000000000000, 0.000000000000000000, 0.000000000000000000 ) ) ;
#686 = DIRECTION ( 'NONE',  ( 0.000000000000000000, 0.000000000000000000, -1.000000000000000000 ) ) ;
#687 = VERTEX_POINT ( 'NONE', #992 ) ;
#688 = AXIS2_PLACEMENT_3D ( 'NONE', #5240, #6567, #530 ) ;
#689 = DIRECTION ( 'NONE',  ( 0.000000000000000000, 0.000000000000000000, 1.000000000000000000 ) ) ;
#690 = ORIENTED_EDGE ( 'NONE', *, *, #445, .F. ) ;
#691 = FACE_OUTER_BOUND ( 'NONE', #7904, .T. ) ;
#692 = AXIS2_PLACEMENT_3D ( 'NONE', #4338, #363, #5208 ) ;
#693 = ORIENTED_EDGE ( 'NONE', *, *, #7702, .T. ) ;
#694 = CARTESIAN_POINT ( 'NONE',  ( -41.57526077778262419, -100.0000000000000000, 32.00000000000002842 ) ) ;
#695 = CARTESIAN_POINT ( 'NONE',  ( -37.50000000000001421, 6.000000000000000000, 14.49999999999998401 ) ) ;
#696 = AXIS2_PLACEMENT_3D ( 'NONE', #8036, #1378, #4027 ) ;
#697 = ORIENTED_EDGE ( 'NONE', *, *, #5494, .F. ) ;
#698 = PLANE ( 'NONE',  #758 ) ;
#699 = DIRECTION ( 'NONE',  ( 0.000000000000000000, -1.000000000000000000, 0.000000000000000000 ) ) ;
#700 = EDGE_CURVE ( 'NONE', #5017, #3834, #3226, .T. ) ;
#701 = DIRECTION ( 'NONE',  ( -0.000000000000000000, 1.000000000000000000, -0.000000000000000000 ) ) ;
#702 = VERTEX_POINT ( 'NONE', #2355 ) ;
#703 = CARTESIAN_POINT ( 'NONE',  ( 31.30000000000000782, -1.737959181815040933E-30, 47.00000000000000000 ) ) ;
#704 = ORIENTED_EDGE ( 'NONE', *, *, #5139, .T. ) ;
#705 = EDGE_LOOP ( 'NONE', ( #5934, #3302, #6489, #8150 ) ) ;
#706 = UNCERTAINTY_MEASURE_WITH_UNIT (LENGTH_MEASURE( 1.000000000000000082E-05 ), #962, 'distance_accuracy_value', 'NONE');
#707 = DIRECTION ( 'NONE',  ( 0.000000000000000000, 0.000000000000000000, -1.000000000000000000 ) ) ;
#708 = LINE ( 'NONE', #4677, #3870 ) ;
#709 = ORIENTED_EDGE ( 'NONE', *, *, #3452, .T. ) ;
#710 = FACE_OUTER_BOUND ( 'NONE', #8434, .T. ) ;
#711 = DIRECTION ( 'NONE',  ( -1.000000000000000000, 0.000000000000000000, 0.000000000000000000 ) ) ;
#712 = VERTEX_POINT ( 'NONE', #3689 ) ;
#713 = DIRECTION ( 'NONE',  ( 0.000000000000000000, 1.000000000000000000, 0.000000000000000000 ) ) ;
#714 = CIRCLE ( 'NONE', #2969, 3.500000000000003109 ) ;
#715 = CARTESIAN_POINT ( 'NONE',  ( -6.999999999999994671, -125.8626460450250875, -6.746146851020911000E-16 ) ) ;
#716 = ADVANCED_FACE ( 'NONE', ( #6988 ), #954, .F. ) ;
#717 = LINE ( 'NONE', #6667, #7465 ) ;
#718 = EDGE_LOOP ( 'NONE', ( #7120, #6741, #1783, #6163 ) ) ;
#719 = EDGE_LOOP ( 'NONE', ( #4704, #6499, #7939, #3986 ) ) ;
#720 = VECTOR ( 'NONE', #4898, 1000.000000000000000 ) ;
#721 = ORIENTED_EDGE ( 'NONE', *, *, #5242, .T. ) ;
#722 = DIRECTION ( 'NONE',  ( 0.000000000000000000, 0.000000000000000000, -1.000000000000000000 ) ) ;
#723 = CARTESIAN_POINT ( 'NONE',  ( -47.42473922221731186, -90.00000000000001421, 32.00000000000000711 ) ) ;
#724 = PLANE ( 'NONE',  #4747 ) ;
#725 = CARTESIAN_POINT ( 'NONE',  ( -35.70000000000000995, 5.000000000000000000, 21.24999999999999289 ) ) ;
#726 = CARTESIAN_POINT ( 'NONE',  ( -27.50000000000000355, 7.000000000000000000, 35.00000000000001421 ) ) ;
#727 = ORIENTED_EDGE ( 'NONE', *, *, #6984, .F. ) ;
#728 = ORIENTED_EDGE ( 'NONE', *, *, #8253, .T. ) ;
#729 = DIRECTION ( 'NONE',  ( 0.000000000000000000, 0.000000000000000000, -1.000000000000000000 ) ) ;
#730 = VERTEX_POINT ( 'NONE', #3553 ) ;
#731 = CARTESIAN_POINT ( 'NONE',  ( -13.00000000000000888, -8.000000000000000000, 40.00000000000002132 ) ) ;
#732 = DIRECTION ( 'NONE',  ( 0.000000000000000000, -0.000000000000000000, -1.000000000000000000 ) ) ;
#733 = CARTESIAN_POINT ( 'NONE',  ( -27.50000000000000355, 26.09188309203678102, 28.25000000000001776 ) ) ;
#734 = VECTOR ( 'NONE', #8119, 1000.000000000000000 ) ;
#735 = DIRECTION ( 'NONE',  ( -0.000000000000000000, 1.000000000000000000, -0.000000000000000000 ) ) ;
#736 = LINE ( 'NONE', #8057, #5825 ) ;
#737 = ADVANCED_FACE ( 'NONE', ( #192 ), #7746, .F. ) ;
#738 = LINE ( 'NONE', #72, #3933 ) ;
#739 = EDGE_LOOP ( 'NONE', ( #8223, #7937, #4594, #1324 ) ) ;
#740 = VECTOR ( 'NONE', #2451, 1000.000000000000000 ) ;
#741 = DIRECTION ( 'NONE',  ( 0.000000000000000000, 0.000000000000000000, -1.000000000000000000 ) ) ;
#742 = VECTOR ( 'NONE', #5490, 1000.000000000000114 ) ;
#743 = ORIENTED_EDGE ( 'NONE', *, *, #5326, .F. ) ;
#744 = ORIENTED_EDGE ( 'NONE', *, *, #3069, .F. ) ;
#745 = CIRCLE ( 'NONE', #5671, 4.000000000000003553 ) ;
#746 = DIRECTION ( 'NONE',  ( 0.000000000000000000, -1.000000000000000000, 0.000000000000000000 ) ) ;
#747 = LINE ( 'NONE', #6213, #4574 ) ;
#748 = EDGE_CURVE ( 'NONE', #8110, #1281, #331, .T. ) ;
#749 = ORIENTED_EDGE ( 'NONE', *, *, #2211, .T. ) ;
#750 = CARTESIAN_POINT ( 'NONE',  ( 43.29999999999997584, 11.94974746830584600, 21.24999999999999289 ) ) ;
#751 = ADVANCED_FACE ( 'NONE', ( #6234 ), #2224, .F. ) ;
#752 = VECTOR ( 'NONE', #2448, 1000.000000000000000 ) ;
#753 = PLANE ( 'NONE',  #2512 ) ;
#754 = AXIS2_PLACEMENT_3D ( 'NONE', #6693, #1277, #3298 ) ;
#755 = VECTOR ( 'NONE', #7293, 1000.000000000000000 ) ;
#756 = VERTEX_POINT ( 'NONE', #2978 ) ;
#757 = CARTESIAN_POINT ( 'NONE',  ( -61.99999999999995737, -86.05025253169432631, -44.00000000000000000 ) ) ;
#758 = AXIS2_PLACEMENT_3D ( 'NONE', #5407, #1891, #7448 ) ;
#759 = VECTOR ( 'NONE', #2261, 1000.000000000000000 ) ;
#760 = CARTESIAN_POINT ( 'NONE',  ( -58.99999999999997158, -84.99999999999998579, 44.00000000000009948 ) ) ;
#761 = ADVANCED_FACE ( 'NONE', ( #5575 ), #8264, .F. ) ;
#762 = EDGE_CURVE ( 'NONE', #5642, #5144, #3023, .T. ) ;
#763 = EDGE_CURVE ( 'NONE', #807, #2315, #1566, .T. ) ;
#764 = EDGE_LOOP ( 'NONE', ( #1831, #1775, #5485, #4494 ) ) ;
#765 = CARTESIAN_POINT ( 'NONE',  ( -35.69999999999999574, 5.000000000000000000, -41.25000000000000711 ) ) ;
#766 = VECTOR ( 'NONE', #6862, 1000.000000000000000 ) ;
#767 = ORIENTED_EDGE ( 'NONE', *, *, #3407, .F. ) ;
#768 = ORIENTED_EDGE ( 'NONE', *, *, #762, .F. ) ;
#769 = CIRCLE ( 'NONE', #1332, 1.250000000000001110 ) ;
#770 = ORIENTED_EDGE ( 'NONE', *, *, #2386, .F. ) ;
#771 = FACE_OUTER_BOUND ( 'NONE', #1980, .T. ) ;
#772 = PLANE ( 'NONE',  #4951 ) ;
#773 = AXIS2_PLACEMENT_3D ( 'NONE', #5513, #2164, #1018 ) ;
#774 = VECTOR ( 'NONE', #4586, 1000.000000000000000 ) ;
#775 = CARTESIAN_POINT ( 'NONE',  ( -48.99999999999997158, -97.00000000000001421, 50.00000000000001421 ) ) ;
#776 = EDGE_CURVE ( 'NONE', #3105, #7201, #8219, .T. ) ;
#777 = LINE ( 'NONE', #1430, #2798 ) ;
#778 = LINE ( 'NONE', #4823, #3717 ) ;
#779 = VERTEX_POINT ( 'NONE', #3604 ) ;
#780 = ADVANCED_FACE ( 'NONE', ( #2932 ), #2179, .T. ) ;
#781 = ORIENTED_EDGE ( 'NONE', *, *, #1469, .F. ) ;
#782 = FACE_OUTER_BOUND ( 'NONE', #31, .T. ) ;
#783 = VECTOR ( 'NONE', #3847, 1000.000000000000000 ) ;
#784 = ORIENTED_EDGE ( 'NONE', *, *, #4539, .F. ) ;
#785 = CARTESIAN_POINT ( 'NONE',  ( 62.00000000000002842, -101.5358983848622927, -46.99999999999999289 ) ) ;
#786 = DIRECTION ( 'NONE',  ( 0.000000000000000000, -1.000000000000000000, 0.000000000000000000 ) ) ;
#787 = CARTESIAN_POINT ( 'NONE',  ( -39.99999999999997158, -103.0000000000000142, 46.00000000000001421 ) ) ;
#788 = CARTESIAN_POINT ( 'NONE',  ( -39.70000000000000995, 7.000000000000000000, 18.99999999999999645 ) ) ;
#789 = CIRCLE ( 'NONE', #3857, 1.750000000000001554 ) ;
#790 = CARTESIAN_POINT ( 'NONE',  ( -35.69999999999999574, 11.94974746830584600, -43.00000000000000711 ) ) ;
#791 = CARTESIAN_POINT ( 'NONE',  ( -52.99999999999995026, -100.0000000000000000, 45.00000000000001421 ) ) ;
#792 = ORIENTED_EDGE ( 'NONE', *, *, #6453, .T. ) ;
#793 = CARTESIAN_POINT ( 'NONE',  ( -35.69999999999999574, 11.94974746830584600, -44.75000000000001421 ) ) ;
#794 = EDGE_LOOP ( 'NONE', ( #322, #5833, #4084, #6417 ) ) ;
#795 = ORIENTED_EDGE ( 'NONE', *, *, #1579, .T. ) ;
#796 = LINE ( 'NONE', #218, #7090 ) ;
#797 = DIRECTION ( 'NONE',  ( -1.000000000000000000, 0.000000000000000000, 0.000000000000000000 ) ) ;
#798 = DIRECTION ( 'NONE',  ( 0.000000000000000000, -1.000000000000000000, 0.000000000000000000 ) ) ;
#799 = ADVANCED_FACE ( 'NONE', ( #7569 ), #1521, .T. ) ;
#800 = ORIENTED_EDGE ( 'NONE', *, *, #1929, .F. ) ;
#801 = DIRECTION ( 'NONE',  ( 1.476360405086644556E-16, 0.000000000000000000, -1.000000000000000000 ) ) ;
#802 = DIRECTION ( 'NONE',  ( 0.000000000000000000, 1.000000000000000000, 0.000000000000000000 ) ) ;
#803 = ORIENTED_EDGE ( 'NONE', *, *, #2482, .F. ) ;
#804 = LINE ( 'NONE', #6271, #7489 ) ;
#805 = DIRECTION ( 'NONE',  ( 0.000000000000000000, 0.000000000000000000, 1.000000000000000000 ) ) ;
#806 =( GEOMETRIC_REPRESENTATION_CONTEXT ( 3 ) GLOBAL_UNCERTAINTY_ASSIGNED_CONTEXT ( ( #3352 ) ) GLOBAL_UNIT_ASSIGNED_CONTEXT ( ( #6769, #7441, #7854 ) ) REPRESENTATION_CONTEXT ( 'NONE', 'WORKASPACE' ) );
#807 = VERTEX_POINT ( 'NONE', #8442 ) ;
#808 = FACE_OUTER_BOUND ( 'NONE', #6132, .T. ) ;
#809 = EDGE_CURVE ( 'NONE', #3060, #8258, #2442, .T. ) ;
#810 = VERTEX_POINT ( 'NONE', #5924 ) ;
#811 = AXIS2_PLACEMENT_3D ( 'NONE', #5482, #3603, #4918 ) ;
#812 = ORIENTED_EDGE ( 'NONE', *, *, #3493, .T. ) ;
#813 = CARTESIAN_POINT ( 'NONE',  ( 62.00000000000002842, 7.000000000000000000, -49.99999999999999289 ) ) ;
#814 = ORIENTED_EDGE ( 'NONE', *, *, #2124, .F. ) ;
#815 = DIRECTION ( 'NONE',  ( 0.000000000000000000, 1.000000000000000000, 0.000000000000000000 ) ) ;
#816 = FACE_OUTER_BOUND ( 'NONE', #4933, .T. ) ;
#817 = VECTOR ( 'NONE', #4000, 1000.000000000000000 ) ;
#818 = FACE_OUTER_BOUND ( 'NONE', #6238, .T. ) ;
#819 = PLANE ( 'NONE',  #3576 ) ;
#820 = EDGE_CURVE ( 'NONE', #6712, #4156, #1215, .T. ) ;
#821 = VERTEX_POINT ( 'NONE', #6496 ) ;
#822 = EDGE_LOOP ( 'NONE', ( #3026, #4441 ) ) ;
#823 = ORIENTED_EDGE ( 'NONE', *, *, #3390, .T. ) ;
#824 = CIRCLE ( 'NONE', #8286, 1.750000000000001554 ) ;
#825 = CARTESIAN_POINT ( 'NONE',  ( -57.99999999999997868, -60.00000000000000000, 2.200000000000002398 ) ) ;
#826 = VERTEX_POINT ( 'NONE', #5140 ) ;
#827 = FACE_OUTER_BOUND ( 'NONE', #121, .T. ) ;
#828 = CARTESIAN_POINT ( 'NONE',  ( -57.99999999999997158, -60.00000000000000000, 1.200000000000002176 ) ) ;
#829 = EDGE_CURVE ( 'NONE', #2805, #2215, #3905, .T. ) ;
#830 = DIRECTION ( 'NONE',  ( 0.000000000000000000, 0.000000000000000000, -1.000000000000000000 ) ) ;
#831 = VECTOR ( 'NONE', #843, 1000.000000000000000 ) ;
#832 = DIRECTION ( 'NONE',  ( 0.000000000000000000, -1.000000000000000000, 0.000000000000000000 ) ) ;
#833 = VECTOR ( 'NONE', #2017, 1000.000000000000000 ) ;
#834 = CARTESIAN_POINT ( 'NONE',  ( -61.99999999999997158, -100.0000000000000000, 50.00000000000000711 ) ) ;
#835 = LINE ( 'NONE', #159, #1733 ) ;
#836 = ORIENTED_EDGE ( 'NONE', *, *, #7789, .T. ) ;
#837 = CARTESIAN_POINT ( 'NONE',  ( 0.000000000000000000, -90.00000000000001421, 47.00000000000000711 ) ) ;
#838 = VECTOR ( 'NONE', #8200, 1000.000000000000000 ) ;
#839 = ORIENTED_EDGE ( 'NONE', *, *, #2605, .F. ) ;
#840 = ORIENTED_EDGE ( 'NONE', *, *, #5346, .T. ) ;
#841 = CIRCLE ( 'NONE', #4076, 1.750000000000001554 ) ;
#842 = CARTESIAN_POINT ( 'NONE',  ( -35.69999999999999574, 11.94974746830584600, -44.75000000000001421 ) ) ;
#843 = DIRECTION ( 'NONE',  ( -1.000000000000000000, 0.000000000000000000, 0.000000000000000000 ) ) ;
#844 = CARTESIAN_POINT ( 'NONE',  ( -35.69999999999999574, -4.000000000000000000, -43.00000000000000711 ) ) ;
#845 = ORIENTED_EDGE ( 'NONE', *, *, #3926, .T. ) ;
#846 = CARTESIAN_POINT ( 'NONE',  ( 59.00000000000002132, -100.0000000000000000, 42.75000000000000000 ) ) ;
#847 = CARTESIAN_POINT ( 'NONE',  ( 59.00000000000003553, -105.0000000000000142, -43.99999999999999289 ) ) ;
#848 = EDGE_CURVE ( 'NONE', #1862, #442, #8204, .T. ) ;
#849 = ORIENTED_EDGE ( 'NONE', *, *, #7911, .T. ) ;
#850 = CARTESIAN_POINT ( 'NONE',  ( -50.99999999999996447, -101.0000000000000284, 0.000000000000000000 ) ) ;
#851 = VECTOR ( 'NONE', #6742, 1000.000000000000000 ) ;
#852 = LINE ( 'NONE', #2292, #838 ) ;
#853 = DIRECTION ( 'NONE',  ( -9.637352644315594010E-17, 0.000000000000000000, 1.000000000000000000 ) ) ;
#854 = VERTEX_POINT ( 'NONE', #5181 ) ;
#855 = EDGE_CURVE ( 'NONE', #7366, #2330, #4437, .T. ) ;
#856 = CYLINDRICAL_SURFACE ( 'NONE', #7174, 7.500000000000000000 ) ;
#857 = ORIENTED_EDGE ( 'NONE', *, *, #7141, .F. ) ;
#858 = ORIENTED_EDGE ( 'NONE', *, *, #1724, .F. ) ;
#859 = CARTESIAN_POINT ( 'NONE',  ( -36.99999999999999289, -90.00000000000001421, 32.00000000000001421 ) ) ;
#860 = EDGE_LOOP ( 'NONE', ( #3084, #8066, #3904, #6270 ) ) ;
#861 = CARTESIAN_POINT ( 'NONE',  ( 62.00000000000003553, -91.00000000000009948, 36.99999999999999289 ) ) ;
#862 = ADVANCED_FACE ( 'NONE', ( #1911 ), #3820, .F. ) ;
#863 = DIRECTION ( 'NONE',  ( 0.000000000000000000, 0.000000000000000000, 1.000000000000000000 ) ) ;
#864 = DIRECTION ( 'NONE',  ( -1.000000000000000000, 0.000000000000000000, -0.000000000000000000 ) ) ;
#865 = EDGE_CURVE ( 'NONE', #2268, #3242, #458, .T. ) ;
#866 = CARTESIAN_POINT ( 'NONE',  ( 0.000000000000000000, -98.00000000000000000, 0.000000000000000000 ) ) ;
#867 = VERTEX_POINT ( 'NONE', #3157 ) ;
#868 = EDGE_LOOP ( 'NONE', ( #244, #4032 ) ) ;
#869 = ORIENTED_EDGE ( 'NONE', *, *, #2684, .F. ) ;
#870 = FACE_OUTER_BOUND ( 'NONE', #8164, .T. ) ;
#871 = ORIENTED_EDGE ( 'NONE', *, *, #1732, .T. ) ;
#872 = DIRECTION ( 'NONE',  ( 1.000000000000000000, 0.000000000000000000, 5.551115123125783688E-16 ) ) ;
#873 = PLANE ( 'NONE',  #8651 ) ;
#874 = DIRECTION ( 'NONE',  ( 0.000000000000000000, 0.8660254037844377084, -0.5000000000000015543 ) ) ;
#875 = VECTOR ( 'NONE', #7376, 1000.000000000000000 ) ;
#876 = CARTESIAN_POINT ( 'NONE',  ( -50.99999999999996447, -101.0000000000000284, 45.00000000000001421 ) ) ;
#877 = EDGE_CURVE ( 'NONE', #6440, #2413, #5841, .T. ) ;
#878 = DIRECTION ( 'NONE',  ( -0.000000000000000000, -1.000000000000000000, -0.000000000000000000 ) ) ;
#879 = DIRECTION ( 'NONE',  ( 8.659560562354884787E-17, 0.7071067811865516806, -0.7071067811865434649 ) ) ;
#880 = ORIENTED_EDGE ( 'NONE', *, *, #7623, .F. ) ;
#881 = DIRECTION ( 'NONE',  ( 0.000000000000000000, 0.000000000000000000, -1.000000000000000000 ) ) ;
#882 = ORIENTED_EDGE ( 'NONE', *, *, #5428, .F. ) ;
#883 = VERTEX_POINT ( 'NONE', #8607 ) ;
#884 = DIRECTION ( 'NONE',  ( 0.000000000000000000, 0.000000000000000000, -1.000000000000000000 ) ) ;
#885 = DIRECTION ( 'NONE',  ( 0.000000000000000000, -1.000000000000000000, 0.000000000000000000 ) ) ;
#886 = DIRECTION ( 'NONE',  ( 0.000000000000000000, 0.000000000000000000, -1.000000000000000000 ) ) ;
#887 = ORIENTED_EDGE ( 'NONE', *, *, #7298, .F. ) ;
#888 = DIRECTION ( 'NONE',  ( -0.7071067811865485719, 0.000000000000000000, 0.7071067811865465735 ) ) ;
#889 = CIRCLE ( 'NONE', #5245, 1.000000000000000888 ) ;
#890 = CARTESIAN_POINT ( 'NONE',  ( -16.50000000000001421, 5.000000000000000000, 36.25000000000003553 ) ) ;
#891 = EDGE_LOOP ( 'NONE', ( #6287, #5130, #6727, #4439 ) ) ;
#892 = DIRECTION ( 'NONE',  ( 0.000000000000000000, 0.000000000000000000, -1.000000000000000000 ) ) ;
#893 = ADVANCED_FACE ( 'NONE', ( #508 ), #419, .F. ) ;
#894 = AXIS2_PLACEMENT_3D ( 'NONE', #2278, #5543, #7581 ) ;
#895 = CARTESIAN_POINT ( 'NONE',  ( -50.99999999999996447, -77.50000000000004263, 12.49999999999991829 ) ) ;
#896 = FACE_OUTER_BOUND ( 'NONE', #2020, .T. ) ;
#897 = VECTOR ( 'NONE', #8448, 1000.000000000000000 ) ;
#898 = AXIS2_PLACEMENT_3D ( 'NONE', #8142, #4589, #1976 ) ;
#899 = ORIENTED_EDGE ( 'NONE', *, *, #2605, .T. ) ;
#900 = DIRECTION ( 'NONE',  ( 0.000000000000000000, 0.000000000000000000, 1.000000000000000000 ) ) ;
#901 = AXIS2_PLACEMENT_3D ( 'NONE', #5703, #4866, #6898 ) ;
#902 = VERTEX_POINT ( 'NONE', #4565 ) ;
#903 = ORIENTED_EDGE ( 'NONE', *, *, #7250, .T. ) ;
#904 = CARTESIAN_POINT ( 'NONE',  ( -59.99999999999997868, 0.000000000000000000, 0.2000000000000057288 ) ) ;
#905 = ORIENTED_EDGE ( 'NONE', *, *, #4374, .T. ) ;
#906 = CARTESIAN_POINT ( 'NONE',  ( -6.999999999999993783, -105.0000000000000142, 47.00000000000000711 ) ) ;
#907 = VECTOR ( 'NONE', #2718, 999.9999999999998863 ) ;
#908 = CARTESIAN_POINT ( 'NONE',  ( 31.30000000000000782, -105.0000000000000142, 45.00000000000003553 ) ) ;
#909 = CARTESIAN_POINT ( 'NONE',  ( -48.99999999999997158, -103.0000000000000142, 46.00000000000001421 ) ) ;
#910 = CIRCLE ( 'NONE', #8647, 1.750000000000001554 ) ;
#911 = CARTESIAN_POINT ( 'NONE',  ( 31.30000000000000782, -105.0000000000000142, 45.00000000000003553 ) ) ;
#912 = VERTEX_POINT ( 'NONE', #7123 ) ;
#913 = EDGE_CURVE ( 'NONE', #6562, #7782, #6808, .T. ) ;
#914 = ORIENTED_EDGE ( 'NONE', *, *, #3598, .T. ) ;
#915 = EDGE_CURVE ( 'NONE', #4329, #3832, #1828, .T. ) ;
#916 = LINE ( 'NONE', #2806, #6545 ) ;
#917 = ORIENTED_EDGE ( 'NONE', *, *, #8366, .F. ) ;
#918 = VECTOR ( 'NONE', #1969, 1000.000000000000000 ) ;
#919 = LINE ( 'NONE', #2850, #4280 ) ;
#920 = CARTESIAN_POINT ( 'NONE',  ( -57.99999999999997868, -60.00000000000000000, -26.19999999999999574 ) ) ;
#921 = LINE ( 'NONE', #2275, #5131 ) ;
#922 = VECTOR ( 'NONE', #6956, 1000.000000000000000 ) ;
#923 = CARTESIAN_POINT ( 'NONE',  ( -16.50000000000001421, -8.000000000000000000, 33.25000000000002842 ) ) ;
#924 = CARTESIAN_POINT ( 'NONE',  ( -2.133333333333029103, -126.9333333333330387, 81.43333333333349344 ) ) ;
#925 = CARTESIAN_POINT ( 'NONE',  ( -61.99999999999997158, -100.0000000000000000, 37.00000000000009948 ) ) ;
#926 = ORIENTED_EDGE ( 'NONE', *, *, #7655, .F. ) ;
#927 = LINE ( 'NONE', #6873, #676 ) ;
#928 = VECTOR ( 'NONE', #4525, 1000.000000000000000 ) ;
#929 = ORIENTED_EDGE ( 'NONE', *, *, #6046, .F. ) ;
#930 = ORIENTED_EDGE ( 'NONE', *, *, #227, .F. ) ;
#931 = DIRECTION ( 'NONE',  ( 0.000000000000000000, -1.000000000000000000, 0.000000000000000000 ) ) ;
#932 = EDGE_CURVE ( 'NONE', #7857, #65, #40, .T. ) ;
#933 = DIRECTION ( 'NONE',  ( 0.000000000000000000, 0.000000000000000000, -1.000000000000000000 ) ) ;
#934 = CARTESIAN_POINT ( 'NONE',  ( -61.99999999999997158, -100.0000000000000000, 50.00000000000000711 ) ) ;
#935 = EDGE_LOOP ( 'NONE', ( #4577, #351, #4471, #5767 ) ) ;
#936 = CARTESIAN_POINT ( 'NONE',  ( -6.999999999999994671, -105.0000000000000142, 38.00000000000000711 ) ) ;
#937 = ADVANCED_FACE ( 'NONE', ( #2562 ), #5262, .T. ) ;
#938 = DIRECTION ( 'NONE',  ( 0.000000000000000000, 0.000000000000000000, 1.000000000000000000 ) ) ;
#939 = EDGE_CURVE ( 'NONE', #5069, #2537, #7941, .T. ) ;
#940 = VERTEX_POINT ( 'NONE', #7786 ) ;
#941 = LINE ( 'NONE', #2253, #720 ) ;
#942 = DIRECTION ( 'NONE',  ( -1.000000000000000000, 0.000000000000000000, 0.000000000000000000 ) ) ;
#943 = DIRECTION ( 'NONE',  ( -0.000000000000000000, 1.000000000000000000, -0.000000000000000000 ) ) ;
#944 = EDGE_CURVE ( 'NONE', #3003, #3416, #3109, .T. ) ;
#945 = EDGE_CURVE ( 'NONE', #2443, #7849, #587, .T. ) ;
#946 = VERTEX_POINT ( 'NONE', #5429 ) ;
#947 = CARTESIAN_POINT ( 'NONE',  ( -58.99999999999994316, -105.0000000000000142, -42.25000000000012790 ) ) ;
#948 = ORIENTED_EDGE ( 'NONE', *, *, #7367, .F. ) ;
#949 = VERTEX_POINT ( 'NONE', #6 ) ;
#950 = DIRECTION ( 'NONE',  ( -0.5773502691896218453, 0.5773502691896237327, -0.5773502691896317263 ) ) ;
#951 = ORIENTED_EDGE ( 'NONE', *, *, #3193, .F. ) ;
#952 = AXIS2_PLACEMENT_3D ( 'NONE', #2840, #8218, #2178 ) ;
#953 = CARTESIAN_POINT ( 'NONE',  ( 42.30000000000000426, -105.0000000000000142, 45.00000000000003553 ) ) ;
#954 = PLANE ( 'NONE',  #8033 ) ;
#955 = DIRECTION ( 'NONE',  ( 0.000000000000000000, 0.000000000000000000, 1.000000000000000000 ) ) ;
#956 = ORIENTED_EDGE ( 'NONE', *, *, #5624, .T. ) ;
#957 = LINE ( 'NONE', #7665, #5561 ) ;
#958 = ORIENTED_EDGE ( 'NONE', *, *, #2551, .T. ) ;
#959 = DIRECTION ( 'NONE',  ( -1.000000000000000000, 0.000000000000000000, 0.000000000000000000 ) ) ;
#960 = CARTESIAN_POINT ( 'NONE',  ( -61.99999999999997158, -100.0000000000000000, 47.00000000000000711 ) ) ;
#961 = DIRECTION ( 'NONE',  ( -0.000000000000000000, 1.000000000000000000, -0.000000000000000000 ) ) ;
#962 =( LENGTH_UNIT ( ) NAMED_UNIT ( * ) SI_UNIT ( .MILLI., .METRE. ) );
#963 = CARTESIAN_POINT ( 'NONE',  ( -37.50000000000001421, 6.000000000000000000, 0.000000000000000000 ) ) ;
#964 = CARTESIAN_POINT ( 'NONE',  ( -30.99999999999987921, -121.0000000000000284, 45.00000000000001421 ) ) ;
#965 = ORIENTED_EDGE ( 'NONE', *, *, #6847, .T. ) ;
#966 = EDGE_LOOP ( 'NONE', ( #2470, #2183, #7762, #4787, #1115, #3703 ) ) ;
#967 = CARTESIAN_POINT ( 'NONE',  ( 42.30000000000000426, -1.737959181815040933E-30, 50.00000000000002842 ) ) ;
#968 = LINE ( 'NONE', #4147, #8698 ) ;
#969 = CARTESIAN_POINT ( 'NONE',  ( -64.99999999999997158, 3.535898384862256716, 47.00000000000000711 ) ) ;
#970 = VERTEX_POINT ( 'NONE', #3365 ) ;
#971 = CARTESIAN_POINT ( 'NONE',  ( -38.24999999999999289, -45.00000000000000000, 50.00000000000000711 ) ) ;
#972 = AXIS2_PLACEMENT_3D ( 'NONE', #3672, #8335, #2250 ) ;
#973 = EDGE_CURVE ( 'NONE', #4156, #5433, #3457, .T. ) ;
#974 = VECTOR ( 'NONE', #6837, 1000.000000000000000 ) ;
#975 = CARTESIAN_POINT ( 'NONE',  ( 59.00000000000002132, -100.0000000000000000, 44.00000000000000711 ) ) ;
#976 = DIRECTION ( 'NONE',  ( 0.000000000000000000, 0.000000000000000000, 1.000000000000000000 ) ) ;
#977 = ORIENTED_EDGE ( 'NONE', *, *, #7948, .F. ) ;
#978 = FACE_OUTER_BOUND ( 'NONE', #2939, .T. ) ;
#979 = EDGE_CURVE ( 'NONE', #912, #2373, #7384, .T. ) ;
#980 = FACE_OUTER_BOUND ( 'NONE', #5727, .T. ) ;
#981 = LINE ( 'NONE', #3637, #172 ) ;
#982 = CIRCLE ( 'NONE', #4506, 1.750000000000001554 ) ;
#983 = ORIENTED_EDGE ( 'NONE', *, *, #8687, .F. ) ;
#984 = DIRECTION ( 'NONE',  ( 0.000000000000000000, -1.000000000000000000, 0.000000000000000000 ) ) ;
#985 = ORIENTED_EDGE ( 'NONE', *, *, #476, .T. ) ;
#986 = VERTEX_POINT ( 'NONE', #5965 ) ;
#987 = EDGE_CURVE ( 'NONE', #8038, #1855, #4651, .T. ) ;
#988 = DIRECTION ( 'NONE',  ( -0.000000000000000000, -1.000000000000000000, -0.000000000000000000 ) ) ;
#989 = ORIENTED_EDGE ( 'NONE', *, *, #354, .F. ) ;
#990 = DIRECTION ( 'NONE',  ( 0.000000000000000000, 0.000000000000000000, -1.000000000000000000 ) ) ;
#991 = CARTESIAN_POINT ( 'NONE',  ( -39.69999999999999574, -4.000000000000000000, -47.00000000000000000 ) ) ;
#992 = CARTESIAN_POINT ( 'NONE',  ( -9.299999999999995381, -100.0000000000000000, 43.50000000000001421 ) ) ;
#993 = CARTESIAN_POINT ( 'NONE',  ( -39.99999999999999289, -45.00000000000000000, -50.00099999999999767 ) ) ;
#994 = ORIENTED_EDGE ( 'NONE', *, *, #8027, .F. ) ;
#995 = EDGE_CURVE ( 'NONE', #7927, #7653, #3434, .T. ) ;
#996 = CARTESIAN_POINT ( 'NONE',  ( -52.00000000000000711, -90.00000000000001421, 32.00000000000001421 ) ) ;
#997 = ORIENTED_EDGE ( 'NONE', *, *, #4881, .T. ) ;
#998 = DIRECTION ( 'NONE',  ( 0.000000000000000000, 0.000000000000000000, -1.000000000000000000 ) ) ;
#999 = DIRECTION ( 'NONE',  ( -0.000000000000000000, -0.000000000000000000, 1.000000000000000000 ) ) ;
#1000 = DIRECTION ( 'NONE',  ( 2.312964634635740985E-16, -0.000000000000000000, 1.000000000000000000 ) ) ;
#1001 = DIRECTION ( 'NONE',  ( -1.000000000000000000, 0.000000000000000000, -0.000000000000000000 ) ) ;
#1002 = CARTESIAN_POINT ( 'NONE',  ( -48.99999999999997158, -103.0000000000000142, 38.00000000000001421 ) ) ;
#1003 = DIRECTION ( 'NONE',  ( 8.673617379884040402E-17, 1.000000000000000000, 5.196803904905448164E-32 ) ) ;
#1004 = CARTESIAN_POINT ( 'NONE',  ( -27.50000000000000355, 5.999999999999971578, 29.00000000000001776 ) ) ;
#1005 = ORIENTED_EDGE ( 'NONE', *, *, #5472, .F. ) ;
#1006 = ORIENTED_EDGE ( 'NONE', *, *, #7057, .F. ) ;
#1007 = CARTESIAN_POINT ( 'NONE',  ( 38.25000000000000711, -44.99999999999999289, 50.00000000000000711 ) ) ;
#1008 = AXIS2_PLACEMENT_3D ( 'NONE', #175, #4200, #3539 ) ;
#1009 = FACE_OUTER_BOUND ( 'NONE', #5980, .T. ) ;
#1010 = DIRECTION ( 'NONE',  ( 0.000000000000000000, -1.000000000000000000, 0.000000000000000000 ) ) ;
#1011 = ORIENTED_EDGE ( 'NONE', *, *, #6892, .T. ) ;
#1012 = CARTESIAN_POINT ( 'NONE',  ( -36.99999999999999289, -100.0000000000000000, 32.00000000000001421 ) ) ;
#1013 = EDGE_CURVE ( 'NONE', #5545, #7112, #8439, .T. ) ;
#1014 = CARTESIAN_POINT ( 'NONE',  ( 42.30000000000000426, -83.50000000000000000, 47.99999999999997868 ) ) ;
#1015 = VERTEX_POINT ( 'NONE', #2120 ) ;
#1016 = CARTESIAN_POINT ( 'NONE',  ( -42.00000000000000711, -4.000000000000000000, 40.00000000000002132 ) ) ;
#1017 = ADVANCED_FACE ( 'NONE', ( #2698 ), #5384, .T. ) ;
#1018 = DIRECTION ( 'NONE',  ( 1.000000000000000000, 0.000000000000000000, 0.000000000000000000 ) ) ;
#1019 = FACE_OUTER_BOUND ( 'NONE', #1626, .T. ) ;
#1020 = ADVANCED_FACE ( 'NONE', ( #2078 ), #90, .F. ) ;
#1021 = VECTOR ( 'NONE', #6004, 1000.000000000000000 ) ;
#1022 = EDGE_LOOP ( 'NONE', ( #2557, #3536, #7609, #4542 ) ) ;
#1023 = DIRECTION ( 'NONE',  ( -0.000000000000000000, -1.000000000000000000, -0.000000000000000000 ) ) ;
#1024 = ORIENTED_EDGE ( 'NONE', *, *, #2974, .F. ) ;
#1025 = ORIENTED_EDGE ( 'NONE', *, *, #3622, .F. ) ;
#1026 = EDGE_CURVE ( 'NONE', #2104, #6559, #6606, .T. ) ;
#1027 = CARTESIAN_POINT ( 'NONE',  ( -52.00000000000004263, -98.00000000000000000, -42.75735931288070191 ) ) ;
#1028 = VERTEX_POINT ( 'NONE', #7473 ) ;
#1029 = VECTOR ( 'NONE', #8496, 1000.000000000000000 ) ;
#1030 = EDGE_CURVE ( 'NONE', #3068, #2435, #8161, .T. ) ;
#1031 = EDGE_CURVE ( 'NONE', #3885, #3777, #2951, .T. ) ;
#1032 = VECTOR ( 'NONE', #3565, 1000.000000000000000 ) ;
#1033 = AXIS2_PLACEMENT_3D ( 'NONE', #1052, #2414, #5109 ) ;
#1034 = CARTESIAN_POINT ( 'NONE',  ( 0.000000000000000000, 6.000000000000000000, 18.99999999999999645 ) ) ;
#1035 = DIRECTION ( 'NONE',  ( 0.000000000000000000, 0.000000000000000000, -1.000000000000000000 ) ) ;
#1036 = ORIENTED_EDGE ( 'NONE', *, *, #4052, .T. ) ;
#1037 = AXIS2_PLACEMENT_3D ( 'NONE', #2944, #2811, #5493 ) ;
#1038 = DIRECTION ( 'NONE',  ( 0.5000000000000015543, 0.8660254037844377084, 0.000000000000000000 ) ) ;
#1039 = ORIENTED_EDGE ( 'NONE', *, *, #915, .T. ) ;
#1040 = DIRECTION ( 'NONE',  ( 0.000000000000000000, -0.000000000000000000, 1.000000000000000000 ) ) ;
#1041 = LINE ( 'NONE', #4360, #630 ) ;
#1042 = CARTESIAN_POINT ( 'NONE',  ( -34.00000000000000000, -4.000000000000000000, 40.00000000000002132 ) ) ;
#1043 = FACE_OUTER_BOUND ( 'NONE', #1150, .T. ) ;
#1044 = EDGE_CURVE ( 'NONE', #7724, #233, #841, .T. ) ;
#1045 = AXIS2_PLACEMENT_3D ( 'NONE', #2247, #7634, #4847 ) ;
#1046 = FACE_OUTER_BOUND ( 'NONE', #1557, .T. ) ;
#1047 = EDGE_CURVE ( 'NONE', #6129, #7539, #3318, .T. ) ;
#1048 = CARTESIAN_POINT ( 'NONE',  ( -6.999999999999993783, -120.0000000000000426, 29.99999999999989342 ) ) ;
#1049 = FACE_OUTER_BOUND ( 'NONE', #6550, .T. ) ;
#1050 = ORIENTED_EDGE ( 'NONE', *, *, #5542, .T. ) ;
#1051 = ORIENTED_EDGE ( 'NONE', *, *, #8714, .F. ) ;
#1052 = CARTESIAN_POINT ( 'NONE',  ( 65.00000000000002842, 7.000000000000000000, 50.00000000000000711 ) ) ;
#1053 = AXIS2_PLACEMENT_3D ( 'NONE', #4481, #7170, #4397 ) ;
#1054 = VERTEX_POINT ( 'NONE', #765 ) ;
#1055 = CARTESIAN_POINT ( 'NONE',  ( 62.00000000000002842, 7.000000000000000000, 47.00000000000000711 ) ) ;
#1056 = DIRECTION ( 'NONE',  ( 1.000000000000000000, 0.000000000000000000, 0.000000000000000000 ) ) ;
#1057 = EDGE_LOOP ( 'NONE', ( #4990, #6640, #2517, #4734, #814, #7846 ) ) ;
#1058 = CARTESIAN_POINT ( 'NONE',  ( -37.99999999999996447, -90.00000000000001421, 0.000000000000000000 ) ) ;
#1059 = VECTOR ( 'NONE', #5056, 1000.000000000000000 ) ;
#1060 = CIRCLE ( 'NONE', #3034, 3.000000000000002665 ) ;
#1061 = LINE ( 'NONE', #3803, #7566 ) ;
#1062 = DIRECTION ( 'NONE',  ( 0.000000000000000000, -1.000000000000000000, 0.000000000000000000 ) ) ;
#1063 = ORIENTED_EDGE ( 'NONE', *, *, #487, .T. ) ;
#1064 = DIRECTION ( 'NONE',  ( 0.000000000000000000, 0.000000000000000000, 1.000000000000000000 ) ) ;
#1065 = ADVANCED_FACE ( 'NONE', ( #7994 ), #8079, .T. ) ;
#1066 = CARTESIAN_POINT ( 'NONE',  ( -38.50000000000000711, 0.000000000000000000, 35.00000000000002132 ) ) ;
#1067 = LINE ( 'NONE', #5827, #1592 ) ;
#1068 = VECTOR ( 'NONE', #1859, 1000.000000000000000 ) ;
#1069 = ORIENTED_EDGE ( 'NONE', *, *, #3493, .F. ) ;
#1070 = DIRECTION ( 'NONE',  ( -1.000000000000000000, 0.000000000000000000, 0.000000000000000000 ) ) ;
#1071 = ORIENTED_EDGE ( 'NONE', *, *, #4448, .F. ) ;
#1072 = ORIENTED_EDGE ( 'NONE', *, *, #3725, .T. ) ;
#1073 = DIRECTION ( 'NONE',  ( 0.000000000000000000, -1.000000000000000000, 0.000000000000000000 ) ) ;
#1074 = ORIENTED_EDGE ( 'NONE', *, *, #2990, .F. ) ;
#1075 =( BOUNDED_CURVE ( )  B_SPLINE_CURVE ( 3, ( #6870, #6335, #6916, #3658 ),
 .UNSPECIFIED., .F., .T. ) 
 B_SPLINE_CURVE_WITH_KNOTS ( ( 4, 4 ),
 ( 0.7853981633974479459, 3.926990816987240951 ),
 .UNSPECIFIED. ) 
 CURVE ( )  GEOMETRIC_REPRESENTATION_ITEM ( )  RATIONAL_B_SPLINE_CURVE ( ( 1.000000000000000000, 0.3333333333333333703, 0.3333333333333333703, 1.000000000000000000 ) ) 
 REPRESENTATION_ITEM ( '' )  );
#1076 = EDGE_CURVE ( 'NONE', #8458, #2145, #717, .T. ) ;
#1077 = DIRECTION ( 'NONE',  ( -1.000000000000000000, 0.000000000000000000, 0.000000000000000000 ) ) ;
#1078 = CARTESIAN_POINT ( 'NONE',  ( 39.29999999999998295, -4.000000000000000000, 25.99999999999999645 ) ) ;
#1079 = ORIENTED_EDGE ( 'NONE', *, *, #8224, .T. ) ;
#1080 = LINE ( 'NONE', #421, #2889 ) ;
#1081 = ORIENTED_EDGE ( 'NONE', *, *, #8035, .F. ) ;
#1082 = DIRECTION ( 'NONE',  ( 0.000000000000000000, 0.000000000000000000, -1.000000000000000000 ) ) ;
#1083 = LINE ( 'NONE', #3697, #1903 ) ;
#1084 = CARTESIAN_POINT ( 'NONE',  ( -21.00000000000000000, -4.000000000000000000, 30.00000000000002132 ) ) ;
#1085 = LINE ( 'NONE', #7841, #3723 ) ;
#1086 = CIRCLE ( 'NONE', #3631, 4.000000000000010658 ) ;
#1087 = ADVANCED_FACE ( 'NONE', ( #6092 ), #6005, .F. ) ;
#1088 = DIRECTION ( 'NONE',  ( 0.000000000000000000, -1.000000000000000000, 0.000000000000000000 ) ) ;
#1089 = DIRECTION ( 'NONE',  ( 0.000000000000000000, 0.000000000000000000, -1.000000000000000000 ) ) ;
#1090 = CARTESIAN_POINT ( 'NONE',  ( -39.99999999999997158, -105.0000000000000142, 46.00000000000001421 ) ) ;
#1091 = ORIENTED_EDGE ( 'NONE', *, *, #2895, .F. ) ;
#1092 = ORIENTED_EDGE ( 'NONE', *, *, #3583, .F. ) ;
#1093 = EDGE_CURVE ( 'NONE', #6788, #211, #8209, .T. ) ;
#1094 = EDGE_CURVE ( 'NONE', #3595, #3242, #7646, .T. ) ;
#1095 = CARTESIAN_POINT ( 'NONE',  ( -38.50000000000000711, -8.000000000000000000, 36.75000000000002842 ) ) ;
#1096 = ORIENTED_EDGE ( 'NONE', *, *, #2341, .T. ) ;
#1097 = LINE ( 'NONE', #3046, #6601 ) ;
#1098 = CARTESIAN_POINT ( 'NONE',  ( -37.99999999999996447, -100.0000000000000000, 35.00000000000000711 ) ) ;
#1099 = ORIENTED_EDGE ( 'NONE', *, *, #9, .T. ) ;
#1100 = DIRECTION ( 'NONE',  ( -0.7071067811865459074, -0.7071067811865491270, 0.000000000000000000 ) ) ;
#1101 = DIRECTION ( 'NONE',  ( 0.000000000000000000, 0.000000000000000000, -1.000000000000000000 ) ) ;
#1102 = PLANE ( 'NONE',  #4636 ) ;
#1103 = ORIENTED_EDGE ( 'NONE', *, *, #3, .T. ) ;
#1104 = VECTOR ( 'NONE', #689, 1000.000000000000000 ) ;
#1105 = DIRECTION ( 'NONE',  ( 0.000000000000000000, 0.000000000000000000, -1.000000000000000000 ) ) ;
#1106 = VECTOR ( 'NONE', #2915, 1000.000000000000000 ) ;
#1107 = CARTESIAN_POINT ( 'NONE',  ( -35.69999999999999574, 11.94974746830584600, -43.00000000000000711 ) ) ;
#1108 = DIRECTION ( 'NONE',  ( 0.000000000000000000, -1.000000000000000000, 0.000000000000000000 ) ) ;
#1109 = VECTOR ( 'NONE', #5849, 1000.000000000000114 ) ;
#1110 = AXIS2_PLACEMENT_3D ( 'NONE', #2153, #885, #219 ) ;
#1111 = ADVANCED_FACE ( 'NONE', ( #2345 ), #1956, .T. ) ;
#1112 = VECTOR ( 'NONE', #8021, 1000.000000000000000 ) ;
#1113 = ORIENTED_EDGE ( 'NONE', *, *, #8310, .F. ) ;
#1114 = CARTESIAN_POINT ( 'NONE',  ( 8.000000000000021316, -100.0000000000000000, 34.99999999999999289 ) ) ;
#1115 = ORIENTED_EDGE ( 'NONE', *, *, #1364, .T. ) ;
#1116 = VERTEX_POINT ( 'NONE', #2214 ) ;
#1117 = PLANE ( 'NONE',  #337 ) ;
#1118 = VECTOR ( 'NONE', #3679, 1000.000000000000000 ) ;
#1119 = ORIENTED_EDGE ( 'NONE', *, *, #3634, .F. ) ;
#1120 = EDGE_CURVE ( 'NONE', #4305, #6327, #3640, .T. ) ;
#1121 = DIRECTION ( 'NONE',  ( 1.000000000000000000, 0.000000000000000000, 0.000000000000000000 ) ) ;
#1122 = VERTEX_POINT ( 'NONE', #4345 ) ;
#1123 = EDGE_CURVE ( 'NONE', #1314, #2169, #5610, .T. ) ;
#1124 = EDGE_CURVE ( 'NONE', #1563, #6818, #1604, .T. ) ;
#1125 = DIRECTION ( 'NONE',  ( 0.000000000000000000, 0.000000000000000000, -1.000000000000000000 ) ) ;
#1126 = ORIENTED_EDGE ( 'NONE', *, *, #3730, .T. ) ;
#1127 = FACE_OUTER_BOUND ( 'NONE', #4537, .T. ) ;
#1128 = CARTESIAN_POINT ( 'NONE',  ( 59.00000000000002132, -105.0000000000000142, 44.00000000000000711 ) ) ;
#1129 = ADVANCED_FACE ( 'NONE', ( #808 ), #3544, .F. ) ;
#1130 = CARTESIAN_POINT ( 'NONE',  ( 56.50000000000004263, -89.05545635173706387, 45.25000000000002132 ) ) ;
#1131 = CARTESIAN_POINT ( 'NONE',  ( 19.00000000000000000, -90.50000000000001421, -21.99999999999997868 ) ) ;
#1132 = ADVANCED_FACE ( 'NONE', ( #6894 ), #856, .F. ) ;
#1133 = DIRECTION ( 'NONE',  ( 0.000000000000000000, 0.000000000000000000, -1.000000000000000000 ) ) ;
#1134 = LINE ( 'NONE', #5802, #4975 ) ;
#1135 = AXIS2_PLACEMENT_3D ( 'NONE', #6946, #2892, #7075 ) ;
#1136 = DIRECTION ( 'NONE',  ( 1.000000000000000000, 0.000000000000000000, 0.000000000000000000 ) ) ;
#1137 = ORIENTED_EDGE ( 'NONE', *, *, #4826, .F. ) ;
#1138 = CLOSED_SHELL ( 'NONE', ( #4904, #2201, #2162, #1388, #1212, #2039, #4678, #751, #8090, #2845, #1772, #4983, #7178, #2687 ) ) ;
#1139 = ORIENTED_EDGE ( 'NONE', *, *, #2963, .F. ) ;
#1140 = CARTESIAN_POINT ( 'NONE',  ( 21.24999999999999645, 0.000000000000000000, 28.75000000000000355 ) ) ;
#1141 = EDGE_LOOP ( 'NONE', ( #7923, #1096, #7069, #4664 ) ) ;
#1142 = CYLINDRICAL_SURFACE ( 'NONE', #3985, 1.750000000000001554 ) ;
#1143 = PLANE ( 'NONE',  #2452 ) ;
#1144 = ORIENTED_EDGE ( 'NONE', *, *, #1013, .F. ) ;
#1145 = CARTESIAN_POINT ( 'NONE',  ( -35.70000000000000995, -4.000000000000000000, 21.24999999999999289 ) ) ;
#1146 = EDGE_CURVE ( 'NONE', #7050, #5212, #4642, .T. ) ;
#1147 = EDGE_CURVE ( 'NONE', #3219, #574, #2257, .T. ) ;
#1148 = LINE ( 'NONE', #7144, #7146 ) ;
#1149 = LINE ( 'NONE', #1808, #4356 ) ;
#1150 = EDGE_LOOP ( 'NONE', ( #8593, #3456 ) ) ;
#1151 = CARTESIAN_POINT ( 'NONE',  ( 43.29999999999997584, 0.000000000000000000, 21.24999999999999289 ) ) ;
#1152 = ORIENTED_EDGE ( 'NONE', *, *, #3896, .F. ) ;
#1153 = VECTOR ( 'NONE', #100, 1000.000000000000000 ) ;
#1154 = DIRECTION ( 'NONE',  ( -0.000000000000000000, -1.000000000000000000, -0.000000000000000000 ) ) ;
#1155 = LINE ( 'NONE', #4018, #8082 ) ;
#1156 = CARTESIAN_POINT ( 'NONE',  ( -58.99999999999997158, 0.000000000000000000, 46.99999999999998579 ) ) ;
#1157 = EDGE_CURVE ( 'NONE', #6603, #3515, #3499, .T. ) ;
#1158 = VERTEX_POINT ( 'NONE', #320 ) ;
#1159 = CARTESIAN_POINT ( 'NONE',  ( 5.000000000000004441, -90.00000000000001421, 46.99999999999999289 ) ) ;
#1160 = ORIENTED_EDGE ( 'NONE', *, *, #6400, .T. ) ;
#1161 = ORIENTED_EDGE ( 'NONE', *, *, #3901, .F. ) ;
#1162 = FACE_BOUND ( 'NONE', #1809, .T. ) ;
#1163 = ORIENTED_EDGE ( 'NONE', *, *, #5823, .T. ) ;
#1164 = VECTOR ( 'NONE', #6465, 1000.000000000000000 ) ;
#1165 = CARTESIAN_POINT ( 'NONE',  ( -39.99999999999999289, -45.00000000000000000, -50.00099999999999767 ) ) ;
#1166 = AXIS2_PLACEMENT_3D ( 'NONE', #5167, #6402, #1770 ) ;
#1167 = EDGE_LOOP ( 'NONE', ( #221, #3932 ) ) ;
#1168 = AXIS2_PLACEMENT_3D ( 'NONE', #3872, #473, #1880 ) ;
#1169 = ADVANCED_FACE ( 'NONE', ( #7604, #4907, #1558 ), #6358, .T. ) ;
#1170 = LINE ( 'NONE', #8528, #6408 ) ;
#1171 = EDGE_LOOP ( 'NONE', ( #7572, #7312, #1071, #6340 ) ) ;
#1172 = LINE ( 'NONE', #6331, #5829 ) ;
#1173 = DIRECTION ( 'NONE',  ( -0.000000000000000000, 1.000000000000000000, -0.000000000000000000 ) ) ;
#1174 = DIRECTION ( 'NONE',  ( 0.000000000000000000, 0.000000000000000000, 1.000000000000000000 ) ) ;
#1175 = AXIS2_PLACEMENT_3D ( 'NONE', #6153, #3472, #2187 ) ;
#1176 = VECTOR ( 'NONE', #2769, 1000.000000000000000 ) ;
#1177 = DIRECTION ( 'NONE',  ( 0.000000000000000000, -0.000000000000000000, -1.000000000000000000 ) ) ;
#1178 = AXIS2_PLACEMENT_3D ( 'NONE', #1165, #1867, #1121 ) ;
#1179 = ADVANCED_FACE ( 'NONE', ( #4164 ), #3593, .F. ) ;
#1180 = CARTESIAN_POINT ( 'NONE',  ( -57.99999999999997158, 0.000000000000000000, -25.19999999999999574 ) ) ;
#1181 = CIRCLE ( 'NONE', #6099, 6.749999999999999112 ) ;
#1182 = DIRECTION ( 'NONE',  ( -0.5773502691896216232, -0.5773502691896237327, -0.5773502691896317263 ) ) ;
#1183 = EDGE_CURVE ( 'NONE', #8008, #1924, #3511, .T. ) ;
#1184 = VECTOR ( 'NONE', #1755, 1000.000000000000000 ) ;
#1185 = EDGE_LOOP ( 'NONE', ( #2376, #444, #4584, #3461 ) ) ;
#1186 = ORIENTED_EDGE ( 'NONE', *, *, #3682, .T. ) ;
#1187 = LINE ( 'NONE', #3291, #1618 ) ;
#1188 = ORIENTED_EDGE ( 'NONE', *, *, #7735, .F. ) ;
#1189 = CARTESIAN_POINT ( 'NONE',  ( -52.00000000000000711, -90.00000000000001421, 31.00000000000001776 ) ) ;
#1190 = DIRECTION ( 'NONE',  ( -0.5773502691896266192, -0.5773502691896240657, 0.5773502691896266192 ) ) ;
#1191 = ORIENTED_EDGE ( 'NONE', *, *, #4964, .T. ) ;
#1192 = DIRECTION ( 'NONE',  ( 0.6427876096865354771, 0.000000000000000000, -0.7660444431189813441 ) ) ;
#1193 = LINE ( 'NONE', #8510, #2237 ) ;
#1194 = AXIS2_PLACEMENT_3D ( 'NONE', #208, #2812, #2277 ) ;
#1195 = EDGE_LOOP ( 'NONE', ( #1885, #6035 ) ) ;
#1196 = CARTESIAN_POINT ( 'NONE',  ( -8.122777644359711832E-15, -90.00000000000001421, 46.99999999999999289 ) ) ;
#1197 = EDGE_LOOP ( 'NONE', ( #4743, #8635, #2868, #7553 ) ) ;
#1198 = EDGE_CURVE ( 'NONE', #6363, #8008, #7697, .T. ) ;
#1199 = EDGE_CURVE ( 'NONE', #986, #6412, #2968, .T. ) ;
#1200 = FILL_AREA_STYLE_COLOUR ( '', #5901 ) ;
#1201 = DIRECTION ( 'NONE',  ( 0.000000000000000000, 1.000000000000000000, 0.000000000000000000 ) ) ;
#1202 = CARTESIAN_POINT ( 'NONE',  ( 65.00000000000002842, -100.0000000000000000, 50.00000000000000711 ) ) ;
#1203 = EDGE_CURVE ( 'NONE', #6428, #567, #8393, .T. ) ;
#1204 = ORIENTED_EDGE ( 'NONE', *, *, #6240, .T. ) ;
#1205 = DIRECTION ( 'NONE',  ( -1.000000000000000000, -0.000000000000000000, -0.000000000000000000 ) ) ;
#1206 = ORIENTED_EDGE ( 'NONE', *, *, #2748, .F. ) ;
#1207 = ORIENTED_EDGE ( 'NONE', *, *, #6828, .T. ) ;
#1208 = VECTOR ( 'NONE', #4818, 1000.000000000000000 ) ;
#1209 = FACE_BOUND ( 'NONE', #5966, .T. ) ;
#1210 = ADVANCED_FACE ( 'NONE', ( #8435 ), #5742, .F. ) ;
#1211 = ADVANCED_FACE ( 'NONE', ( #2392, #5214 ), #5088, .F. ) ;
#1212 = ADVANCED_FACE ( 'NONE', ( #5173, #8600 ), #7825, .T. ) ;
#1213 = ORIENTED_EDGE ( 'NONE', *, *, #2100, .F. ) ;
#1214 = AXIS2_PLACEMENT_3D ( 'NONE', #8697, #5268, #3245 ) ;
#1215 = LINE ( 'NONE', #1739, #1879 ) ;
#1216 = ORIENTED_EDGE ( 'NONE', *, *, #8558, .T. ) ;
#1217 = CARTESIAN_POINT ( 'NONE',  ( -35.70000000000000995, 0.000000000000000000, 21.24999999999999289 ) ) ;
#1218 = ORIENTED_EDGE ( 'NONE', *, *, #4334, .T. ) ;
#1219 = DIRECTION ( 'NONE',  ( -0.000000000000000000, 1.000000000000000000, -0.000000000000000000 ) ) ;
#1220 = DIRECTION ( 'NONE',  ( -0.000000000000000000, 1.000000000000000000, -0.000000000000000000 ) ) ;
#1221 = PRODUCT_CONTEXT ( 'NONE', #4510, 'mechanical' ) ;
#1222 = CARTESIAN_POINT ( 'NONE',  ( 59.00000000000002132, 0.000000000000000000, 47.00000000000000711 ) ) ;
#1223 = EDGE_CURVE ( 'NONE', #5909, #2666, #2657, .T. ) ;
#1224 = CARTESIAN_POINT ( 'NONE',  ( -61.99999999999997158, -60.00000000000000000, 13.20000000000006857 ) ) ;
#1225 = EDGE_LOOP ( 'NONE', ( #2593, #1269, #3319, #4758 ) ) ;
#1226 = DIRECTION ( 'NONE',  ( 0.000000000000000000, 1.000000000000000000, 0.000000000000000000 ) ) ;
#1227 = ORIENTED_EDGE ( 'NONE', *, *, #6366, .F. ) ;
#1228 = DIRECTION ( 'NONE',  ( 0.000000000000000000, 0.000000000000000000, 1.000000000000000000 ) ) ;
#1229 = VERTEX_POINT ( 'NONE', #4426 ) ;
#1230 = CIRCLE ( 'NONE', #4037, 1.750000000000005107 ) ;
#1231 = CARTESIAN_POINT ( 'NONE',  ( 59.00000000000003553, -89.05545635173706387, -42.74999999999999289 ) ) ;
#1232 = CARTESIAN_POINT ( 'NONE',  ( -35.70000000000000995, 11.94974746830584600, 22.99999999999999645 ) ) ;
#1233 = VERTEX_POINT ( 'NONE', #1776 ) ;
#1234 = DIRECTION ( 'NONE',  ( -0.000000000000000000, -1.000000000000000000, -0.000000000000000000 ) ) ;
#1235 = CARTESIAN_POINT ( 'NONE',  ( 62.00000000000002842, -105.0000000000000142, -47.99999999999997868 ) ) ;
#1236 = DIRECTION ( 'NONE',  ( 0.000000000000000000, 0.000000000000000000, -1.000000000000000000 ) ) ;
#1237 = AXIS2_PLACEMENT_3D ( 'NONE', #2799, #6102, #6814 ) ;
#1238 = VERTEX_POINT ( 'NONE', #3767 ) ;
#1239 = CARTESIAN_POINT ( 'NONE',  ( -57.99999999999997868, 0.000000000000000000, -26.19999999999999574 ) ) ;
#1240 = EDGE_LOOP ( 'NONE', ( #7571, #7887, #3952, #3693 ) ) ;
#1241 = LINE ( 'NONE', #6614, #2651 ) ;
#1242 = LINE ( 'NONE', #6616, #1471 ) ;
#1243 = DIRECTION ( 'NONE',  ( -0.7071067811865472397, 0.000000000000000000, -0.7071067811865479058 ) ) ;
#1244 = EDGE_CURVE ( 'NONE', #3623, #970, #3058, .T. ) ;
#1245 = DIRECTION ( 'NONE',  ( -0.7071067811865462405, 0.000000000000000000, -0.7071067811865489050 ) ) ;
#1246 = EDGE_LOOP ( 'NONE', ( #6509, #2700, #7386, #8578 ) ) ;
#1247 = DIRECTION ( 'NONE',  ( -0.5773502691896266192, -0.5773502691896240657, 0.5773502691896266192 ) ) ;
#1248 = VERTEX_POINT ( 'NONE', #8557 ) ;
#1249 = VECTOR ( 'NONE', #7285, 1000.000000000000000 ) ;
#1250 = CARTESIAN_POINT ( 'NONE',  ( -51.99999999999999289, -100.0000000000000000, 45.00000000000001421 ) ) ;
#1251 = VECTOR ( 'NONE', #8330, 1000.000000000000000 ) ;
#1252 = VECTOR ( 'NONE', #2591, 1000.000000000000114 ) ;
#1253 = EDGE_CURVE ( 'NONE', #6050, #2580, #4555, .T. ) ;
#1254 = DIRECTION ( 'NONE',  ( 1.000000000000000000, 0.000000000000000000, 0.000000000000000000 ) ) ;
#1255 = AXIS2_PLACEMENT_3D ( 'NONE', #2918, #229, #5693 ) ;
#1256 = ORIENTED_EDGE ( 'NONE', *, *, #6888, .T. ) ;
#1257 = ORIENTED_EDGE ( 'NONE', *, *, #4051, .F. ) ;
#1258 = AXIS2_PLACEMENT_3D ( 'NONE', #5918, #6578, #5255 ) ;
#1259 = LINE ( 'NONE', #3950, #7251 ) ;
#1260 = EDGE_LOOP ( 'NONE', ( #2837, #2271, #2596, #6809 ) ) ;
#1261 = LINE ( 'NONE', #1995, #8390 ) ;
#1262 = FACE_BOUND ( 'NONE', #4012, .T. ) ;
#1263 = CARTESIAN_POINT ( 'NONE',  ( 8.000000000000021316, -100.0000000000000000, 50.00000000000000711 ) ) ;
#1264 = EDGE_CURVE ( 'NONE', #5476, #1122, #3664, .T. ) ;
#1265 = FACE_BOUND ( 'NONE', #1946, .T. ) ;
#1266 = VERTEX_POINT ( 'NONE', #1159 ) ;
#1267 = AXIS2_PLACEMENT_3D ( 'NONE', #3135, #2471, #5165 ) ;
#1268 = CARTESIAN_POINT ( 'NONE',  ( -36.99999999999999289, -90.00000000000001421, 31.00000000000001776 ) ) ;
#1269 = ORIENTED_EDGE ( 'NONE', *, *, #390, .T. ) ;
#1270 = DIRECTION ( 'NONE',  ( 0.000000000000000000, 0.000000000000000000, -1.000000000000000000 ) ) ;
#1271 = VERTEX_POINT ( 'NONE', #6446 ) ;
#1272 = CARTESIAN_POINT ( 'NONE',  ( 65.00000000000002842, 3.535898384862257160, 47.00000000000000711 ) ) ;
#1273 = DIRECTION ( 'NONE',  ( 0.000000000000000000, 0.000000000000000000, -1.000000000000000000 ) ) ;
#1274 = LINE ( 'NONE', #609, #5834 ) ;
#1275 = CARTESIAN_POINT ( 'NONE',  ( -64.99999999999997158, 7.000000000000000000, 50.00000000000000711 ) ) ;
#1276 = AXIS2_PLACEMENT_3D ( 'NONE', #6857, #3420, #5439 ) ;
#1277 = DIRECTION ( 'NONE',  ( -0.6427876096865370315, 0.000000000000000000, -0.7660444431189801229 ) ) ;
#1278 = CARTESIAN_POINT ( 'NONE',  ( 62.00000000000002842, -105.0000000000000142, -46.99999999999999289 ) ) ;
#1279 = ORIENTED_EDGE ( 'NONE', *, *, #4354, .T. ) ;
#1280 = CARTESIAN_POINT ( 'NONE',  ( 0.000000000000000000, -4.000000000000000000, 0.000000000000000000 ) ) ;
#1281 = VERTEX_POINT ( 'NONE', #5832 ) ;
#1282 = LINE ( 'NONE', #1937, #7595 ) ;
#1283 = CARTESIAN_POINT ( 'NONE',  ( -61.99999999999997158, -101.5358983848622927, -49.99999999999999289 ) ) ;
#1284 = EDGE_CURVE ( 'NONE', #7242, #867, #1687, .T. ) ;
#1285 = CARTESIAN_POINT ( 'NONE',  ( -6.999999999999999112, -100.0000000000000000, 47.00000000000001421 ) ) ;
#1286 =( BOUNDED_CURVE ( )  B_SPLINE_CURVE ( 3, ( #3331, #519, #6018, #6641 ),
 .UNSPECIFIED., .F., .T. ) 
 B_SPLINE_CURVE_WITH_KNOTS ( ( 4, 4 ),
 ( 5.893424574382095216, 6.672946039977077248 ),
 .UNSPECIFIED. ) 
 CURVE ( )  GEOMETRIC_REPRESENTATION_ITEM ( )  RATIONAL_B_SPLINE_CURVE ( ( 1.000000000000000000, 0.9499999999999958478, 0.9499999999999958478, 1.000000000000000000 ) ) 
 REPRESENTATION_ITEM ( '' )  );
#1287 = CARTESIAN_POINT ( 'NONE',  ( -62.99999999999997158, 7.000000000000000000, 0.000000000000000000 ) ) ;
#1288 = ORIENTED_EDGE ( 'NONE', *, *, #5560, .T. ) ;
#1289 = CARTESIAN_POINT ( 'NONE',  ( -35.69999999999999574, 5.000000000000000000, -44.75000000000001421 ) ) ;
#1290 = EDGE_CURVE ( 'NONE', #2413, #807, #7903, .T. ) ;
#1291 = VERTEX_POINT ( 'NONE', #1114 ) ;
#1292 = ADVANCED_FACE ( 'NONE', ( #7864, #1819 ), #8476, .F. ) ;
#1293 = DIRECTION ( 'NONE',  ( -0.000000000000000000, 1.000000000000000000, -0.000000000000000000 ) ) ;
#1294 = AXIS2_PLACEMENT_3D ( 'NONE', #8032, #5424, #7988 ) ;
#1295 = DIRECTION ( 'NONE',  ( -1.000000000000000000, 0.000000000000000000, 0.000000000000000000 ) ) ;
#1296 = ORIENTED_EDGE ( 'NONE', *, *, #3452, .F. ) ;
#1297 = ORIENTED_EDGE ( 'NONE', *, *, #126, .T. ) ;
#1298 = ADVANCED_FACE ( 'NONE', ( #2433 ), #3899, .F. ) ;
#1299 = DIRECTION ( 'NONE',  ( -0.000000000000000000, 1.000000000000000000, -0.000000000000000000 ) ) ;
#1300 = EDGE_LOOP ( 'NONE', ( #4163, #3322, #2511, #914 ) ) ;
#1301 = ADVANCED_FACE ( 'NONE', ( #6490 ), #3852, .F. ) ;
#1302 = CYLINDRICAL_SURFACE ( 'NONE', #5975, 1.750000000000001554 ) ;
#1303 = LINE ( 'NONE', #6763, #6416 ) ;
#1304 = VECTOR ( 'NONE', #316, 1000.000000000000000 ) ;
#1305 = LINE ( 'NONE', #3246, #6144 ) ;
#1306 = DIRECTION ( 'NONE',  ( 0.000000000000000000, 0.000000000000000000, 1.000000000000000000 ) ) ;
#1307 = DIRECTION ( 'NONE',  ( 0.000000000000000000, 1.000000000000000000, 0.000000000000000000 ) ) ;
#1308 = VECTOR ( 'NONE', #59, 1000.000000000000000 ) ;
#1309 = ORIENTED_EDGE ( 'NONE', *, *, #979, .T. ) ;
#1310 = DIRECTION ( 'NONE',  ( 0.000000000000000000, 0.000000000000000000, 1.000000000000000000 ) ) ;
#1311 = ORIENTED_EDGE ( 'NONE', *, *, #2690, .T. ) ;
#1312 = CARTESIAN_POINT ( 'NONE',  ( 47.29999999999998295, 0.000000000000000000, 25.99999999999999645 ) ) ;
#1313 = VECTOR ( 'NONE', #1355, 1000.000000000000000 ) ;
#1314 = VERTEX_POINT ( 'NONE', #3724 ) ;
#1315 = LINE ( 'NONE', #5280, #8620 ) ;
#1316 = FACE_OUTER_BOUND ( 'NONE', #7454, .T. ) ;
#1317 = EDGE_CURVE ( 'NONE', #2196, #3876, #6929, .T. ) ;
#1318 = LINE ( 'NONE', #6690, #7101 ) ;
#1319 = CARTESIAN_POINT ( 'NONE',  ( -8.626407040611047148E-15, -93.50000000000000000, 50.00000000000002132 ) ) ;
#1320 = VECTOR ( 'NONE', #2620, 1000.000000000000000 ) ;
#1321 = CARTESIAN_POINT ( 'NONE',  ( 7.866666666667007313, -59.06666666666701104, 13.56666666666651189 ) ) ;
#1322 = VECTOR ( 'NONE', #8232, 1000.000000000000114 ) ;
#1323 = DIRECTION ( 'NONE',  ( -0.7071067811865511255, 0.000000000000000000, -0.7071067811865440200 ) ) ;
#1324 = ORIENTED_EDGE ( 'NONE', *, *, #3887, .F. ) ;
#1325 = FACE_OUTER_BOUND ( 'NONE', #3183, .T. ) ;
#1326 = ORIENTED_EDGE ( 'NONE', *, *, #6083, .T. ) ;
#1327 = DIRECTION ( 'NONE',  ( 0.000000000000000000, 0.000000000000000000, 1.000000000000000000 ) ) ;
#1328 = CARTESIAN_POINT ( 'NONE',  ( 42.30000000000000426, -93.50000000000000000, 47.00000000000000711 ) ) ;
#1329 = UNCERTAINTY_MEASURE_WITH_UNIT (LENGTH_MEASURE( 1.000000000000000082E-05 ), #8515, 'distance_accuracy_value', 'NONE');
#1330 = VECTOR ( 'NONE', #7754, 1000.000000000000000 ) ;
#1331 = LINE ( 'NONE', #750, #4452 ) ;
#1332 = AXIS2_PLACEMENT_3D ( 'NONE', #79, #8243, #2110 ) ;
#1333 = FACE_OUTER_BOUND ( 'NONE', #4302, .T. ) ;
#1334 = EDGE_LOOP ( 'NONE', ( #5588, #3765, #6921, #3606, #4516, #4115 ) ) ;
#1335 = LINE ( 'NONE', #6044, #5510 ) ;
#1336 = VECTOR ( 'NONE', #5488, 1000.000000000000000 ) ;
#1337 = CARTESIAN_POINT ( 'NONE',  ( 19.00000000000000000, -90.50000000000001421, -21.99999999999997868 ) ) ;
#1338 = AXIS2_PLACEMENT_3D ( 'NONE', #8670, #5986, #2628 ) ;
#1339 = DIRECTION ( 'NONE',  ( 0.000000000000000000, 0.000000000000000000, 1.000000000000000000 ) ) ;
#1340 = CIRCLE ( 'NONE', #6274, 1.750000000000005107 ) ;
#1341 = ORIENTED_EDGE ( 'NONE', *, *, #5926, .F. ) ;
#1342 = ORIENTED_EDGE ( 'NONE', *, *, #8035, .T. ) ;
#1343 = LINE ( 'NONE', #4611, #2176 ) ;
#1344 = EDGE_LOOP ( 'NONE', ( #1872, #1513, #4416, #301 ) ) ;
#1345 = CARTESIAN_POINT ( 'NONE',  ( -42.00000000000000711, 0.000000000000000000, 40.00000000000002132 ) ) ;
#1346 = CARTESIAN_POINT ( 'NONE',  ( 52.00000000000004263, -98.00000000000000000, -47.00000000000000000 ) ) ;
#1347 = CARTESIAN_POINT ( 'NONE',  ( 62.00000000000002842, -100.0000000000000000, 47.00000000000000711 ) ) ;
#1348 = DIRECTION ( 'NONE',  ( 0.000000000000000000, 1.000000000000000000, -0.000000000000000000 ) ) ;
#1349 = DIRECTION ( 'NONE',  ( 0.000000000000000000, -1.000000000000000000, 0.000000000000000000 ) ) ;
#1350 = ORIENTED_EDGE ( 'NONE', *, *, #7286, .F. ) ;
#1351 = DIRECTION ( 'NONE',  ( 0.000000000000000000, -0.000000000000000000, 1.000000000000000000 ) ) ;
#1352 = EDGE_LOOP ( 'NONE', ( #5591, #5353, #4088, #3438 ) ) ;
#1353 = DIRECTION ( 'NONE',  ( 0.8164965809277240361, -0.5773502691896283956, 4.569018667710064620E-17 ) ) ;
#1354 = VERTEX_POINT ( 'NONE', #6708 ) ;
#1355 = DIRECTION ( 'NONE',  ( 1.678764654171103998E-16, -0.000000000000000000, -1.000000000000000000 ) ) ;
#1356 = DIRECTION ( 'NONE',  ( 0.000000000000000000, 0.000000000000000000, -1.000000000000000000 ) ) ;
#1357 = CARTESIAN_POINT ( 'NONE',  ( -35.69999999999999574, 0.000000000000000000, -44.75000000000001421 ) ) ;
#1358 = FACE_OUTER_BOUND ( 'NONE', #3710, .T. ) ;
#1359 = FACE_OUTER_BOUND ( 'NONE', #4754, .T. ) ;
#1360 = CARTESIAN_POINT ( 'NONE',  ( -55.99999999999996447, -60.00000000000000000, 7.200000000000002842 ) ) ;
#1361 = ADVANCED_FACE ( 'NONE', ( #2031 ), #3270, .F. ) ;
#1362 = EDGE_LOOP ( 'NONE', ( #5454, #4580, #5511, #8503 ) ) ;
#1363 = DIRECTION ( 'NONE',  ( -3.854941057726237604E-16, 0.000000000000000000, 1.000000000000000000 ) ) ;
#1364 = EDGE_CURVE ( 'NONE', #398, #6440, #3979, .T. ) ;
#1365 = ORIENTED_EDGE ( 'NONE', *, *, #7821, .T. ) ;
#1366 = VERTEX_POINT ( 'NONE', #3451 ) ;
#1367 = AXIS2_PLACEMENT_3D ( 'NONE', #2336, #4375, #7058 ) ;
#1368 = DIRECTION ( 'NONE',  ( -0.000000000000000000, 1.000000000000000000, -0.000000000000000000 ) ) ;
#1369 = CARTESIAN_POINT ( 'NONE',  ( -8.626407040611047148E-15, -90.00000000000001421, 48.00000000000000711 ) ) ;
#1370 = VERTEX_POINT ( 'NONE', #671 ) ;
#1371 = CARTESIAN_POINT ( 'NONE',  ( 63.00000000000002842, 7.000000000000000000, 47.00000000000000711 ) ) ;
#1372 = CIRCLE ( 'NONE', #6301, 6.749999999999999112 ) ;
#1373 = DIRECTION ( 'NONE',  ( 0.5000000000000069944, 0.8660254037844344888, 0.000000000000000000 ) ) ;
#1374 = EDGE_LOOP ( 'NONE', ( #1025, #8062, #1955, #2983 ) ) ;
#1375 = DIRECTION ( 'NONE',  ( 0.000000000000000000, -0.000000000000000000, 1.000000000000000000 ) ) ;
#1376 = CARTESIAN_POINT ( 'NONE',  ( 43.29999999999997584, 5.000000000000000000, 22.99999999999999645 ) ) ;
#1377 = EDGE_CURVE ( 'NONE', #7026, #8583, #3692, .T. ) ;
#1378 = DIRECTION ( 'NONE',  ( 0.000000000000000000, 1.000000000000000000, 0.000000000000000000 ) ) ;
#1379 = ORIENTED_EDGE ( 'NONE', *, *, #5246, .T. ) ;
#1380 = ORIENTED_EDGE ( 'NONE', *, *, #4783, .T. ) ;
#1381 = AXIS2_PLACEMENT_3D ( 'NONE', #2195, #4885, #212 ) ;
#1382 = VERTEX_POINT ( 'NONE', #5299 ) ;
#1383 = DIRECTION ( 'NONE',  ( 0.000000000000000000, -1.000000000000000000, 0.000000000000000000 ) ) ;
#1384 = EDGE_CURVE ( 'NONE', #4675, #649, #1856, .T. ) ;
#1385 = DIRECTION ( 'NONE',  ( 0.000000000000000000, 0.000000000000000000, -1.000000000000000000 ) ) ;
#1386 = AXIS2_PLACEMENT_3D ( 'NONE', #7369, #6126, #4676 ) ;
#1387 = DIRECTION ( 'NONE',  ( 0.000000000000000000, 0.000000000000000000, -1.000000000000000000 ) ) ;
#1388 = ADVANCED_FACE ( 'NONE', ( #5958, #6133, #2645 ), #4602, .F. ) ;
#1389 = PLANE ( 'NONE',  #136 ) ;
#1390 = DIRECTION ( 'NONE',  ( 0.000000000000000000, 0.000000000000000000, 1.000000000000000000 ) ) ;
#1391 = VERTEX_POINT ( 'NONE', #7470 ) ;
#1392 = EDGE_CURVE ( 'NONE', #3842, #3333, #8605, .T. ) ;
#1393 = ORIENTED_EDGE ( 'NONE', *, *, #287, .T. ) ;
#1394 = EDGE_CURVE ( 'NONE', #2554, #4765, #4646, .T. ) ;
#1395 = CARTESIAN_POINT ( 'NONE',  ( -10.30741759643275834, -125.8626460450250875, 38.00000000000000711 ) ) ;
#1396 = ORIENTED_EDGE ( 'NONE', *, *, #4434, .T. ) ;
#1397 = DIRECTION ( 'NONE',  ( -9.505334114941409750E-17, -0.000000000000000000, 1.000000000000000000 ) ) ;
#1398 = DIRECTION ( 'NONE',  ( 0.000000000000000000, 0.000000000000000000, -1.000000000000000000 ) ) ;
#1399 = AXIS2_PLACEMENT_3D ( 'NONE', #6406, #2555, #5129 ) ;
#1400 = CARTESIAN_POINT ( 'NONE',  ( 62.00000000000002842, -86.05025253169428368, -43.99999999999999289 ) ) ;
#1401 = CARTESIAN_POINT ( 'NONE',  ( 43.29999999999999005, 11.94974746830584600, -43.00000000000000711 ) ) ;
#1402 = DIRECTION ( 'NONE',  ( 0.000000000000000000, 0.000000000000000000, -1.000000000000000000 ) ) ;
#1403 = VECTOR ( 'NONE', #7278, 1000.000000000000000 ) ;
#1404 = CARTESIAN_POINT ( 'NONE',  ( -61.99999999999995737, -86.05025253169432631, -44.00000000000000000 ) ) ;
#1405 = EDGE_LOOP ( 'NONE', ( #6803, #7837, #1024, #7091 ) ) ;
#1406 = PLANE ( 'NONE',  #2957 ) ;
#1407 = ORIENTED_EDGE ( 'NONE', *, *, #8005, .F. ) ;
#1408 = ORIENTED_EDGE ( 'NONE', *, *, #7821, .F. ) ;
#1409 = ADVANCED_FACE ( 'NONE', ( #42 ), #1945, .F. ) ;
#1410 = CARTESIAN_POINT ( 'NONE',  ( -39.70000000000000995, -4.000000000000000000, 25.99999999999999645 ) ) ;
#1411 = CARTESIAN_POINT ( 'NONE',  ( -55.00000000000000711, -90.00000000000001421, 41.93571735695856972 ) ) ;
#1412 = VERTEX_POINT ( 'NONE', #3358 ) ;
#1413 = DIRECTION ( 'NONE',  ( -0.000000000000000000, 1.000000000000000000, -0.000000000000000000 ) ) ;
#1414 = EDGE_CURVE ( 'NONE', #5017, #883, #4023, .T. ) ;
#1415 =( BOUNDED_CURVE ( )  B_SPLINE_CURVE ( 3, ( #6303, #6212, #166, #1499 ),
 .UNSPECIFIED., .F., .T. ) 
 B_SPLINE_CURVE_WITH_KNOTS ( ( 4, 4 ),
 ( 3.926990816987240951, 7.068583470577034511 ),
 .UNSPECIFIED. ) 
 CURVE ( )  GEOMETRIC_REPRESENTATION_ITEM ( )  RATIONAL_B_SPLINE_CURVE ( ( 1.000000000000000000, 0.3333333333333332038, 0.3333333333333332038, 1.000000000000000000 ) ) 
 REPRESENTATION_ITEM ( '' )  );
#1416 = DIRECTION ( 'NONE',  ( 0.000000000000000000, 0.000000000000000000, -1.000000000000000000 ) ) ;
#1417 = EDGE_LOOP ( 'NONE', ( #3632, #5026, #5366, #882 ) ) ;
#1418 = DIRECTION ( 'NONE',  ( 0.000000000000000000, -0.000000000000000000, -1.000000000000000000 ) ) ;
#1419 = DIRECTION ( 'NONE',  ( 1.000000000000000000, 0.000000000000000000, 9.637352644315596475E-17 ) ) ;
#1420 = EDGE_CURVE ( 'NONE', #7071, #2544, #1335, .T. ) ;
#1421 = EDGE_CURVE ( 'NONE', #854, #347, #8073, .T. ) ;
#1422 = CARTESIAN_POINT ( 'NONE',  ( -39.99999999999997158, -88.00000000000004263, 50.00000000000000711 ) ) ;
#1423 = ORIENTED_EDGE ( 'NONE', *, *, #3773, .T. ) ;
#1424 = ORIENTED_EDGE ( 'NONE', *, *, #1987, .T. ) ;
#1425 = AXIS2_PLACEMENT_3D ( 'NONE', #4246, #3587, #8157 ) ;
#1426 = ORIENTED_EDGE ( 'NONE', *, *, #6892, .F. ) ;
#1427 = DIRECTION ( 'NONE',  ( 0.000000000000000000, -0.000000000000000000, 1.000000000000000000 ) ) ;
#1428 = DIRECTION ( 'NONE',  ( 0.7071067811865464625, 0.000000000000000000, 0.7071067811865486830 ) ) ;
#1429 = FACE_OUTER_BOUND ( 'NONE', #5857, .T. ) ;
#1430 = CARTESIAN_POINT ( 'NONE',  ( 5.000000000000003553, -90.00000000000001421, 50.00000000000002132 ) ) ;
#1431 = PLANE ( 'NONE',  #5680 ) ;
#1432 = VERTEX_POINT ( 'NONE', #1289 ) ;
#1433 = ADVANCED_FACE ( 'NONE', ( #581 ), #2606, .T. ) ;
#1434 = EDGE_LOOP ( 'NONE', ( #2583, #1679, #5517, #7781 ) ) ;
#1435 = CARTESIAN_POINT ( 'NONE',  ( -37.99999999999996447, -103.0000000000000142, 38.00000000000001421 ) ) ;
#1436 = ORIENTED_EDGE ( 'NONE', *, *, #198, .F. ) ;
#1437 = CARTESIAN_POINT ( 'NONE',  ( 31.30000000000000782, -105.0000000000000142, 45.00000000000003553 ) ) ;
#1438 = CARTESIAN_POINT ( 'NONE',  ( -9.299999999999995381, -90.00000000000001421, 41.50000000000000711 ) ) ;
#1439 = DIRECTION ( 'NONE',  ( 0.000000000000000000, 0.000000000000000000, 1.000000000000000000 ) ) ;
#1440 = VECTOR ( 'NONE', #6665, 1000.000000000000000 ) ;
#1441 = DIRECTION ( 'NONE',  ( -0.000000000000000000, 0.000000000000000000, 1.000000000000000000 ) ) ;
#1442 = DIRECTION ( 'NONE',  ( 0.000000000000000000, -1.000000000000000000, 0.000000000000000000 ) ) ;
#1443 = EDGE_CURVE ( 'NONE', #3345, #140, #386, .T. ) ;
#1444 = DIRECTION ( 'NONE',  ( 0.7071067811865462405, 0.000000000000000000, 0.7071067811865489050 ) ) ;
#1445 = EDGE_LOOP ( 'NONE', ( #6115, #1778, #5377, #7584 ) ) ;
#1446 = LINE ( 'NONE', #793, #4483 ) ;
#1447 = AXIS2_PLACEMENT_3D ( 'NONE', #6420, #7792, #465 ) ;
#1448 = ORIENTED_EDGE ( 'NONE', *, *, #7450, .F. ) ;
#1449 = VERTEX_POINT ( 'NONE', #3314 ) ;
#1450 = CARTESIAN_POINT ( 'NONE',  ( 42.30000000000000426, -105.0000000000000142, 45.00000000000003553 ) ) ;
#1451 = CIRCLE ( 'NONE', #6380, 4.000000000000000000 ) ;
#1452 = PLANE ( 'NONE',  #1533 ) ;
#1453 = LINE ( 'NONE', #4240, #4154 ) ;
#1454 = VERTEX_POINT ( 'NONE', #6003 ) ;
#1455 = FACE_OUTER_BOUND ( 'NONE', #4782, .T. ) ;
#1456 = VECTOR ( 'NONE', #5550, 1000.000000000000000 ) ;
#1457 = DIRECTION ( 'NONE',  ( 0.000000000000000000, 0.000000000000000000, 1.000000000000000000 ) ) ;
#1458 = VERTEX_POINT ( 'NONE', #7288 ) ;
#1459 = FACE_OUTER_BOUND ( 'NONE', #3858, .T. ) ;
#1460 = EDGE_CURVE ( 'NONE', #2478, #8095, #6793, .T. ) ;
#1461 = VECTOR ( 'NONE', #4893, 1000.000000000000000 ) ;
#1462 = AXIS2_PLACEMENT_3D ( 'NONE', #1781, #5921, #8438 ) ;
#1463 = FACE_OUTER_BOUND ( 'NONE', #7905, .T. ) ;
#1464 = ORIENTED_EDGE ( 'NONE', *, *, #5246, .F. ) ;
#1465 = DIRECTION ( 'NONE',  ( 0.000000000000000000, -1.000000000000000000, 0.000000000000000000 ) ) ;
#1466 = AXIS2_PLACEMENT_3D ( 'NONE', #6829, #5672, #2856 ) ;
#1467 = VERTEX_POINT ( 'NONE', #5647 ) ;
#1468 = ORIENTED_EDGE ( 'NONE', *, *, #5177, .T. ) ;
#1469 = EDGE_CURVE ( 'NONE', #4131, #4305, #4807, .T. ) ;
#1470 = ADVANCED_FACE ( 'NONE', ( #271 ), #3633, .F. ) ;
#1471 = VECTOR ( 'NONE', #7281, 1000.000000000000000 ) ;
#1472 = DIRECTION ( 'NONE',  ( 0.000000000000000000, 0.000000000000000000, -1.000000000000000000 ) ) ;
#1473 = ORIENTED_EDGE ( 'NONE', *, *, #1264, .F. ) ;
#1474 = CARTESIAN_POINT ( 'NONE',  ( 39.29999999999998295, 0.000000000000000000, 25.99999999999999645 ) ) ;
#1475 = CARTESIAN_POINT ( 'NONE',  ( -6.568819562365511634E-15, 6.000000000000000000, -35.50000000000001421 ) ) ;
#1476 = VECTOR ( 'NONE', #4967, 1000.000000000000000 ) ;
#1477 = AXIS2_PLACEMENT_3D ( 'NONE', #1128, #4317, #249 ) ;
#1478 = DIRECTION ( 'NONE',  ( 0.000000000000000000, 0.000000000000000000, 1.000000000000000000 ) ) ;
#1479 = LINE ( 'NONE', #3376, #569 ) ;
#1480 = DIRECTION ( 'NONE',  ( 0.000000000000000000, 0.000000000000000000, 1.000000000000000000 ) ) ;
#1481 = ORIENTED_EDGE ( 'NONE', *, *, #4767, .F. ) ;
#1482 = ORIENTED_EDGE ( 'NONE', *, *, #5329, .T. ) ;
#1483 = CARTESIAN_POINT ( 'NONE',  ( -57.99999999999997868, 0.000000000000000000, 2.200000000000002398 ) ) ;
#1484 = AXIS2_PLACEMENT_3D ( 'NONE', #5434, #4078, #6053 ) ;
#1485 = ORIENTED_EDGE ( 'NONE', *, *, #2431, .F. ) ;
#1486 = DIRECTION ( 'NONE',  ( 0.000000000000000000, 0.000000000000000000, 1.000000000000000000 ) ) ;
#1487 = CARTESIAN_POINT ( 'NONE',  ( 0.000000000000000000, 5.000000000000000000, 0.000000000000000000 ) ) ;
#1488 = CARTESIAN_POINT ( 'NONE',  ( 59.00000000000002132, -105.0000000000000142, 45.75000000000000711 ) ) ;
#1489 = CARTESIAN_POINT ( 'NONE',  ( 33.75000000000000000, 4.000000000000000000, 28.75000000000000355 ) ) ;
#1490 = EDGE_CURVE ( 'NONE', #6975, #3003, #3674, .T. ) ;
#1491 = AXIS2_PLACEMENT_3D ( 'NONE', #4080, #6100, #7478 ) ;
#1492 = DIRECTION ( 'NONE',  ( 0.000000000000000000, -0.000000000000000000, -1.000000000000000000 ) ) ;
#1493 = CARTESIAN_POINT ( 'NONE',  ( 43.29999999999997584, 0.000000000000000000, 22.99999999999999645 ) ) ;
#1494 = ORIENTED_EDGE ( 'NONE', *, *, #2352, .F. ) ;
#1495 = DIRECTION ( 'NONE',  ( 0.000000000000000000, 1.000000000000000000, 0.000000000000000000 ) ) ;
#1496 = VERTEX_POINT ( 'NONE', #2827 ) ;
#1497 = VERTEX_POINT ( 'NONE', #1595 ) ;
#1498 = FACE_OUTER_BOUND ( 'NONE', #304, .T. ) ;
#1499 = CARTESIAN_POINT ( 'NONE',  ( 59.00000000000003553, -89.05545635173706387, -42.74999999999999289 ) ) ;
#1500 = CARTESIAN_POINT ( 'NONE',  ( 28.29999999999999005, -100.0000000000000000, 34.00000000000001421 ) ) ;
#1501 = EDGE_LOOP ( 'NONE', ( #1762, #1585, #2884, #1713 ) ) ;
#1502 = PRESENTATION_STYLE_ASSIGNMENT (( #5598 ) ) ;
#1503 = EDGE_CURVE ( 'NONE', #2170, #8537, #5931, .T. ) ;
#1504 = DIRECTION ( 'NONE',  ( -0.000000000000000000, -0.000000000000000000, 1.000000000000000000 ) ) ;
#1505 = EDGE_LOOP ( 'NONE', ( #7751, #7142, #678, #80 ) ) ;
#1506 = CARTESIAN_POINT ( 'NONE',  ( 49.00000000000000711, -83.50000000000000000, 41.00000000000002842 ) ) ;
#1507 = ADVANCED_FACE ( 'NONE', ( #1459 ), #5559, .F. ) ;
#1508 = CARTESIAN_POINT ( 'NONE',  ( -61.99999999999997158, -105.0000000000000142, 47.99999999999999289 ) ) ;
#1509 = AXIS2_PLACEMENT_3D ( 'NONE', #7770, #6481, #7813 ) ;
#1510 = ADVANCED_FACE ( 'NONE', ( #2962 ), #2917, .T. ) ;
#1511 = EDGE_LOOP ( 'NONE', ( #5048, #6445, #6032, #7996 ) ) ;
#1512 = DIRECTION ( 'NONE',  ( -1.000000000000000000, 0.000000000000000000, 4.625929269271485791E-17 ) ) ;
#1513 = ORIENTED_EDGE ( 'NONE', *, *, #4858, .F. ) ;
#1514 = ORIENTED_EDGE ( 'NONE', *, *, #5881, .T. ) ;
#1515 = DIRECTION ( 'NONE',  ( 0.000000000000000000, -1.000000000000000000, 0.000000000000000000 ) ) ;
#1516 = ORIENTED_EDGE ( 'NONE', *, *, #6103, .F. ) ;
#1517 = EDGE_CURVE ( 'NONE', #377, #5457, #6309, .T. ) ;
#1518 = FILL_AREA_STYLE_COLOUR ( '', #7695 ) ;
#1519 = CARTESIAN_POINT ( 'NONE',  ( -31.70000000000000639, -4.000000000000000000, -47.00000000000000000 ) ) ;
#1520 = AXIS2_PLACEMENT_3D ( 'NONE', #5024, #5853, #2992 ) ;
#1521 = PLANE ( 'NONE',  #472 ) ;
#1522 = FACE_OUTER_BOUND ( 'NONE', #2819, .T. ) ;
#1523 = ORIENTED_EDGE ( 'NONE', *, *, #3230, .T. ) ;
#1524 = EDGE_LOOP ( 'NONE', ( #2998, #8417 ) ) ;
#1525 = ORIENTED_EDGE ( 'NONE', *, *, #3284, .F. ) ;
#1526 = AXIS2_PLACEMENT_3D ( 'NONE', #6752, #3356, #8069 ) ;
#1528 = CIRCLE ( 'NONE', #8696, 0.9999999999999870104 ) ;
#1527 = CARTESIAN_POINT ( 'NONE',  ( -61.99999999999995737, -100.0000000000000000, -47.00000000000000000 ) ) ;
#1529 = ORIENTED_EDGE ( 'NONE', *, *, #8085, .F. ) ;
#1530 = CARTESIAN_POINT ( 'NONE',  ( 63.00000000000002842, 7.000000000000000000, -46.99999999999999289 ) ) ;
#1531 = DIRECTION ( 'NONE',  ( 0.000000000000000000, -1.000000000000000000, 0.000000000000000000 ) ) ;
#1532 = CARTESIAN_POINT ( 'NONE',  ( 19.00000000000000711, -83.50000000000000000, 37.00000000000002842 ) ) ;
#1533 = AXIS2_PLACEMENT_3D ( 'NONE', #3485, #6167, #5504 ) ;
#1534 = LINE ( 'NONE', #2903, #2871 ) ;
#1535 = ADVANCED_FACE ( 'NONE', ( #978 ), #4996, .T. ) ;
#1536 = VECTOR ( 'NONE', #2061, 1000.000000000000000 ) ;
#1537 = PLANE ( 'NONE',  #1194 ) ;
#1538 = FACE_OUTER_BOUND ( 'NONE', #4798, .T. ) ;
#1539 = EDGE_LOOP ( 'NONE', ( #504, #8134, #7739, #5308 ) ) ;
#1540 = LINE ( 'NONE', #5589, #3236 ) ;
#1541 = VECTOR ( 'NONE', #942, 1000.000000000000000 ) ;
#1542 = ORIENTED_EDGE ( 'NONE', *, *, #4863, .T. ) ;
#1543 = EDGE_LOOP ( 'NONE', ( #2659, #2008, #6669, #5155 ) ) ;
#1544 = AXIS2_PLACEMENT_3D ( 'NONE', #8519, #4469, #2477 ) ;
#1545 = LINE ( 'NONE', #3484, #7379 ) ;
#1546 = LINE ( 'NONE', #125, #3591 ) ;
#1547 = VERTEX_POINT ( 'NONE', #2875 ) ;
#1548 = DIRECTION ( 'NONE',  ( 0.000000000000000000, 0.000000000000000000, -1.000000000000000000 ) ) ;
#1549 = DIRECTION ( 'NONE',  ( 0.000000000000000000, 0.7071067811865516806, 0.7071067811865434649 ) ) ;
#1550 = ORIENTED_EDGE ( 'NONE', *, *, #5737, .T. ) ;
#1551 = CARTESIAN_POINT ( 'NONE',  ( -57.76372342639604085, -90.00000000000001421, 37.70130249412246570 ) ) ;
#1552 = EDGE_CURVE ( 'NONE', #5433, #7429, #6886, .T. ) ;
#1553 = CARTESIAN_POINT ( 'NONE',  ( -58.99999999999994316, -105.0000000000000142, -45.75000000000012790 ) ) ;
#1554 = DIRECTION ( 'NONE',  ( 0.000000000000000000, 0.000000000000000000, 1.000000000000000000 ) ) ;
#1555 = EDGE_CURVE ( 'NONE', #7897, #7779, #941, .T. ) ;
#1556 = VECTOR ( 'NONE', #5660, 1000.000000000000000 ) ;
#1557 = EDGE_LOOP ( 'NONE', ( #1922, #5172, #4212, #6655 ) ) ;
#1558 = FACE_OUTER_BOUND ( 'NONE', #5096, .T. ) ;
#1559 = EDGE_CURVE ( 'NONE', #8616, #4166, #4337, .T. ) ;
#1560 = EDGE_LOOP ( 'NONE', ( #6672, #4278, #313, #5627 ) ) ;
#1561 = ORIENTED_EDGE ( 'NONE', *, *, #460, .F. ) ;
#1562 = DIRECTION ( 'NONE',  ( 8.673617379884040402E-17, 1.000000000000000000, 0.000000000000000000 ) ) ;
#1563 = VERTEX_POINT ( 'NONE', #7017 ) ;
#1564 = SURFACE_STYLE_USAGE ( .BOTH. , #7434 ) ;
#1565 = DIRECTION ( 'NONE',  ( 0.000000000000000000, -1.000000000000000000, 0.000000000000000000 ) ) ;
#1566 = LINE ( 'NONE', #909, #2676 ) ;
#1567 = EDGE_CURVE ( 'NONE', #1907, #2549, #6777, .T. ) ;
#1568 = PLANE ( 'NONE',  #470 ) ;
#1569 = ADVANCED_FACE ( 'NONE', ( #314 ), #5467, .F. ) ;
#1570 = ORIENTED_EDGE ( 'NONE', *, *, #1124, .T. ) ;
#1571 = VERTEX_POINT ( 'NONE', #2117 ) ;
#1572 = EDGE_CURVE ( 'NONE', #8048, #4774, #804, .T. ) ;
#1573 = FACE_OUTER_BOUND ( 'NONE', #1994, .T. ) ;
#1574 = ORIENTED_EDGE ( 'NONE', *, *, #2961, .T. ) ;
#1575 = CARTESIAN_POINT ( 'NONE',  ( -42.00000000000000711, 0.000000000000000000, 30.00000000000002132 ) ) ;
#1576 = LINE ( 'NONE', #4269, #5413 ) ;
#1577 = PLANE ( 'NONE',  #2446 ) ;
#1578 = CARTESIAN_POINT ( 'NONE',  ( -61.99999999999996447, 0.000000000000000000, 13.20000000000006501 ) ) ;
#1579 = EDGE_CURVE ( 'NONE', #7233, #574, #226, .T. ) ;
#1580 = DIRECTION ( 'NONE',  ( 0.000000000000000000, -1.000000000000000000, 0.000000000000000000 ) ) ;
#1581 = DIRECTION ( 'NONE',  ( -1.000000000000000000, 0.000000000000000000, -0.000000000000000000 ) ) ;
#1582 = ORIENTED_EDGE ( 'NONE', *, *, #6710, .F. ) ;
#1583 = DIRECTION ( 'NONE',  ( 1.000000000000000000, 0.000000000000000000, -0.000000000000000000 ) ) ;
#1584 = EDGE_LOOP ( 'NONE', ( #1074, #3624 ) ) ;
#1585 = ORIENTED_EDGE ( 'NONE', *, *, #6009, .F. ) ;
#1586 = EDGE_CURVE ( 'NONE', #7423, #821, #8293, .T. ) ;
#1587 = CYLINDRICAL_SURFACE ( 'NONE', #6101, 1.250000000000007994 ) ;
#1588 = CARTESIAN_POINT ( 'NONE',  ( 52.00000000000004263, -98.00000000000000000, -47.00000000000000000 ) ) ;
#1589 = LINE ( 'NONE', #8331, #1896 ) ;
#1590 = ORIENTED_EDGE ( 'NONE', *, *, #6458, .T. ) ;
#1591 = DIRECTION ( 'NONE',  ( 0.000000000000000000, -1.000000000000000000, 0.000000000000000000 ) ) ;
#1592 = VECTOR ( 'NONE', #4547, 1000.000000000000000 ) ;
#1593 = LINE ( 'NONE', #7015, #106 ) ;
#1594 = VERTEX_POINT ( 'NONE', #7773 ) ;
#1595 = CARTESIAN_POINT ( 'NONE',  ( -61.99999999999997158, 3.535898384862257160, 50.00000000000000711 ) ) ;
#1596 = AXIS2_PLACEMENT_3D ( 'NONE', #8183, #5023, #1581 ) ;
#1597 = LINE ( 'NONE', #8388, #5340 ) ;
#1598 = FACE_OUTER_BOUND ( 'NONE', #7188, .T. ) ;
#1599 = VECTOR ( 'NONE', #5403, 1000.000000000000000 ) ;
#1600 = VECTOR ( 'NONE', #4353, 1000.000000000000000 ) ;
#1601 = VECTOR ( 'NONE', #4732, 1000.000000000000000 ) ;
#1602 = ORIENTED_EDGE ( 'NONE', *, *, #7645, .T. ) ;
#1603 = VECTOR ( 'NONE', #8018, 1000.000000000000000 ) ;
#1604 = LINE ( 'NONE', #5652, #8300 ) ;
#1605 = AXIS2_PLACEMENT_3D ( 'NONE', #7030, #7700, #1646 ) ;
#1606 = VERTEX_POINT ( 'NONE', #1769 ) ;
#1607 = EDGE_LOOP ( 'NONE', ( #417, #6652, #6174, #7458 ) ) ;
#1608 = CARTESIAN_POINT ( 'NONE',  ( 31.30000000000000782, -93.50000000000000000, 47.99999999999997868 ) ) ;
#1609 = ORIENTED_EDGE ( 'NONE', *, *, #3139, .F. ) ;
#1610 = DIRECTION ( 'NONE',  ( 0.000000000000000000, 1.000000000000000000, -0.000000000000000000 ) ) ;
#1611 = CARTESIAN_POINT ( 'NONE',  ( -35.70000000000000995, -4.000000000000000000, 24.75000000000000000 ) ) ;
#1612 = VECTOR ( 'NONE', #1899, 1000.000000000000114 ) ;
#1613 = DIRECTION ( 'NONE',  ( -1.000000000000000000, 0.000000000000000000, 0.000000000000000000 ) ) ;
#1614 = ORIENTED_EDGE ( 'NONE', *, *, #5068, .F. ) ;
#1615 = EDGE_CURVE ( 'NONE', #3219, #7138, #3972, .T. ) ;
#1616 = LINE ( 'NONE', #378, #6403 ) ;
#1617 = VERTEX_POINT ( 'NONE', #1151 ) ;
#1618 = VECTOR ( 'NONE', #1353, 1000.000000000000227 ) ;
#1619 = CARTESIAN_POINT ( 'NONE',  ( 21.24999999999999645, 26.09188309203678102, 41.25000000000000711 ) ) ;
#1620 = LINE ( 'NONE', #6333, #1330 ) ;
#1621 = VECTOR ( 'NONE', #4789, 1000.000000000000000 ) ;
#1622 = CARTESIAN_POINT ( 'NONE',  ( -31.70000000000001350, -4.000000000000000000, 25.99999999999999645 ) ) ;
#1623 = DIRECTION ( 'NONE',  ( 0.000000000000000000, 1.000000000000000000, 0.000000000000000000 ) ) ;
#1624 = CARTESIAN_POINT ( 'NONE',  ( -27.33333333333299464, -64.66666666666691299, 15.66666666666644758 ) ) ;
#1625 = LINE ( 'NONE', #6783, #7157 ) ;
#1626 = EDGE_LOOP ( 'NONE', ( #7527, #4347, #3768, #4803 ) ) ;
#1627 = ORIENTED_EDGE ( 'NONE', *, *, #431, .T. ) ;
#1628 = DIRECTION ( 'NONE',  ( 0.000000000000000000, 0.000000000000000000, -1.000000000000000000 ) ) ;
#1629 = LINE ( 'NONE', #307, #5334 ) ;
#1630 = CARTESIAN_POINT ( 'NONE',  ( 31.30000000000000782, -1.737959181815040933E-30, 50.00000000000002842 ) ) ;
#1631 = ORIENTED_EDGE ( 'NONE', *, *, #6000, .T. ) ;
#1632 = CARTESIAN_POINT ( 'NONE',  ( -34.00000000000000000, -8.000000000000000000, 30.00000000000002132 ) ) ;
#1633 = ADVANCED_FACE ( 'NONE', ( #4503 ), #1966, .F. ) ;
#1634 = CARTESIAN_POINT ( 'NONE',  ( -61.99999999999995737, -91.00000000000009948, -37.00000000000012790 ) ) ;
#1635 = CARTESIAN_POINT ( 'NONE',  ( 42.30000000000000426, -105.0000000000000142, 37.00000000000003553 ) ) ;
#1636 = ORIENTED_EDGE ( 'NONE', *, *, #7672, .T. ) ;
#1637 = CARTESIAN_POINT ( 'NONE',  ( -42.00000000000000711, -8.000000000000000000, 40.00000000000002132 ) ) ;
#1638 = CARTESIAN_POINT ( 'NONE',  ( 49.00000000000000000, -90.50000000000001421, -21.99999999999997868 ) ) ;
#1639 = LINE ( 'NONE', #7556, #7650 ) ;
#1640 = EDGE_CURVE ( 'NONE', #6197, #3189, #277, .T. ) ;
#1641 = ORIENTED_EDGE ( 'NONE', *, *, #2426, .F. ) ;
#1642 = DIRECTION ( 'NONE',  ( 0.000000000000000000, -0.000000000000000000, -1.000000000000000000 ) ) ;
#1643 = ORIENTED_EDGE ( 'NONE', *, *, #4149, .T. ) ;
#1644 = EDGE_LOOP ( 'NONE', ( #2476, #5747 ) ) ;
#1645 = CIRCLE ( 'NONE', #6574, 1.750000000000005107 ) ;
#1646 = DIRECTION ( 'NONE',  ( 0.7071067811865485719, 0.000000000000000000, -0.7071067811865465735 ) ) ;
#1647 = ORIENTED_EDGE ( 'NONE', *, *, #2924, .T. ) ;
#1648 = CARTESIAN_POINT ( 'NONE',  ( -61.99999999999997158, -100.0000000000000000, 47.00000000000000711 ) ) ;
#1649 = AXIS2_PLACEMENT_3D ( 'NONE', #3465, #7567, #2754 ) ;
#1650 = CARTESIAN_POINT ( 'NONE',  ( -38.50000000000000711, 0.000000000000000000, 33.75000000000002132 ) ) ;
#1651 = FACE_OUTER_BOUND ( 'NONE', #7413, .T. ) ;
#1652 = DIRECTION ( 'NONE',  ( -1.000000000000000000, 0.000000000000000000, -1.728250562629726132E-16 ) ) ;
#1653 = ORIENTED_EDGE ( 'NONE', *, *, #8572, .F. ) ;
#1654 = EDGE_CURVE ( 'NONE', #8117, #2218, #982, .T. ) ;
#1655 = CARTESIAN_POINT ( 'NONE',  ( -6.999999999999993783, -105.0000000000000142, 47.00000000000000711 ) ) ;
#1656 = ORIENTED_EDGE ( 'NONE', *, *, #1910, .T. ) ;
#1657 = CARTESIAN_POINT ( 'NONE',  ( -27.50000000000000355, 7.000000000000000000, 29.00000000000001776 ) ) ;
#1658 = DIRECTION ( 'NONE',  ( 1.000000000000000000, 0.000000000000000000, 1.901066822988281950E-16 ) ) ;
#1659 = CARTESIAN_POINT ( 'NONE',  ( 6.707597440443649891E-15, -90.00000000000001421, 29.00000000000000000 ) ) ;
#1660 = CARTESIAN_POINT ( 'NONE',  ( -59.99999999999997868, -60.00000000000000000, -24.19999999999999929 ) ) ;
#1661 = DIRECTION ( 'NONE',  ( 0.000000000000000000, 0.000000000000000000, 1.000000000000000000 ) ) ;
#1662 = EDGE_CURVE ( 'NONE', #5182, #8117, #7193, .T. ) ;
#1663 = DIRECTION ( 'NONE',  ( -0.000000000000000000, 1.000000000000000000, -0.000000000000000000 ) ) ;
#1664 = AXIS2_PLACEMENT_3D ( 'NONE', #2382, #5820, #7855 ) ;
#1665 = FACE_BOUND ( 'NONE', #7701, .T. ) ;
#1666 = EDGE_CURVE ( 'NONE', #1266, #5457, #3843, .T. ) ;
#1667 = ORIENTED_EDGE ( 'NONE', *, *, #6617, .T. ) ;
#1668 = ORIENTED_EDGE ( 'NONE', *, *, #1987, .F. ) ;
#1669 = LINE ( 'NONE', #3833, #2573 ) ;
#1670 = DIRECTION ( 'NONE',  ( 0.000000000000000000, -1.000000000000000000, 0.000000000000000000 ) ) ;
#1671 = CARTESIAN_POINT ( 'NONE',  ( -35.70000000000000995, 0.000000000000000000, 22.99999999999999645 ) ) ;
#1672 = EDGE_LOOP ( 'NONE', ( #635, #7529, #8653, #550, #5553, #278, #3181, #4371 ) ) ;
#1673 = CARTESIAN_POINT ( 'NONE',  ( -55.99999999999996447, -60.00000000000000000, 1.200000000000002176 ) ) ;
#1674 = EDGE_CURVE ( 'NONE', #6363, #51, #6615, .T. ) ;
#1675 = VECTOR ( 'NONE', #797, 1000.000000000000000 ) ;
#1676 = DIRECTION ( 'NONE',  ( -1.000000000000000000, 0.000000000000000000, 0.000000000000000000 ) ) ;
#1677 = AXIS2_PLACEMENT_3D ( 'NONE', #4261, #4352, #3734 ) ;
#1678 = DIRECTION ( 'NONE',  ( 0.000000000000000000, 0.000000000000000000, -1.000000000000000000 ) ) ;
#1679 = ORIENTED_EDGE ( 'NONE', *, *, #5427, .T. ) ;
#1680 = CARTESIAN_POINT ( 'NONE',  ( -35.70000000000000995, 5.000000000000000000, 24.75000000000000000 ) ) ;
#1681 = EDGE_CURVE ( 'NONE', #6017, #821, #4378, .T. ) ;
#1682 = ADVANCED_FACE ( 'NONE', ( #5082 ), #8387, .T. ) ;
#1683 = FILL_AREA_STYLE_COLOUR ( '', #7602 ) ;
#1684 = CYLINDRICAL_SURFACE ( 'NONE', #6670, 1.250000000000001110 ) ;
#1685 = AXIS2_PLACEMENT_3D ( 'NONE', #6523, #5865, #491 ) ;
#1686 = VERTEX_POINT ( 'NONE', #4543 ) ;
#1687 = LINE ( 'NONE', #7113, #7743 ) ;
#1688 = ORIENTED_EDGE ( 'NONE', *, *, #8186, .T. ) ;
#1689 = ORIENTED_EDGE ( 'NONE', *, *, #1691, .F. ) ;
#1690 = FACE_BOUND ( 'NONE', #3958, .T. ) ;
#1691 = EDGE_CURVE ( 'NONE', #1370, #1768, #7061, .T. ) ;
#1692 = ORIENTED_EDGE ( 'NONE', *, *, #7568, .F. ) ;
#1693 = EDGE_CURVE ( 'NONE', #3440, #5530, #6328, .T. ) ;
#1694 = VECTOR ( 'NONE', #685, 1000.000000000000000 ) ;
#1695 = CARTESIAN_POINT ( 'NONE',  ( -21.00000000000000000, 0.000000000000000000, 41.50000000000001421 ) ) ;
#1696 = DIRECTION ( 'NONE',  ( -0.000000000000000000, -1.000000000000000000, -0.000000000000000000 ) ) ;
#1697 = ORIENTED_EDGE ( 'NONE', *, *, #126, .F. ) ;
#1698 = LINE ( 'NONE', #6992, #357 ) ;
#1699 = ORIENTED_EDGE ( 'NONE', *, *, #1284, .T. ) ;
#1700 = DIRECTION ( 'NONE',  ( 0.000000000000000000, -1.000000000000000000, 0.000000000000000000 ) ) ;
#1701 = PLANE ( 'NONE',  #1053 ) ;
#1702 = DIRECTION ( 'NONE',  ( 0.000000000000000000, -1.000000000000000000, 0.000000000000000000 ) ) ;
#1703 = CARTESIAN_POINT ( 'NONE',  ( 59.00000000000002132, -84.99999999999998579, 44.00000000000000711 ) ) ;
#1704 = CARTESIAN_POINT ( 'NONE',  ( 49.00000000000000000, -83.50000000000000000, -21.99999999999997868 ) ) ;
#1705 = ADVANCED_FACE ( 'NONE', ( #1852 ), #8549, .T. ) ;
#1706 = DIRECTION ( 'NONE',  ( 0.000000000000000000, 0.000000000000000000, -1.000000000000000000 ) ) ;
#1707 = ORIENTED_EDGE ( 'NONE', *, *, #6991, .F. ) ;
#1708 = DIRECTION ( 'NONE',  ( 0.000000000000000000, 0.000000000000000000, -1.000000000000000000 ) ) ;
#1709 = VERTEX_POINT ( 'NONE', #1680 ) ;
#1710 = VERTEX_POINT ( 'NONE', #3716 ) ;
#1711 = DIRECTION ( 'NONE',  ( 0.000000000000000000, 0.000000000000000000, 1.000000000000000000 ) ) ;
#1712 = VECTOR ( 'NONE', #8250, 1000.000000000000000 ) ;
#1713 = ORIENTED_EDGE ( 'NONE', *, *, #2067, .T. ) ;
#1714 = LINE ( 'NONE', #7096, #6519 ) ;
#1715 = CARTESIAN_POINT ( 'NONE',  ( -15.69258240356723100, -104.0000000000000142, 38.00000000000000711 ) ) ;
#1716 = EDGE_LOOP ( 'NONE', ( #255, #7485, #1207, #2849, #3864, #361, #5879, #2370 ) ) ;
#1717 = DIRECTION ( 'NONE',  ( 0.000000000000000000, -0.000000000000000000, -1.000000000000000000 ) ) ;
#1718 = DIRECTION ( 'NONE',  ( 0.000000000000000000, 1.000000000000000000, 0.000000000000000000 ) ) ;
#1719 = CARTESIAN_POINT ( 'NONE',  ( 49.00000000000000711, -100.0000000000000000, 41.00000000000002842 ) ) ;
#1720 = ORIENTED_EDGE ( 'NONE', *, *, #7872, .T. ) ;
#1721 = DIRECTION ( 'NONE',  ( 0.000000000000000000, 0.000000000000000000, 1.000000000000000000 ) ) ;
#1722 = DIRECTION ( 'NONE',  ( 0.000000000000000000, 1.000000000000000000, 0.000000000000000000 ) ) ;
#1723 = DIRECTION ( 'NONE',  ( 0.000000000000000000, 0.000000000000000000, 1.000000000000000000 ) ) ;
#1724 = EDGE_CURVE ( 'NONE', #4816, #257, #2425, .T. ) ;
#1725 = AXIS2_PLACEMENT_3D ( 'NONE', #7021, #4297, #6978 ) ;
#1726 = ORIENTED_EDGE ( 'NONE', *, *, #5416, .F. ) ;
#1727 = CARTESIAN_POINT ( 'NONE',  ( 40.00000000000000711, -44.99999999999999289, 47.00000000000000711 ) ) ;
#1728 = ORIENTED_EDGE ( 'NONE', *, *, #2663, .F. ) ;
#1729 = VERTEX_POINT ( 'NONE', #7232 ) ;
#1730 = CARTESIAN_POINT ( 'NONE',  ( -55.99999999999996447, -60.00000000000000000, 1.200000000000002176 ) ) ;
#1731 = ORIENTED_EDGE ( 'NONE', *, *, #8471, .T. ) ;
#1732 = EDGE_CURVE ( 'NONE', #6387, #5642, #5120, .T. ) ;
#1733 = VECTOR ( 'NONE', #2193, 1000.000000000000000 ) ;
#1734 = AXIS2_PLACEMENT_3D ( 'NONE', #3580, #8194, #4330 ) ;
#1735 = VECTOR ( 'NONE', #2776, 1000.000000000000000 ) ;
#1736 = EDGE_CURVE ( 'NONE', #3978, #1991, #4079, .T. ) ;
#1737 = FACE_OUTER_BOUND ( 'NONE', #5959, .T. ) ;
#1738 = EDGE_CURVE ( 'NONE', #3777, #3885, #3373, .T. ) ;
#1739 = CARTESIAN_POINT ( 'NONE',  ( -42.00000000000000711, -8.000000000000000000, 30.00000000000002132 ) ) ;
#1740 = VERTEX_POINT ( 'NONE', #3182 ) ;
#1741 = CARTESIAN_POINT ( 'NONE',  ( 57.75735931288073743, -98.00000000000000000, -36.99999999999999289 ) ) ;
#1742 = VECTOR ( 'NONE', #5492, 1000.000000000000000 ) ;
#1743 = ORIENTED_EDGE ( 'NONE', *, *, #387, .F. ) ;
#1744 = LINE ( 'NONE', #5187, #7083 ) ;
#1745 = CARTESIAN_POINT ( 'NONE',  ( -50.99999999999996447, -90.00000000000001421, 45.00000000000001421 ) ) ;
#1746 = CARTESIAN_POINT ( 'NONE',  ( 49.50000000000001421, -100.0000000000000000, 49.50000000000001421 ) ) ;
#1747 = CARTESIAN_POINT ( 'NONE',  ( -33.99999999999999289, -90.00000000000001421, 45.00000000000001421 ) ) ;
#1748 = AXIS2_PLACEMENT_3D ( 'NONE', #2069, #4760, #6571 ) ;
#1749 = CARTESIAN_POINT ( 'NONE',  ( -38.50000000000000711, 10.53553390593273775, 33.75000000000002132 ) ) ;
#1750 = CYLINDRICAL_SURFACE ( 'NONE', #2291, 3.000000000000002665 ) ;
#1751 = DIRECTION ( 'NONE',  ( 1.000000000000000000, -0.000000000000000000, 0.000000000000000000 ) ) ;
#1752 = ORIENTED_EDGE ( 'NONE', *, *, #5926, .T. ) ;
#1753 = ORIENTED_EDGE ( 'NONE', *, *, #5462, .T. ) ;
#1754 = VECTOR ( 'NONE', #2191, 1000.000000000000000 ) ;
#1755 = DIRECTION ( 'NONE',  ( -0.000000000000000000, -1.000000000000000000, -0.000000000000000000 ) ) ;
#1756 = AXIS2_PLACEMENT_3D ( 'NONE', #640, #1833, #593 ) ;
#1757 = ORIENTED_EDGE ( 'NONE', *, *, #1203, .F. ) ;
#1758 = EDGE_CURVE ( 'NONE', #5344, #779, #3892, .T. ) ;
#1759 = AXIS2_PLACEMENT_3D ( 'NONE', #8128, #2086, #5974 ) ;
#1760 = CARTESIAN_POINT ( 'NONE',  ( 19.00000000000000000, -90.50000000000001421, -21.99999999999997868 ) ) ;
#1761 = DIRECTION ( 'NONE',  ( -0.000000000000000000, -0.7071067811865524577, -0.7071067811865425767 ) ) ;
#1762 = ORIENTED_EDGE ( 'NONE', *, *, #1771, .T. ) ;
#1763 = CARTESIAN_POINT ( 'NONE',  ( 62.00000000000003553, -84.99999999999998579, 36.99999999999999289 ) ) ;
#1764 = VECTOR ( 'NONE', #3694, 1000.000000000000000 ) ;
#1765 = VECTOR ( 'NONE', #1915, 999.9999999999998863 ) ;
#1766 = DIRECTION ( 'NONE',  ( 1.000000000000000000, 0.000000000000000000, 0.000000000000000000 ) ) ;
#1767 = FACE_OUTER_BOUND ( 'NONE', #7358, .T. ) ;
#1768 = VERTEX_POINT ( 'NONE', #2019 ) ;
#1769 = CARTESIAN_POINT ( 'NONE',  ( -58.99999999999997158, -105.0000000000000142, 45.75000000000010658 ) ) ;
#1770 = DIRECTION ( 'NONE',  ( 1.476360405086644556E-16, 0.000000000000000000, -1.000000000000000000 ) ) ;
#1771 = EDGE_CURVE ( 'NONE', #4454, #5522, #3970, .T. ) ;
#1772 = ADVANCED_FACE ( 'NONE', ( #6653 ), #6074, .F. ) ;
#1773 = COLOUR_RGB ( '',0.6392156862745097534, 0.6117647058823529882, 0.5999999999999999778 ) ;
#1774 = ADVANCED_FACE ( 'NONE', ( #617 ), #8592, .F. ) ;
#1775 = ORIENTED_EDGE ( 'NONE', *, *, #5697, .T. ) ;
#1776 = CARTESIAN_POINT ( 'NONE',  ( -51.99999999999997158, -100.0000000000000000, 46.99999999999998579 ) ) ;
#1777 = ADVANCED_FACE ( 'NONE', ( #6698, #7364, #3303 ), #3218, .F. ) ;
#1778 = ORIENTED_EDGE ( 'NONE', *, *, #1290, .T. ) ;
#1779 = ORIENTED_EDGE ( 'NONE', *, *, #7889, .F. ) ;
#1780 = EDGE_CURVE ( 'NONE', #1229, #3395, #6755, .T. ) ;
#1781 = CARTESIAN_POINT ( 'NONE',  ( -58.99999999999994316, -100.0000000000000000, -44.00000000000012790 ) ) ;
#1782 = ADVANCED_FACE ( 'NONE', ( #5333 ), #5913, .T. ) ;
#1783 = ORIENTED_EDGE ( 'NONE', *, *, #6828, .F. ) ;
#1784 = DIRECTION ( 'NONE',  ( 0.000000000000000000, 0.000000000000000000, -1.000000000000000000 ) ) ;
#1785 = ORIENTED_EDGE ( 'NONE', *, *, #2150, .F. ) ;
#1786 = ADVANCED_FACE ( 'NONE', ( #5995, #5947 ), #5290, .T. ) ;
#1787 = DIRECTION ( 'NONE',  ( -0.000000000000000000, 1.000000000000000000, -0.000000000000000000 ) ) ;
#1788 = VERTEX_POINT ( 'NONE', #8023 ) ;
#1789 = ADVANCED_FACE ( 'NONE', ( #2682 ), #1406, .T. ) ;
#1790 = CARTESIAN_POINT ( 'NONE',  ( 43.29999999999999005, -4.000000000000000000, -43.00000000000000711 ) ) ;
#1791 = CARTESIAN_POINT ( 'NONE',  ( -39.70000000000000995, -4.000000000000000000, 25.99999999999999645 ) ) ;
#1792 = DIRECTION ( 'NONE',  ( -0.000000000000000000, 0.000000000000000000, 1.000000000000000000 ) ) ;
#1793 = DIRECTION ( 'NONE',  ( -0.000000000000000000, 1.000000000000000000, -0.000000000000000000 ) ) ;
#1794 = VECTOR ( 'NONE', #6638, 1000.000000000000000 ) ;
#1795 = DIRECTION ( 'NONE',  ( 1.678764654171103998E-16, -0.000000000000000000, -1.000000000000000000 ) ) ;
#1796 = DIRECTION ( 'NONE',  ( 0.7071067811865459074, -0.7071067811865491270, 0.000000000000000000 ) ) ;
#1797 = CARTESIAN_POINT ( 'NONE',  ( -35.70000000000000995, 5.000000000000000000, 22.99999999999999645 ) ) ;
#1798 = ORIENTED_EDGE ( 'NONE', *, *, #6869, .F. ) ;
#1799 = ORIENTED_EDGE ( 'NONE', *, *, #8553, .T. ) ;
#1800 = PLANE ( 'NONE',  #5257 ) ;
#1801 = ORIENTED_EDGE ( 'NONE', *, *, #1203, .T. ) ;
#1802 = DIRECTION ( 'NONE',  ( 0.000000000000000000, -1.000000000000000000, 0.000000000000000000 ) ) ;
#1803 = PLANE ( 'NONE',  #6826 ) ;
#1804 = ADVANCED_FACE ( 'NONE', ( #1979 ), #7938, .F. ) ;
#1805 = ORIENTED_EDGE ( 'NONE', *, *, #4173, .F. ) ;
#1806 = DIRECTION ( 'NONE',  ( 0.5773502691896222894, 0.5773502691896235106, 0.5773502691896313932 ) ) ;
#1807 = CARTESIAN_POINT ( 'NONE',  ( -58.99999999999995737, 0.000000000000000000, -47.00000000000000000 ) ) ;
#1808 = CARTESIAN_POINT ( 'NONE',  ( 62.00000000000002842, 0.000000000000000000, -46.99999999999999289 ) ) ;
#1809 = EDGE_LOOP ( 'NONE', ( #661, #438 ) ) ;
#1810 = AXIS2_PLACEMENT_3D ( 'NONE', #8412, #4451, #4487 ) ;
#1811 = CARTESIAN_POINT ( 'NONE',  ( -38.24999999999999289, -45.00000000000000000, -50.00099999999999767 ) ) ;
#1812 = ORIENTED_EDGE ( 'NONE', *, *, #7382, .F. ) ;
#1813 = VECTOR ( 'NONE', #7059, 1000.000000000000000 ) ;
#1814 = DIRECTION ( 'NONE',  ( 0.000000000000000000, 0.000000000000000000, -1.000000000000000000 ) ) ;
#1815 = CARTESIAN_POINT ( 'NONE',  ( -27.50000000000000355, 4.000000000000000000, 28.25000000000001776 ) ) ;
#1816 = VECTOR ( 'NONE', #7280, 1000.000000000000000 ) ;
#1817 = ORIENTED_EDGE ( 'NONE', *, *, #7926, .T. ) ;
#1818 = EDGE_CURVE ( 'NONE', #4774, #6258, #533, .T. ) ;
#1819 = FACE_BOUND ( 'NONE', #5996, .T. ) ;
#1820 = ORIENTED_EDGE ( 'NONE', *, *, #7095, .F. ) ;
#1821 = EDGE_LOOP ( 'NONE', ( #6398, #3943, #4725, #3999 ) ) ;
#1822 = AXIS2_PLACEMENT_3D ( 'NONE', #1107, #1154, #3763 ) ;
#1823 = FACE_BOUND ( 'NONE', #2880, .T. ) ;
#1824 = VERTEX_POINT ( 'NONE', #8060 ) ;
#1825 = EDGE_CURVE ( 'NONE', #3642, #5928, #4720, .T. ) ;
#1826 = AXIS2_PLACEMENT_3D ( 'NONE', #1280, #2548, #573 ) ;
#1827 = EDGE_CURVE ( 'NONE', #41, #2330, #4674, .T. ) ;
#1828 = LINE ( 'NONE', #4518, #755 ) ;
#1829 = ORIENTED_EDGE ( 'NONE', *, *, #4899, .T. ) ;
#1830 = DIRECTION ( 'NONE',  ( 0.000000000000000000, 1.000000000000000000, 0.000000000000000000 ) ) ;
#1831 = ORIENTED_EDGE ( 'NONE', *, *, #3041, .F. ) ;
#1832 = DIRECTION ( 'NONE',  ( -0.000000000000000000, 1.000000000000000000, -0.000000000000000000 ) ) ;
#1833 = DIRECTION ( 'NONE',  ( 0.000000000000000000, 1.000000000000000000, 0.000000000000000000 ) ) ;
#1834 = PLANE ( 'NONE',  #7873 ) ;
#1835 = EDGE_CURVE ( 'NONE', #4057, #4864, #3931, .T. ) ;
#1836 = FACE_BOUND ( 'NONE', #5089, .T. ) ;
#1837 = DIRECTION ( 'NONE',  ( 0.000000000000000000, -1.000000000000000000, 0.000000000000000000 ) ) ;
#1838 = EDGE_CURVE ( 'NONE', #6314, #7677, #7324, .T. ) ;
#1839 = DIRECTION ( 'NONE',  ( 0.000000000000000000, 0.000000000000000000, -1.000000000000000000 ) ) ;
#1840 = ORIENTED_EDGE ( 'NONE', *, *, #8005, .T. ) ;
#1841 = EDGE_LOOP ( 'NONE', ( #7027, #5949, #5730, #626 ) ) ;
#1842 = FACE_OUTER_BOUND ( 'NONE', #2500, .T. ) ;
#1843 = VERTEX_POINT ( 'NONE', #2635 ) ;
#1844 = ADVANCED_FACE ( 'NONE', ( #1325 ), #8325, .T. ) ;
#1845 = DIRECTION ( 'NONE',  ( 0.000000000000000000, 0.000000000000000000, -1.000000000000000000 ) ) ;
#1846 = CARTESIAN_POINT ( 'NONE',  ( -21.00000000000000000, -4.000000000000000000, 41.50000000000001421 ) ) ;
#1847 = VERTEX_POINT ( 'NONE', #7540 ) ;
#1848 = PLANE ( 'NONE',  #6811 ) ;
#1849 = LINE ( 'NONE', #3133, #7599 ) ;
#1850 = ORIENTED_EDGE ( 'NONE', *, *, #2049, .F. ) ;
#1851 = EDGE_CURVE ( 'NONE', #582, #2634, #1540, .T. ) ;
#1852 = FACE_OUTER_BOUND ( 'NONE', #1141, .T. ) ;
#1853 = EDGE_CURVE ( 'NONE', #3842, #6975, #118, .T. ) ;
#1854 = EDGE_CURVE ( 'NONE', #6759, #7333, #4776, .T. ) ;
#1855 = VERTEX_POINT ( 'NONE', #4143 ) ;
#1856 = CIRCLE ( 'NONE', #1294, 1.250000000000001110 ) ;
#1857 = PLANE ( 'NONE',  #3938 ) ;
#1858 = CARTESIAN_POINT ( 'NONE',  ( 19.00000000000000711, -90.50000000000001421, 41.00000000000002842 ) ) ;
#1859 = DIRECTION ( 'NONE',  ( 0.000000000000000000, 0.000000000000000000, -1.000000000000000000 ) ) ;
#1860 = ORIENTED_EDGE ( 'NONE', *, *, #390, .F. ) ;
#1861 = CARTESIAN_POINT ( 'NONE',  ( -48.99999999999997158, -103.0000000000000142, 46.00000000000001421 ) ) ;
#1862 = VERTEX_POINT ( 'NONE', #4279 ) ;
#1863 = ORIENTED_EDGE ( 'NONE', *, *, #8131, .T. ) ;
#1864 = CARTESIAN_POINT ( 'NONE',  ( -39.69999999999999574, -4.000000000000000000, -47.00000000000000000 ) ) ;
#1865 = VECTOR ( 'NONE', #2558, 1000.000000000000000 ) ;
#1866 = EDGE_LOOP ( 'NONE', ( #6337, #2674, #3147, #5612 ) ) ;
#1867 = DIRECTION ( 'NONE',  ( -0.000000000000000000, -0.000000000000000000, 1.000000000000000000 ) ) ;
#1868 = VECTOR ( 'NONE', #3384, 1000.000000000000000 ) ;
#1869 = ORIENTED_EDGE ( 'NONE', *, *, #763, .T. ) ;
#1870 = VECTOR ( 'NONE', #344, 1000.000000000000000 ) ;
#1871 = CYLINDRICAL_SURFACE ( 'NONE', #2316, 1.250000000000001110 ) ;
#1872 = ORIENTED_EDGE ( 'NONE', *, *, #2357, .T. ) ;
#1873 = LINE ( 'NONE', #4570, #5688 ) ;
#1874 = LINE ( 'NONE', #8611, #3602 ) ;
#1875 = CARTESIAN_POINT ( 'NONE',  ( 31.30000000000000782, -93.50000000000000000, 50.00000000000002842 ) ) ;
#1876 = AXIS2_PLACEMENT_3D ( 'NONE', #3504, #2480, #3107 ) ;
#1877 = VECTOR ( 'NONE', #4053, 1000.000000000000000 ) ;
#1878 = DIRECTION ( 'NONE',  ( 0.000000000000000000, -1.000000000000000000, 0.000000000000000000 ) ) ;
#1879 = VECTOR ( 'NONE', #7252, 1000.000000000000000 ) ;
#1880 = DIRECTION ( 'NONE',  ( 1.000000000000000000, 0.000000000000000000, 0.000000000000000000 ) ) ;
#1881 = ORIENTED_EDGE ( 'NONE', *, *, #7381, .F. ) ;
#1882 = EDGE_CURVE ( 'NONE', #810, #3205, #2241, .T. ) ;
#1883 = CARTESIAN_POINT ( 'NONE',  ( -41.74999999999999289, -45.00000000000000000, 50.00000000000000711 ) ) ;
#1884 = AXIS2_PLACEMENT_3D ( 'NONE', #4912, #2927, #8396 ) ;
#1885 = ORIENTED_EDGE ( 'NONE', *, *, #1384, .T. ) ;
#1886 = DIRECTION ( 'NONE',  ( -0.000000000000000000, 1.000000000000000000, -0.000000000000000000 ) ) ;
#1887 = ORIENTED_EDGE ( 'NONE', *, *, #6869, .T. ) ;
#1888 = DIRECTION ( 'NONE',  ( 0.000000000000000000, 1.000000000000000000, -0.000000000000000000 ) ) ;
#1889 = EDGE_CURVE ( 'NONE', #3498, #6060, #3495, .T. ) ;
#1890 = ORIENTED_EDGE ( 'NONE', *, *, #1957, .F. ) ;
#1891 = DIRECTION ( 'NONE',  ( 0.000000000000000000, 1.000000000000000000, 0.000000000000000000 ) ) ;
#1892 = CARTESIAN_POINT ( 'NONE',  ( -34.00000000000000000, -100.0000000000000000, 45.00000000000001421 ) ) ;
#1893 = VECTOR ( 'NONE', #3477, 999.9999999999998863 ) ;
#1894 = ORIENTED_EDGE ( 'NONE', *, *, #8085, .T. ) ;
#1895 = CARTESIAN_POINT ( 'NONE',  ( -58.99999999999997158, -105.0000000000000142, 44.00000000000009948 ) ) ;
#1896 = VECTOR ( 'NONE', #4989, 1000.000000000000114 ) ;
#1897 = ORIENTED_EDGE ( 'NONE', *, *, #1026, .F. ) ;
#1898 = FACE_OUTER_BOUND ( 'NONE', #4488, .T. ) ;
#1899 = DIRECTION ( 'NONE',  ( 0.5773502691896224004, -0.5773502691896235106, -0.5773502691896313932 ) ) ;
#1901 = AXIS2_PLACEMENT_3D ( 'NONE', #996, #4357, #1125 ) ;
#1900 = PLANE ( 'NONE',  #8522 ) ;
#1902 = EDGE_CURVE ( 'NONE', #3515, #5536, #3439, .T. ) ;
#1903 = VECTOR ( 'NONE', #2985, 1000.000000000000000 ) ;
#1904 = DIRECTION ( 'NONE',  ( 1.000000000000000000, -0.000000000000000000, 0.000000000000000000 ) ) ;
#1905 = EDGE_LOOP ( 'NONE', ( #8163, #2826, #5443, #8098 ) ) ;
#1906 = CARTESIAN_POINT ( 'NONE',  ( -58.99999999999995737, -86.05025253169431210, -47.00000000000000000 ) ) ;
#1907 = VERTEX_POINT ( 'NONE', #4978 ) ;
#1908 = VECTOR ( 'NONE', #6322, 1000.000000000000000 ) ;
#1909 = FACE_OUTER_BOUND ( 'NONE', #6472, .T. ) ;
#1910 = EDGE_CURVE ( 'NONE', #6258, #8702, #927, .T. ) ;
#1911 = FACE_OUTER_BOUND ( 'NONE', #500, .T. ) ;
#1912 = ORIENTED_EDGE ( 'NONE', *, *, #6675, .T. ) ;
#1913 = PLANE ( 'NONE',  #4442 ) ;
#1914 = VERTEX_POINT ( 'NONE', #2279 ) ;
#1915 = DIRECTION ( 'NONE',  ( 0.5773502691896266192, -0.5773502691896240657, 0.5773502691896266192 ) ) ;
#1916 = FACE_BOUND ( 'NONE', #2149, .T. ) ;
#1917 = LINE ( 'NONE', #7396, #2775 ) ;
#1918 = CARTESIAN_POINT ( 'NONE',  ( -61.99999999999997158, 3.535898384862256716, 47.00000000000000711 ) ) ;
#1919 = VERTEX_POINT ( 'NONE', #6208 ) ;
#1920 = DIRECTION ( 'NONE',  ( 0.000000000000000000, -1.000000000000000000, 0.000000000000000000 ) ) ;
#1921 = ADVANCED_FACE ( 'NONE', ( #6298 ), #5546, .F. ) ;
#1922 = ORIENTED_EDGE ( 'NONE', *, *, #6991, .T. ) ;
#1923 = PLANE ( 'NONE',  #8088 ) ;
#1924 = VERTEX_POINT ( 'NONE', #5498 ) ;
#1925 = CARTESIAN_POINT ( 'NONE',  ( 59.00000000000003553, -87.28768939877070920, -45.24999999999999289 ) ) ;
#1926 = DIRECTION ( 'NONE',  ( -1.000000000000000000, 0.000000000000000000, -1.678764654171103998E-16 ) ) ;
#1927 = CARTESIAN_POINT ( 'NONE',  ( 19.00000000000000711, -90.50000000000001421, 42.25000000000002842 ) ) ;
#1928 = CARTESIAN_POINT ( 'NONE',  ( -62.00000000000002842, -98.00000000000000000, -36.99999999999999289 ) ) ;
#1929 = EDGE_CURVE ( 'NONE', #2145, #5093, #4934, .T. ) ;
#1930 = LINE ( 'NONE', #1321, #3859 ) ;
#1931 = EDGE_CURVE ( 'NONE', #6788, #6562, #1625, .T. ) ;
#1932 = CARTESIAN_POINT ( 'NONE',  ( 52.00000000000004263, -100.0000000000000000, -42.75735931288070191 ) ) ;
#1933 = VECTOR ( 'NONE', #3940, 1000.000000000000000 ) ;
#1934 = ORIENTED_EDGE ( 'NONE', *, *, #2795, .F. ) ;
#1935 = DIRECTION ( 'NONE',  ( 0.000000000000000000, 0.000000000000000000, 1.000000000000000000 ) ) ;
#1936 = EDGE_LOOP ( 'NONE', ( #6744, #4405, #5831, #6607 ) ) ;
#1937 = CARTESIAN_POINT ( 'NONE',  ( -37.99999999999996447, -90.00000000000001421, 45.00000000000001421 ) ) ;
#1938 = FACE_OUTER_BOUND ( 'NONE', #7442, .T. ) ;
#1939 = CARTESIAN_POINT ( 'NONE',  ( -55.99999999999996447, -0.000000000000000000, 1.200000000000002176 ) ) ;
#1940 = EDGE_CURVE ( 'NONE', #4404, #4112, #403, .T. ) ;
#1941 = VECTOR ( 'NONE', #5152, 1000.000000000000000 ) ;
#1942 = FACE_OUTER_BOUND ( 'NONE', #6633, .T. ) ;
#1943 = ADVANCED_FACE ( 'NONE', ( #2146 ), #2772, .F. ) ;
#1944 = ORIENTED_EDGE ( 'NONE', *, *, #637, .T. ) ;
#1945 = CYLINDRICAL_SURFACE ( 'NONE', #7347, 1.750000000000001554 ) ;
#1946 = EDGE_LOOP ( 'NONE', ( #3930, #588 ) ) ;
#1947 = EDGE_CURVE ( 'NONE', #3136, #8193, #2081, .T. ) ;
#1948 = AXIS2_PLACEMENT_3D ( 'NONE', #3646, #2977, #5659 ) ;
#1949 = CARTESIAN_POINT ( 'NONE',  ( 65.00000000000002842, 7.000000000000000000, -46.99999999999999289 ) ) ;
#1950 = AXIS2_PLACEMENT_3D ( 'NONE', #5337, #34, #5460 ) ;
#1951 = VECTOR ( 'NONE', #5370, 1000.000000000000000 ) ;
#1952 = DIRECTION ( 'NONE',  ( 0.000000000000000000, 0.000000000000000000, 1.000000000000000000 ) ) ;
#1953 = CIRCLE ( 'NONE', #4641, 1.750000000000001554 ) ;
#1954 = EDGE_LOOP ( 'NONE', ( #1485, #6624, #7761, #3641 ) ) ;
#1955 = ORIENTED_EDGE ( 'NONE', *, *, #5138, .T. ) ;
#1956 = CONICAL_SURFACE ( 'NONE', #3098, 1.000000000000000888, 0.5235987755983001479 ) ;
#1957 = EDGE_CURVE ( 'NONE', #6081, #8608, #6733, .T. ) ;
#1958 = FACE_OUTER_BOUND ( 'NONE', #1246, .T. ) ;
#1959 = EDGE_LOOP ( 'NONE', ( #3971, #2297, #7736, #17 ) ) ;
#1960 = CARTESIAN_POINT ( 'NONE',  ( 62.00000000000002842, -100.0000000000000000, -46.99999999999999289 ) ) ;
#1961 = CARTESIAN_POINT ( 'NONE',  ( -39.99999999999990763, 2.775557561562885671E-14, 46.99999999999998579 ) ) ;
#1962 = DIRECTION ( 'NONE',  ( 0.000000000000000000, 0.000000000000000000, -1.000000000000000000 ) ) ;
#1963 = CARTESIAN_POINT ( 'NONE',  ( -27.50000000000000355, 5.999999999999971578, 35.00000000000001421 ) ) ;
#1964 = CARTESIAN_POINT ( 'NONE',  ( 19.00000000000000711, -83.50000000000000000, 37.00000000000002842 ) ) ;
#1965 = EDGE_LOOP ( 'NONE', ( #6076, #334, #3113, #8156 ) ) ;
#1966 = CONICAL_SURFACE ( 'NONE', #2102, 3.500000000000003109, 0.7853981633974425058 ) ;
#1967 = DIRECTION ( 'NONE',  ( 0.000000000000000000, -1.000000000000000000, 0.000000000000000000 ) ) ;
#1968 = ORIENTED_EDGE ( 'NONE', *, *, #5937, .F. ) ;
#1969 = DIRECTION ( 'NONE',  ( -1.000000000000000000, 0.000000000000000000, 4.625929269271485791E-17 ) ) ;
#1970 = ORIENTED_EDGE ( 'NONE', *, *, #207, .T. ) ;
#1971 = CARTESIAN_POINT ( 'NONE',  ( 0.000000000000000000, 7.000000000000000000, -47.99999999999999289 ) ) ;
#1972 = CARTESIAN_POINT ( 'NONE',  ( 29.30000000000000782, -95.50000000000000000, 50.00000000000000711 ) ) ;
#1973 = CARTESIAN_POINT ( 'NONE',  ( 65.00000000000002842, 3.535898384862257160, 47.00000000000000711 ) ) ;
#1974 = DIRECTION ( 'NONE',  ( 0.000000000000000000, -1.000000000000000000, 0.000000000000000000 ) ) ;
#1975 = EDGE_CURVE ( 'NONE', #1291, #2216, #8145, .T. ) ;
#1976 = DIRECTION ( 'NONE',  ( 0.000000000000000000, -0.000000000000000000, -1.000000000000000000 ) ) ;
#1977 = CARTESIAN_POINT ( 'NONE',  ( -61.99999999999997158, -105.0000000000000142, -49.99999999999999289 ) ) ;
#1978 = ORIENTED_EDGE ( 'NONE', *, *, #4354, .F. ) ;
#1979 = FACE_OUTER_BOUND ( 'NONE', #6281, .T. ) ;
#1980 = EDGE_LOOP ( 'NONE', ( #5617, #532, #6668, #2729 ) ) ;
#1981 = CYLINDRICAL_SURFACE ( 'NONE', #5052, 3.000000000000002665 ) ;
#1982 = LINE ( 'NONE', #8113, #7106 ) ;
#1983 = CARTESIAN_POINT ( 'NONE',  ( -61.99999999999995737, -60.00000000000000000, -24.19999999999999929 ) ) ;
#1984 = DIRECTION ( 'NONE',  ( 0.000000000000000000, 0.000000000000000000, -1.000000000000000000 ) ) ;
#1985 = ORIENTED_EDGE ( 'NONE', *, *, #217, .T. ) ;
#1986 = DIRECTION ( 'NONE',  ( -0.000000000000000000, -1.000000000000000000, 0.000000000000000000 ) ) ;
#1987 = EDGE_CURVE ( 'NONE', #1432, #1122, #1446, .T. ) ;
#1988 = CARTESIAN_POINT ( 'NONE',  ( -55.00000000000002132, -100.0000000000000000, 2.935685882422289997E-14 ) ) ;
#1989 = CARTESIAN_POINT ( 'NONE',  ( 43.29999999999999005, 0.000000000000000000, -43.00000000000000711 ) ) ;
#1990 = ORIENTED_EDGE ( 'NONE', *, *, #8599, .T. ) ;
#1991 = VERTEX_POINT ( 'NONE', #6162 ) ;
#1992 = ADVANCED_FACE ( 'NONE', ( #7801 ), #4403, .F. ) ;
#1993 = CARTESIAN_POINT ( 'NONE',  ( -6.999999999999994671, -103.0000000000000142, 38.00000000000000711 ) ) ;
#1994 = EDGE_LOOP ( 'NONE', ( #184, #5919, #6497, #7706 ) ) ;
#1995 = CARTESIAN_POINT ( 'NONE',  ( -27.50000000000000355, 7.000000000000000000, 41.00000000000001421 ) ) ;
#1996 = DIRECTION ( 'NONE',  ( -0.000000000000000000, 1.000000000000000000, -0.000000000000000000 ) ) ;
#1997 = EDGE_CURVE ( 'NONE', #8501, #75, #8369, .T. ) ;
#1998 = ADVANCED_FACE ( 'NONE', ( #1049, #1665, #3121, #3790 ), #4322, .F. ) ;
#1999 = AXIS2_PLACEMENT_3D ( 'NONE', #5469, #5514, #853 ) ;
#2000 = CARTESIAN_POINT ( 'NONE',  ( -6.999999999999998224, -100.0000000000000000, 35.50000000000000711 ) ) ;
#2001 = CARTESIAN_POINT ( 'NONE',  ( 21.24999999999999645, 26.09188309203678102, 28.75000000000000355 ) ) ;
#2002 = FACE_OUTER_BOUND ( 'NONE', #8370, .T. ) ;
#2003 = VECTOR ( 'NONE', #517, 1000.000000000000114 ) ;
#2004 = EDGE_LOOP ( 'NONE', ( #6106, #4355, #1801, #8061 ) ) ;
#2005 = PLANE ( 'NONE',  #7296 ) ;
#2006 = ORIENTED_EDGE ( 'NONE', *, *, #1947, .T. ) ;
#2007 = CYLINDRICAL_SURFACE ( 'NONE', #4851, 1.750000000000001554 ) ;
#2008 = ORIENTED_EDGE ( 'NONE', *, *, #5168, .T. ) ;
#2009 = CARTESIAN_POINT ( 'NONE',  ( -6.999999999999997335, -97.00000000000001421, 50.00000000000002132 ) ) ;
#2010 = DIRECTION ( 'NONE',  ( -0.000000000000000000, -1.000000000000000000, -0.000000000000000000 ) ) ;
#2011 = CARTESIAN_POINT ( 'NONE',  ( 62.00000000000002842, -84.80761184457502111, -45.75735931288069480 ) ) ;
#2012 = CARTESIAN_POINT ( 'NONE',  ( 36.49999999999998579, 7.000000000000000000, -35.50000000000001421 ) ) ;
#2013 = AXIS2_PLACEMENT_3D ( 'NONE', #993, #3691, #6370 ) ;
#2014 = DIRECTION ( 'NONE',  ( 0.000000000000000000, 0.000000000000000000, -1.000000000000000000 ) ) ;
#2015 = AXIS2_PLACEMENT_3D ( 'NONE', #399, #439, #3049 ) ;
#2016 = CIRCLE ( 'NONE', #8210, 1.000000000000000888 ) ;
#2017 = DIRECTION ( 'NONE',  ( 1.000000000000000000, -0.000000000000000000, -0.000000000000000000 ) ) ;
#2018 = VERTEX_POINT ( 'NONE', #7089 ) ;
#2019 = CARTESIAN_POINT ( 'NONE',  ( -39.99999999999997158, -90.00000000000001421, 48.00000000000000711 ) ) ;
#2020 = EDGE_LOOP ( 'NONE', ( #8125, #4761, #8618, #5111 ) ) ;
#2021 = ORIENTED_EDGE ( 'NONE', *, *, #4985, .T. ) ;
#2022 = EDGE_CURVE ( 'NONE', #5320, #2315, #8455, .T. ) ;
#2023 = CARTESIAN_POINT ( 'NONE',  ( 59.00000000000002132, -105.0000000000000142, 42.25000000000000000 ) ) ;
#2024 = LINE ( 'NONE', #4724, #5838 ) ;
#2025 = ORIENTED_EDGE ( 'NONE', *, *, #3380, .T. ) ;
#2026 = CIRCLE ( 'NONE', #6666, 1.250000000000001110 ) ;
#2027 = DIRECTION ( 'NONE',  ( 0.000000000000000000, 0.5773502691896305050, 0.8164965809277227038 ) ) ;
#2028 = VECTOR ( 'NONE', #7054, 1000.000000000000000 ) ;
#2029 = LINE ( 'NONE', #6706, #3080 ) ;
#2030 = ORIENTED_EDGE ( 'NONE', *, *, #3269, .T. ) ;
#2031 = FACE_OUTER_BOUND ( 'NONE', #6697, .T. ) ;
#2032 = EDGE_CURVE ( 'NONE', #3003, #7475, #2411, .T. ) ;
#2033 = AXIS2_PLACEMENT_3D ( 'NONE', #7924, #1886, #1228 ) ;
#2034 = DIRECTION ( 'NONE',  ( 0.000000000000000000, 0.000000000000000000, 1.000000000000000000 ) ) ;
#2035 = CIRCLE ( 'NONE', #1338, 6.749999999999999112 ) ;
#2036 = ADVANCED_FACE ( 'NONE', ( #5067 ), #3748, .F. ) ;
#2037 = ADVANCED_FACE ( 'NONE', ( #6427 ), #5106, .F. ) ;
#2038 = CARTESIAN_POINT ( 'NONE',  ( 19.00000000000000000, -83.50000000000000000, -17.99999999999997868 ) ) ;
#2039 = ADVANCED_FACE ( 'NONE', ( #5803 ), #3081, .F. ) ;
#2040 = VECTOR ( 'NONE', #8001, 1000.000000000000000 ) ;
#2041 = EDGE_LOOP ( 'NONE', ( #8239, #4388, #3441, #845 ) ) ;
#2042 = EDGE_LOOP ( 'NONE', ( #2576, #1379, #3668, #2280 ) ) ;
#2043 = ORIENTED_EDGE ( 'NONE', *, *, #3138, .F. ) ;
#2044 = LINE ( 'NONE', #2126, #1208 ) ;
#2045 = CARTESIAN_POINT ( 'NONE',  ( 36.49999999999998579, 7.000000000000000000, -34.50000000000001421 ) ) ;
#2046 = CARTESIAN_POINT ( 'NONE',  ( -27.50000000000000355, 26.09188309203678102, 35.00000000000001421 ) ) ;
#2047 = CARTESIAN_POINT ( 'NONE',  ( -21.79999999999999716, -90.00000000000001421, 42.50000000000000711 ) ) ;
#2048 = DIRECTION ( 'NONE',  ( 0.000000000000000000, 0.000000000000000000, 1.000000000000000000 ) ) ;
#2049 = EDGE_CURVE ( 'NONE', #1594, #3498, #4365, .T. ) ;
#2050 = ORIENTED_EDGE ( 'NONE', *, *, #4685, .F. ) ;
#2051 = SURFACE_STYLE_USAGE ( .BOTH. , #4085 ) ;
#2052 = ORIENTED_EDGE ( 'NONE', *, *, #7702, .F. ) ;
#2053 = ADVANCED_FACE ( 'NONE', ( #6470 ), #2498, .F. ) ;
#2054 = LINE ( 'NONE', #8051, #4153 ) ;
#2055 = EDGE_LOOP ( 'NONE', ( #4336, #2831, #2757, #3891, #7196 ) ) ;
#2056 = CARTESIAN_POINT ( 'NONE',  ( 47.29999999999998295, -4.000000000000000000, 25.99999999999999645 ) ) ;
#2057 = LINE ( 'NONE', #7532, #4583 ) ;
#2058 = CARTESIAN_POINT ( 'NONE',  ( -9.299999999999995381, -100.0000000000000000, 42.50000000000000711 ) ) ;
#2059 = LINE ( 'NONE', #3387, #1603 ) ;
#2060 = CARTESIAN_POINT ( 'NONE',  ( -13.00000000000000888, -8.000000000000000000, 30.00000000000002132 ) ) ;
#2061 = DIRECTION ( 'NONE',  ( -0.7071067811865485719, 0.000000000000000000, -0.7071067811865465735 ) ) ;
#2062 = VERTEX_POINT ( 'NONE', #8498 ) ;
#2063 = DIRECTION ( 'NONE',  ( -0.000000000000000000, 1.000000000000000000, -0.000000000000000000 ) ) ;
#2064 = EDGE_LOOP ( 'NONE', ( #4935, #7306, #5876, #2792 ) ) ;
#2065 = ORIENTED_EDGE ( 'NONE', *, *, #3980, .F. ) ;
#2066 = VECTOR ( 'NONE', #7756, 1000.000000000000000 ) ;
#2067 = EDGE_CURVE ( 'NONE', #413, #4454, #3661, .T. ) ;
#2068 = LINE ( 'NONE', #2023, #6456 ) ;
#2069 = CARTESIAN_POINT ( 'NONE',  ( 59.00000000000003553, -100.0000000000000000, -43.99999999999999289 ) ) ;
#2070 = ORIENTED_EDGE ( 'NONE', *, *, #6575, .T. ) ;
#2071 = DIRECTION ( 'NONE',  ( 1.000000000000000000, 0.000000000000000000, -0.000000000000000000 ) ) ;
#2072 = VECTOR ( 'NONE', #2891, 1000.000000000000000 ) ;
#2073 = CARTESIAN_POINT ( 'NONE',  ( -52.99999999999995026, -90.00000000000001421, 45.00000000000001421 ) ) ;
#2074 = EDGE_LOOP ( 'NONE', ( #4872, #743, #4142, #2092 ) ) ;
#2075 = DIRECTION ( 'NONE',  ( -0.000000000000000000, -1.000000000000000000, -0.000000000000000000 ) ) ;
#2076 = CARTESIAN_POINT ( 'NONE',  ( -61.99999999999997158, 0.000000000000000000, -24.19999999999999929 ) ) ;
#2077 = EDGE_CURVE ( 'NONE', #592, #1709, #4903, .T. ) ;
#2078 = FACE_OUTER_BOUND ( 'NONE', #3378, .T. ) ;
#2079 = EDGE_LOOP ( 'NONE', ( #6254, #4827, #8222, #5043 ) ) ;
#2080 = VERTEX_POINT ( 'NONE', #6507 ) ;
#2081 = CIRCLE ( 'NONE', #6165, 1.250000000000001110 ) ;
#2082 = ORIENTED_EDGE ( 'NONE', *, *, #7778, .F. ) ;
#2083 = CONICAL_SURFACE ( 'NONE', #679, 1.000000000000000888, 0.5235987755983001479 ) ;
#2084 = CARTESIAN_POINT ( 'NONE',  ( -42.00000000000000711, -8.000000000000000000, 30.00000000000002132 ) ) ;
#2085 = EDGE_CURVE ( 'NONE', #5578, #4848, #6877, .T. ) ;
#2086 = DIRECTION ( 'NONE',  ( 0.000000000000000000, 1.000000000000000000, -0.000000000000000000 ) ) ;
#2087 = PRESENTATION_LAYER_ASSIGNMENT (  '', '', ( #4911 ) ) ;
#2088 = AXIS2_PLACEMENT_3D ( 'NONE', #7659, #7036, #8400 ) ;
#2089 = LINE ( 'NONE', #4869, #531 ) ;
#2090 = CARTESIAN_POINT ( 'NONE',  ( 37.49999999999998579, 7.000000000000000000, -34.50000000000001421 ) ) ;
#2091 = DIRECTION ( 'NONE',  ( 0.000000000000000000, -1.000000000000000000, 0.000000000000000000 ) ) ;
#2092 = ORIENTED_EDGE ( 'NONE', *, *, #6009, .T. ) ;
#2093 = ORIENTED_EDGE ( 'NONE', *, *, #2067, .F. ) ;
#2094 = CARTESIAN_POINT ( 'NONE',  ( 0.000000000000000000, 0.000000000000000000, 0.000000000000000000 ) ) ;
#2095 = EDGE_LOOP ( 'NONE', ( #1731, #3320, #8187, #6407 ) ) ;
#2096 = PLANE ( 'NONE',  #5676 ) ;
#2097 = CARTESIAN_POINT ( 'NONE',  ( -57.99999999999997158, -60.00000000000000000, -25.19999999999999574 ) ) ;
#2098 = VERTEX_POINT ( 'NONE', #5194 ) ;
#2099 = PLANE ( 'NONE',  #8216 ) ;
#2100 = EDGE_CURVE ( 'NONE', #6538, #8616, #7886, .T. ) ;
#2101 = FACE_OUTER_BOUND ( 'NONE', #6707, .T. ) ;
#2102 = AXIS2_PLACEMENT_3D ( 'NONE', #6441, #5735, #1721 ) ;
#2103 = DIRECTION ( 'NONE',  ( 0.000000000000000000, 0.000000000000000000, 1.000000000000000000 ) ) ;
#2104 = VERTEX_POINT ( 'NONE', #5675 ) ;
#2105 = CARTESIAN_POINT ( 'NONE',  ( 5.000000000000005329, -103.0000000000000142, 38.00000000000000711 ) ) ;
#2106 = ORIENTED_EDGE ( 'NONE', *, *, #5542, .F. ) ;
#2107 = ORIENTED_EDGE ( 'NONE', *, *, #3635, .F. ) ;
#2108 = CARTESIAN_POINT ( 'NONE',  ( -38.50000000000000711, -8.000000000000000000, 33.25000000000002132 ) ) ;
#2109 = CARTESIAN_POINT ( 'NONE',  ( 59.00000000000003553, -105.0000000000000142, -43.99999999999999289 ) ) ;
#2110 = DIRECTION ( 'NONE',  ( 0.000000000000000000, 0.000000000000000000, -1.000000000000000000 ) ) ;
#2111 = EDGE_LOOP ( 'NONE', ( #5577, #6169, #2240, #6834 ) ) ;
#2112 = EDGE_CURVE ( 'NONE', #7709, #2122, #7049, .T. ) ;
#2113 = EDGE_CURVE ( 'NONE', #2586, #5678, #4064, .T. ) ;
#2114 = EDGE_CURVE ( 'NONE', #2554, #946, #6725, .T. ) ;
#2115 = CARTESIAN_POINT ( 'NONE',  ( -39.99999999999997158, -103.0000000000000142, 45.00000000000001421 ) ) ;
#2116 = EDGE_LOOP ( 'NONE', ( #370, #3196, #2070, #7055 ) ) ;
#2117 = CARTESIAN_POINT ( 'NONE',  ( 57.75735931288073033, -100.0000000000000000, -36.99999999999998579 ) ) ;
#2118 = CARTESIAN_POINT ( 'NONE',  ( -55.99999999999996447, -60.00000000000000000, -25.19999999999999574 ) ) ;
#2119 = ORIENTED_EDGE ( 'NONE', *, *, #3334, .F. ) ;
#2120 = CARTESIAN_POINT ( 'NONE',  ( 62.00000000000002842, -100.0000000000000000, -37.00000000000002132 ) ) ;
#2121 = EDGE_LOOP ( 'NONE', ( #1614, #3292 ) ) ;
#2122 = VERTEX_POINT ( 'NONE', #5274 ) ;
#2123 = AXIS2_PLACEMENT_3D ( 'NONE', #6931, #8337, #5512 ) ;
#2124 = EDGE_CURVE ( 'NONE', #779, #5415, #1286, .T. ) ;
#2125 = VERTEX_POINT ( 'NONE', #3288 ) ;
#2126 = CARTESIAN_POINT ( 'NONE',  ( -36.99999999999999289, -90.00000000000001421, 33.00000000000001421 ) ) ;
#2127 = DIRECTION ( 'NONE',  ( 0.000000000000000000, -0.000000000000000000, -1.000000000000000000 ) ) ;
#2128 = CYLINDRICAL_SURFACE ( 'NONE', #5740, 1.249999999999997558 ) ;
#2129 = PLANE ( 'NONE',  #6069 ) ;
#2130 = LINE ( 'NONE', #4175, #3433 ) ;
#2131 = ORIENTED_EDGE ( 'NONE', *, *, #5267, .T. ) ;
#2132 = ORIENTED_EDGE ( 'NONE', *, *, #7275, .F. ) ;
#2133 = ADVANCED_FACE ( 'NONE', ( #4705 ), #2578, .F. ) ;
#2134 = PRODUCT_DEFINITION ( 'UNKNOWN', '', #4121, #6701 ) ;
#2135 = CARTESIAN_POINT ( 'NONE',  ( -59.99999999999997868, -60.00000000000000000, -24.19999999999999929 ) ) ;
#2136 = ORIENTED_EDGE ( 'NONE', *, *, #5571, .F. ) ;
#2137 = DIRECTION ( 'NONE',  ( 0.000000000000000000, 0.000000000000000000, -1.000000000000000000 ) ) ;
#2138 = LINE ( 'NONE', #5404, #8089 ) ;
#2139 = FACE_OUTER_BOUND ( 'NONE', #3560, .T. ) ;
#2140 = AXIS2_PLACEMENT_3D ( 'NONE', #6311, #8159, #4810 ) ;
#2141 = CARTESIAN_POINT ( 'NONE',  ( -39.70000000000000995, 0.000000000000000000, 25.99999999999999645 ) ) ;
#2142 = FACE_OUTER_BOUND ( 'NONE', #6457, .T. ) ;
#2143 = EDGE_CURVE ( 'NONE', #1467, #902, #3918, .T. ) ;
#2144 = CARTESIAN_POINT ( 'NONE',  ( 41.75000000000000711, -44.99999999999999289, 50.00000000000000711 ) ) ;
#2145 = VERTEX_POINT ( 'NONE', #6061 ) ;
#2146 = FACE_OUTER_BOUND ( 'NONE', #5650, .T. ) ;
#2147 = AXIS2_PLACEMENT_3D ( 'NONE', #1971, #3338, #2672 ) ;
#2148 = ORIENTED_EDGE ( 'NONE', *, *, #3255, .F. ) ;
#2149 = EDGE_LOOP ( 'NONE', ( #951, #8684 ) ) ;
#2150 = EDGE_CURVE ( 'NONE', #4464, #1248, #648, .T. ) ;
#2151 = FACE_OUTER_BOUND ( 'NONE', #764, .T. ) ;
#2152 = VECTOR ( 'NONE', #5852, 1000.000000000000000 ) ;
#2153 = CARTESIAN_POINT ( 'NONE',  ( -58.99999999999994316, -100.0000000000000000, -44.00000000000012790 ) ) ;
#2154 = DIRECTION ( 'NONE',  ( -0.000000000000000000, 1.000000000000000000, -0.000000000000000000 ) ) ;
#2155 = ORIENTED_EDGE ( 'NONE', *, *, #3390, .F. ) ;
#2156 = DIRECTION ( 'NONE',  ( -0.000000000000000000, 1.000000000000000000, -0.000000000000000000 ) ) ;
#2157 = VECTOR ( 'NONE', #4835, 1000.000000000000000 ) ;
#2158 = VECTOR ( 'NONE', #884, 1000.000000000000000 ) ;
#2159 = CARTESIAN_POINT ( 'NONE',  ( -35.69999999999999574, 5.000000000000000000, -43.00000000000000711 ) ) ;
#2160 = EDGE_LOOP ( 'NONE', ( #4773, #6782, #7483, #1726 ) ) ;
#2161 = DIRECTION ( 'NONE',  ( 0.000000000000000000, 0.000000000000000000, -1.000000000000000000 ) ) ;
#2162 = ADVANCED_FACE ( 'NONE', ( #3379, #7218 ), #8704, .T. ) ;
#2163 = CIRCLE ( 'NONE', #5963, 1.750000000000001554 ) ;
#2164 = DIRECTION ( 'NONE',  ( -0.000000000000000000, 0.000000000000000000, 1.000000000000000000 ) ) ;
#2165 = CARTESIAN_POINT ( 'NONE',  ( -16.50000000000001421, 0.000000000000000000, 35.00000000000002842 ) ) ;
#2166 = AXIS2_PLACEMENT_3D ( 'NONE', #1630, #6343, #5683 ) ;
#2167 = ORIENTED_EDGE ( 'NONE', *, *, #4526, .F. ) ;
#2168 = DIRECTION ( 'NONE',  ( -0.000000000000000000, 1.000000000000000000, -0.000000000000000000 ) ) ;
#2169 = VERTEX_POINT ( 'NONE', #3249 ) ;
#2170 = VERTEX_POINT ( 'NONE', #2667 ) ;
#2171 = VECTOR ( 'NONE', #7929, 1000.000000000000000 ) ;
#2172 = CARTESIAN_POINT ( 'NONE',  ( 70.13333333333306996, -55.66666666666693430, 75.83333333333344228 ) ) ;
#2173 = ADVANCED_FACE ( 'NONE', ( #2536 ), #7308, .F. ) ;
#2174 = EDGE_LOOP ( 'NONE', ( #4344, #1805 ) ) ;
#2175 = DIRECTION ( 'NONE',  ( -0.000000000000000000, -1.000000000000000000, -0.000000000000000000 ) ) ;
#2176 = VECTOR ( 'NONE', #551, 1000.000000000000000 ) ;
#2177 = AXIS2_PLACEMENT_3D ( 'NONE', #7240, #5915, #8351 ) ;
#2178 = DIRECTION ( 'NONE',  ( 1.000000000000000000, 0.000000000000000000, 0.000000000000000000 ) ) ;
#2179 = CYLINDRICAL_SURFACE ( 'NONE', #3010, 3.000000000000002665 ) ;
#2180 = CARTESIAN_POINT ( 'NONE',  ( 62.00000000000002842, 7.000000000000000000, 48.00000000000000711 ) ) ;
#2181 = ORIENTED_EDGE ( 'NONE', *, *, #3756, .T. ) ;
#2182 = EDGE_LOOP ( 'NONE', ( #7192, #6373, #2733, #5254 ) ) ;
#2183 = ORIENTED_EDGE ( 'NONE', *, *, #6806, .F. ) ;
#2184 = DIRECTION ( 'NONE',  ( -0.000000000000000000, 1.000000000000000000, -0.000000000000000000 ) ) ;
#2185 = AXIS2_PLACEMENT_3D ( 'NONE', #7463, #4599, #2071 ) ;
#2186 = VERTEX_POINT ( 'NONE', #1268 ) ;
#2187 = DIRECTION ( 'NONE',  ( 0.000000000000000000, 0.000000000000000000, -1.000000000000000000 ) ) ;
#2188 = DIRECTION ( 'NONE',  ( 6.938893903907228378E-15, 0.000000000000000000, -1.000000000000000000 ) ) ;
#2189 = LINE ( 'NONE', #1488, #7383 ) ;
#2190 = DIRECTION ( 'NONE',  ( -0.000000000000000000, -1.000000000000000000, -0.000000000000000000 ) ) ;
#2191 = DIRECTION ( 'NONE',  ( 3.854941057726237604E-16, 0.000000000000000000, -1.000000000000000000 ) ) ;
#2192 = EDGE_CURVE ( 'NONE', #2499, #2268, #4203, .T. ) ;
#2193 = DIRECTION ( 'NONE',  ( 1.000000000000000000, 0.000000000000000000, 0.000000000000000000 ) ) ;
#2194 = ORIENTED_EDGE ( 'NONE', *, *, #7367, .T. ) ;
#2195 = CARTESIAN_POINT ( 'NONE',  ( -16.50000000000001421, 10.53553390593273775, 35.00000000000002842 ) ) ;
#2196 = VERTEX_POINT ( 'NONE', #3874 ) ;
#2197 = ORIENTED_EDGE ( 'NONE', *, *, #4540, .T. ) ;
#2198 = PLANE ( 'NONE',  #3156 ) ;
#2199 = DIRECTION ( 'NONE',  ( -1.000000000000000000, 0.000000000000000000, -9.505334114941409750E-17 ) ) ;
#2200 = CARTESIAN_POINT ( 'NONE',  ( -60.75735931288068059, -84.80761184457509216, 46.99999999999999289 ) ) ;
#2201 = ADVANCED_FACE ( 'NONE', ( #5316 ), #7352, .F. ) ;
#2202 = ORIENTED_EDGE ( 'NONE', *, *, #1013, .T. ) ;
#2203 = CARTESIAN_POINT ( 'NONE',  ( 59.00000000000002132, -100.0000000000000000, 47.00000000000000711 ) ) ;
#2204 = EDGE_CURVE ( 'NONE', #1366, #8460, #5231, .T. ) ;
#2205 = LINE ( 'NONE', #7596, #3220 ) ;
#2206 = EDGE_LOOP ( 'NONE', ( #5580, #3110 ) ) ;
#2207 = DIRECTION ( 'NONE',  ( 0.000000000000000000, -1.000000000000000000, 0.000000000000000000 ) ) ;
#2208 = CARTESIAN_POINT ( 'NONE',  ( -52.00000000000000711, -100.0000000000000000, 32.00000000000001421 ) ) ;
#2209 = CARTESIAN_POINT ( 'NONE',  ( -9.299999999999995381, -90.00000000000001421, 43.50000000000001421 ) ) ;
#2210 = VECTOR ( 'NONE', #6425, 1000.000000000000000 ) ;
#2211 = EDGE_CURVE ( 'NONE', #6908, #4477, #4663, .T. ) ;
#2212 = ADVANCED_FACE ( 'NONE', ( #2711 ), #2005, .F. ) ;
#2213 = ORIENTED_EDGE ( 'NONE', *, *, #4756, .T. ) ;
#2214 = CARTESIAN_POINT ( 'NONE',  ( -55.99999999999996447, -60.00000000000000000, 7.200000000000002842 ) ) ;
#2215 = VERTEX_POINT ( 'NONE', #5898 ) ;
#2216 = VERTEX_POINT ( 'NONE', #7922 ) ;
#2217 = CARTESIAN_POINT ( 'NONE',  ( 37.49999999999998579, 6.000000000000000000, 0.000000000000000000 ) ) ;
#2218 = VERTEX_POINT ( 'NONE', #1883 ) ;
#2219 = MANIFOLD_SOLID_BREP ( 'Cut-Extrude4', #1138 ) ;
#2220 = LINE ( 'NONE', #3601, #7121 ) ;
#2221 = CARTESIAN_POINT ( 'NONE',  ( -35.70000000000000995, 11.94974746830584600, 24.75000000000000000 ) ) ;
#2222 = VECTOR ( 'NONE', #8237, 1000.000000000000000 ) ;
#2223 = EDGE_CURVE ( 'NONE', #1788, #1497, #3759, .T. ) ;
#2224 = PLANE ( 'NONE',  #1135 ) ;
#2225 = CYLINDRICAL_SURFACE ( 'NONE', #2721, 1.250000000000007994 ) ;
#2226 = ORIENTED_EDGE ( 'NONE', *, *, #213, .F. ) ;
#2227 = VERTEX_POINT ( 'NONE', #7264 ) ;
#2228 = VECTOR ( 'NONE', #711, 1000.000000000000000 ) ;
#2230 = VECTOR ( 'NONE', #4614, 1000.000000000000000 ) ;
#2229 = CARTESIAN_POINT ( 'NONE',  ( -47.42473922221731186, -100.0000000000000000, 32.00000000000001421 ) ) ;
#2231 = VERTEX_POINT ( 'NONE', #5034 ) ;
#2232 = CARTESIAN_POINT ( 'NONE',  ( -27.50000000000000355, 5.999999999999971578, 35.00000000000001421 ) ) ;
#2233 = FACE_OUTER_BOUND ( 'NONE', #7462, .T. ) ;
#2234 = LINE ( 'NONE', #7624, #6961 ) ;
#2235 = VECTOR ( 'NONE', #3443, 1000.000000000000000 ) ;
#2236 = CARTESIAN_POINT ( 'NONE',  ( -48.99999999999997158, -105.0000000000000142, 46.00000000000001421 ) ) ;
#2237 = VECTOR ( 'NONE', #7896, 1000.000000000000000 ) ;
#2238 = CARTESIAN_POINT ( 'NONE',  ( 42.30000000000000426, -103.0000000000000142, 37.00000000000003553 ) ) ;
#2239 = DIRECTION ( 'NONE',  ( 1.000000000000000000, -0.000000000000000000, 0.000000000000000000 ) ) ;
#2240 = ORIENTED_EDGE ( 'NONE', *, *, #2878, .T. ) ;
#2241 = LINE ( 'NONE', #8185, #5479 ) ;
#2242 = ORIENTED_EDGE ( 'NONE', *, *, #55, .F. ) ;
#2243 = ORIENTED_EDGE ( 'NONE', *, *, #6594, .F. ) ;
#2244 = AXIS2_PLACEMENT_3D ( 'NONE', #4688, #7428, #1952 ) ;
#2245 = LINE ( 'NONE', #8328, #6532 ) ;
#2246 = CARTESIAN_POINT ( 'NONE',  ( -24.99999999999999645, -90.00000000000001421, 47.00000000000000711 ) ) ;
#2247 = CARTESIAN_POINT ( 'NONE',  ( -38.50000000000000711, 5.000000000000000000, 35.00000000000002132 ) ) ;
#2248 = ORIENTED_EDGE ( 'NONE', *, *, #460, .T. ) ;
#2249 = VECTOR ( 'NONE', #3806, 1000.000000000000000 ) ;
#2250 = DIRECTION ( 'NONE',  ( 1.000000000000000000, 0.000000000000000000, 0.000000000000000000 ) ) ;
#2251 = PRODUCT_DEFINITION_SHAPE ( 'NONE', 'NONE',  #2134 ) ;
#2252 = ORIENTED_EDGE ( 'NONE', *, *, #8158, .F. ) ;
#2253 = CARTESIAN_POINT ( 'NONE',  ( 31.30000000000000782, -105.0000000000000142, 37.00000000000003553 ) ) ;
#2254 = DIRECTION ( 'NONE',  ( 0.000000000000000000, -1.000000000000000000, 0.000000000000000000 ) ) ;
#2255 = DIRECTION ( 'NONE',  ( -0.000000000000000000, -1.000000000000000000, -0.000000000000000000 ) ) ;
#2256 = EDGE_LOOP ( 'NONE', ( #62, #2106 ) ) ;
#2257 = LINE ( 'NONE', #8255, #4919 ) ;
#2258 = AXIS2_PLACEMENT_3D ( 'NONE', #787, #3474, #6067 ) ;
#2259 = ORIENTED_EDGE ( 'NONE', *, *, #5969, .F. ) ;
#2260 = ORIENTED_EDGE ( 'NONE', *, *, #4596, .F. ) ;
#2261 = DIRECTION ( 'NONE',  ( 0.000000000000000000, 1.000000000000000000, 0.000000000000000000 ) ) ;
#2262 = ORIENTED_EDGE ( 'NONE', *, *, #8074, .T. ) ;
#2263 = DIRECTION ( 'NONE',  ( -1.000000000000000000, 0.000000000000000000, 0.000000000000000000 ) ) ;
#2264 = LINE ( 'NONE', #4961, #2072 ) ;
#2265 = CARTESIAN_POINT ( 'NONE',  ( 43.29999999999999005, 11.94974746830584600, -43.00000000000000711 ) ) ;
#2266 = LINE ( 'NONE', #4963, #3153 ) ;
#2267 = ORIENTED_EDGE ( 'NONE', *, *, #3304, .F. ) ;
#2268 = VERTEX_POINT ( 'NONE', #1807 ) ;
#2269 = AXIS2_PLACEMENT_3D ( 'NONE', #1346, #4778, #1428 ) ;
#2270 = CARTESIAN_POINT ( 'NONE',  ( -8.122777644359711832E-15, -97.00000000000001421, 46.99999999999999289 ) ) ;
#2271 = ORIENTED_EDGE ( 'NONE', *, *, #1681, .T. ) ;
#2272 = CARTESIAN_POINT ( 'NONE',  ( -57.99999999999997868, -60.00000000000000000, -26.19999999999999574 ) ) ;
#2273 = FACE_OUTER_BOUND ( 'NONE', #6316, .T. ) ;
#2274 = EDGE_CURVE ( 'NONE', #826, #2216, #8423, .T. ) ;
#2275 = CARTESIAN_POINT ( 'NONE',  ( 0.000000000000000000, -100.0000000000000000, 45.00000000000001421 ) ) ;
#2276 = LINE ( 'NONE', #7625, #4421 ) ;
#2277 = DIRECTION ( 'NONE',  ( -5.337610695313253357E-16, 0.000000000000000000, -1.000000000000000000 ) ) ;
#2278 = CARTESIAN_POINT ( 'NONE',  ( 59.00000000000003553, -105.0000000000000142, -43.99999999999999289 ) ) ;
#2279 = CARTESIAN_POINT ( 'NONE',  ( -16.50000000000001421, 0.000000000000000000, 36.75000000000003553 ) ) ;
#2280 = ORIENTED_EDGE ( 'NONE', *, *, #1666, .F. ) ;
#2281 = EDGE_LOOP ( 'NONE', ( #6223, #1869, #2906, #2823 ) ) ;
#2282 = PLANE ( 'NONE',  #2300 ) ;
#2283 = FACE_OUTER_BOUND ( 'NONE', #8514, .T. ) ;
#2284 = CARTESIAN_POINT ( 'NONE',  ( -48.99999999999997158, -90.00000000000001421, 50.00000000000001421 ) ) ;
#2285 = EDGE_LOOP ( 'NONE', ( #1516, #6760 ) ) ;
#2286 = CARTESIAN_POINT ( 'NONE',  ( 0.000000000000000000, 5.000000000000000000, 0.000000000000000000 ) ) ;
#2287 = AXIS2_PLACEMENT_3D ( 'NONE', #5086, #1108, #7237 ) ;
#2288 = CARTESIAN_POINT ( 'NONE',  ( -41.74999999999999289, -45.00000000000000000, -50.00099999999999767 ) ) ;
#2289 = ORIENTED_EDGE ( 'NONE', *, *, #5707, .T. ) ;
#2290 = DIRECTION ( 'NONE',  ( -0.000000000000000000, -1.000000000000000000, -0.000000000000000000 ) ) ;
#2291 = AXIS2_PLACEMENT_3D ( 'NONE', #6383, #5192, #7799 ) ;
#2292 = CARTESIAN_POINT ( 'NONE',  ( -61.99999999999997158, -60.00000000000000000, -24.19999999999999929 ) ) ;
#2293 = LINE ( 'NONE', #2118, #5519 ) ;
#2294 = CIRCLE ( 'NONE', #5954, 3.000000000000002665 ) ;
#2295 = VECTOR ( 'NONE', #7452, 1000.000000000000000 ) ;
#2296 = VECTOR ( 'NONE', #46, 1000.000000000000000 ) ;
#2297 = ORIENTED_EDGE ( 'NONE', *, *, #776, .T. ) ;
#2298 = EDGE_CURVE ( 'NONE', #1563, #8345, #400, .T. ) ;
#2299 = DIRECTION ( 'NONE',  ( 0.000000000000000000, 0.000000000000000000, 1.000000000000000000 ) ) ;
#2300 = AXIS2_PLACEMENT_3D ( 'NONE', #4984, #7680, #4325 ) ;
#2301 = VERTEX_POINT ( 'NONE', #3671 ) ;
#2302 = ORIENTED_EDGE ( 'NONE', *, *, #217, .F. ) ;
#2303 = FACE_OUTER_BOUND ( 'NONE', #7077, .T. ) ;
#2304 = ORIENTED_EDGE ( 'NONE', *, *, #1910, .F. ) ;
#2305 = LINE ( 'NONE', #538, #1068 ) ;
#2306 = EDGE_CURVE ( 'NONE', #5212, #7050, #2626, .T. ) ;
#2307 = EDGE_CURVE ( 'NONE', #3642, #2227, #5776, .T. ) ;
#2308 = CONICAL_SURFACE ( 'NONE', #5555, 1.000000000000000888, 0.5235987755983001479 ) ;
#2309 = DIRECTION ( 'NONE',  ( 0.000000000000000000, 0.000000000000000000, 1.000000000000000000 ) ) ;
#2310 = DIRECTION ( 'NONE',  ( -0.000000000000000000, -1.000000000000000000, -0.000000000000000000 ) ) ;
#2311 = AXIS2_PLACEMENT_3D ( 'NONE', #665, #621, #3351 ) ;
#2312 = DIRECTION ( 'NONE',  ( 0.000000000000000000, -0.000000000000000000, 1.000000000000000000 ) ) ;
#2313 = ORIENTED_EDGE ( 'NONE', *, *, #5844, .T. ) ;
#2314 = CARTESIAN_POINT ( 'NONE',  ( -62.99999999999997158, 7.000000000000000000, -46.99999999999999289 ) ) ;
#2315 = VERTEX_POINT ( 'NONE', #311 ) ;
#2316 = AXIS2_PLACEMENT_3D ( 'NONE', #2529, #6632, #7912 ) ;
#2317 = CARTESIAN_POINT ( 'NONE',  ( -57.75735931288073743, -98.00000000000000000, -36.99999999999999289 ) ) ;
#2318 = DIRECTION ( 'NONE',  ( -0.000000000000000000, -1.000000000000000000, -0.000000000000000000 ) ) ;
#2319 = DIRECTION ( 'NONE',  ( 0.000000000000000000, -1.000000000000000000, 0.000000000000000000 ) ) ;
#2320 = EDGE_CURVE ( 'NONE', #7124, #6081, #1148, .T. ) ;
#2321 = AXIS2_PLACEMENT_3D ( 'NONE', #1487, #1531, #732 ) ;
#2322 = CARTESIAN_POINT ( 'NONE',  ( 5.000000000000005329, -103.0000000000000142, 38.00000000000000711 ) ) ;
#2323 = EDGE_CURVE ( 'NONE', #1740, #6544, #1061, .T. ) ;
#2324 = DIRECTION ( 'NONE',  ( 0.000000000000000000, -1.000000000000000000, 0.000000000000000000 ) ) ;
#2325 = CARTESIAN_POINT ( 'NONE',  ( 65.00000000000002842, -100.0000000000000000, -46.99999999999999289 ) ) ;
#2326 = ADVANCED_FACE ( 'NONE', ( #4414, #8384, #2468 ), #3001, .T. ) ;
#2327 = DIRECTION ( 'NONE',  ( -0.000000000000000000, 1.000000000000000000, -0.000000000000000000 ) ) ;
#2328 = AXIS2_PLACEMENT_3D ( 'NONE', #7477, #6762, #722 ) ;
#2329 = ORIENTED_EDGE ( 'NONE', *, *, #1975, .F. ) ;
#2330 = VERTEX_POINT ( 'NONE', #3050 ) ;
#2331 = FACE_OUTER_BOUND ( 'NONE', #6494, .T. ) ;
#2332 = FACE_OUTER_BOUND ( 'NONE', #5175, .T. ) ;
#2333 = DIRECTION ( 'NONE',  ( 0.000000000000000000, -0.7071067811865491270, 0.7071067811865459074 ) ) ;
#2334 = VERTEX_POINT ( 'NONE', #8661 ) ;
#2335 = CARTESIAN_POINT ( 'NONE',  ( 0.000000000000000000, -90.00000000000001421, 47.00000000000000711 ) ) ;
#2336 = CARTESIAN_POINT ( 'NONE',  ( 49.00000000000000711, -90.50000000000001421, 41.00000000000002842 ) ) ;
#2337 = LINE ( 'NONE', #7552, #6737 ) ;
#2338 = VERTEX_POINT ( 'NONE', #7102 ) ;
#2339 = DIRECTION ( 'NONE',  ( -0.000000000000000000, 1.000000000000000000, -0.000000000000000000 ) ) ;
#2340 = ADVANCED_FACE ( 'NONE', ( #5117 ), #3840, .T. ) ;
#2341 = EDGE_CURVE ( 'NONE', #8568, #3642, #5872, .T. ) ;
#2342 = LINE ( 'NONE', #5039, #7311 ) ;
#2343 = CARTESIAN_POINT ( 'NONE',  ( 49.00000000000000000, -90.50000000000001421, -21.99999999999997868 ) ) ;
#2344 = VERTEX_POINT ( 'NONE', #1634 ) ;
#2345 = FACE_OUTER_BOUND ( 'NONE', #162, .T. ) ;
#2346 = VERTEX_POINT ( 'NONE', #4462 ) ;
#2347 = ORIENTED_EDGE ( 'NONE', *, *, #8298, .F. ) ;
#2348 = MECHANICAL_DESIGN_GEOMETRIC_PRESENTATION_REPRESENTATION (  '', ( #8682 ), #806 ) ;
#2349 = DIRECTION ( 'NONE',  ( 0.000000000000000000, 0.000000000000000000, -1.000000000000000000 ) ) ;
#2350 = ORIENTED_EDGE ( 'NONE', *, *, #1902, .F. ) ;
#2351 = CARTESIAN_POINT ( 'NONE',  ( 27.49999999999999645, 5.999999999999985789, 35.00000000000000711 ) ) ;
#2352 = EDGE_CURVE ( 'NONE', #5045, #3468, #1086, .T. ) ;
#2353 = VECTOR ( 'NONE', #863, 1000.000000000000000 ) ;
#2354 = CARTESIAN_POINT ( 'NONE',  ( -37.50000000000001421, 7.000000000000000000, -0.000000000000000000 ) ) ;
#2355 = CARTESIAN_POINT ( 'NONE',  ( -21.79999999999999716, -90.00000000000001421, 43.50000000000001421 ) ) ;
#2356 = EDGE_LOOP ( 'NONE', ( #6317, #4432, #2858, #2843 ) ) ;
#2357 = EDGE_CURVE ( 'NONE', #807, #5864, #598, .T. ) ;
#2358 = CARTESIAN_POINT ( 'NONE',  ( -57.99999999999997158, 0.000000000000000000, 1.200000000000002176 ) ) ;
#2359 = ORIENTED_EDGE ( 'NONE', *, *, #170, .T. ) ;
#2360 = DIRECTION ( 'NONE',  ( -1.000000000000000000, -0.000000000000000000, -0.000000000000000000 ) ) ;
#2361 = CARTESIAN_POINT ( 'NONE',  ( 49.50000000000001421, -91.00000000000009948, 49.50000000000001421 ) ) ;
#2362 = DIRECTION ( 'NONE',  ( -0.000000000000000000, 1.000000000000000000, -0.000000000000000000 ) ) ;
#2363 = CYLINDRICAL_SURFACE ( 'NONE', #4425, 1.250000000000001110 ) ;
#2364 = DIRECTION ( 'NONE',  ( 0.000000000000000000, -1.000000000000000000, 0.000000000000000000 ) ) ;
#2365 = LINE ( 'NONE', #7216, #3144 ) ;
#2366 = VECTOR ( 'NONE', #4067, 1000.000000000000000 ) ;
#2367 = DIRECTION ( 'NONE',  ( 1.000000000000000000, 0.000000000000000000, 0.000000000000000000 ) ) ;
#2368 = EDGE_CURVE ( 'NONE', #3517, #318, #385, .T. ) ;
#2369 = ORIENTED_EDGE ( 'NONE', *, *, #5964, .F. ) ;
#2370 = ORIENTED_EDGE ( 'NONE', *, *, #7074, .T. ) ;
#2371 = CARTESIAN_POINT ( 'NONE',  ( -61.99999999999995737, -84.99999999999998579, -37.00000000000012790 ) ) ;
#2372 = AXIS2_PLACEMENT_3D ( 'NONE', #3666, #2911, #4193 ) ;
#2373 = VERTEX_POINT ( 'NONE', #3713 ) ;
#2374 = FACE_OUTER_BOUND ( 'NONE', #7648, .T. ) ;
#2375 = CARTESIAN_POINT ( 'NONE',  ( -59.99999999999997868, -60.00000000000000000, -24.19999999999999929 ) ) ;
#2376 = ORIENTED_EDGE ( 'NONE', *, *, #1076, .T. ) ;
#2377 = DIRECTION ( 'NONE',  ( 1.205443222970313825E-16, 0.5773502691896295058, -0.8164965809277233699 ) ) ;
#2378 = EDGE_CURVE ( 'NONE', #6935, #4981, #6396, .T. ) ;
#2379 = AXIS2_PLACEMENT_3D ( 'NONE', #1977, #6651, #4632 ) ;
#2380 = AXIS2_PLACEMENT_3D ( 'NONE', #8429, #1722, #535 ) ;
#2381 = CARTESIAN_POINT ( 'NONE',  ( -64.99999999999997158, 3.535898384862257160, 50.00000000000000711 ) ) ;
#2382 = CARTESIAN_POINT ( 'NONE',  ( -58.99999999999997158, -105.0000000000000142, 44.00000000000009948 ) ) ;
#2383 = ORIENTED_EDGE ( 'NONE', *, *, #6528, .T. ) ;
#2384 = DIRECTION ( 'NONE',  ( 0.000000000000000000, -1.000000000000000000, 0.000000000000000000 ) ) ;
#2385 = AXIS2_PLACEMENT_3D ( 'NONE', #7512, #1465, #4073 ) ;
#2386 = EDGE_CURVE ( 'NONE', #152, #1015, #6555, .T. ) ;
#2387 = CARTESIAN_POINT ( 'NONE',  ( 28.29999999999999005, -100.0000000000000000, 47.00000000000000711 ) ) ;
#2388 = PLANE ( 'NONE',  #1166 ) ;
#2389 = EDGE_CURVE ( 'NONE', #5936, #5182, #7984, .T. ) ;
#2390 = AXIS2_PLACEMENT_3D ( 'NONE', #6033, #8633, #1935 ) ;
#2391 = ORIENTED_EDGE ( 'NONE', *, *, #4964, .F. ) ;
#2392 = FACE_OUTER_BOUND ( 'NONE', #8317, .T. ) ;
#2393 = ORIENTED_EDGE ( 'NONE', *, *, #1123, .T. ) ;
#2394 = VERTEX_POINT ( 'NONE', #3078 ) ;
#2395 = DIRECTION ( 'NONE',  ( 0.000000000000000000, -1.000000000000000000, 0.000000000000000000 ) ) ;
#2396 = EDGE_LOOP ( 'NONE', ( #2197, #6599, #7206, #4324 ) ) ;
#2397 = AXIS2_PLACEMENT_3D ( 'NONE', #7397, #1348, #4124 ) ;
#2398 = CARTESIAN_POINT ( 'NONE',  ( -6.999999999999995559, -90.00000000000001421, 47.00000000000000711 ) ) ;
#2399 = DIRECTION ( 'NONE',  ( 1.000000000000000000, 0.000000000000000000, 5.595882180570346659E-17 ) ) ;
#2400 = EDGE_CURVE ( 'NONE', #8583, #7026, #3483, .T. ) ;
#2401 = EDGE_LOOP ( 'NONE', ( #580, #3123, #8540, #4601 ) ) ;
#2402 = CARTESIAN_POINT ( 'NONE',  ( -59.99999999999997868, -60.00000000000000000, 0.2000000000000057288 ) ) ;
#2403 = ORIENTED_EDGE ( 'NONE', *, *, #2753, .F. ) ;
#2404 = CARTESIAN_POINT ( 'NONE',  ( -35.70000000000000995, 11.94974746830584600, 24.75000000000000000 ) ) ;
#2405 = DIRECTION ( 'NONE',  ( 0.000000000000000000, -0.000000000000000000, -1.000000000000000000 ) ) ;
#2406 = LINE ( 'NONE', #3913, #2647 ) ;
#2407 = DIRECTION ( 'NONE',  ( 0.000000000000000000, 0.000000000000000000, 1.000000000000000000 ) ) ;
#2408 = DIRECTION ( 'NONE',  ( 0.000000000000000000, 0.000000000000000000, 1.000000000000000000 ) ) ;
#2409 = CARTESIAN_POINT ( 'NONE',  ( 59.00000000000002132, -84.99999999999998579, 42.75000000000000000 ) ) ;
#2410 = EDGE_CURVE ( 'NONE', #6094, #3546, #5763, .T. ) ;
#2411 = LINE ( 'NONE', #7845, #8563 ) ;
#2412 = EDGE_LOOP ( 'NONE', ( #5946, #5685, #5477, #1757 ) ) ;
#2413 = VERTEX_POINT ( 'NONE', #1002 ) ;
#2414 = DIRECTION ( 'NONE',  ( -1.000000000000000000, 0.000000000000000000, 0.000000000000000000 ) ) ;
#2415 = AXIS2_PLACEMENT_3D ( 'NONE', #4383, #3188, #3812 ) ;
#2416 = ORIENTED_EDGE ( 'NONE', *, *, #1377, .F. ) ;
#2417 = CARTESIAN_POINT ( 'NONE',  ( -6.999999999999994671, -105.0000000000000142, 38.00000000000000711 ) ) ;
#2418 = PLANE ( 'NONE',  #2595 ) ;
#2419 = ORIENTED_EDGE ( 'NONE', *, *, #2561, .T. ) ;
#2420 = DIRECTION ( 'NONE',  ( 0.000000000000000000, 0.000000000000000000, 1.000000000000000000 ) ) ;
#2421 = EDGE_CURVE ( 'NONE', #6907, #545, #427, .T. ) ;
#2422 = DIRECTION ( 'NONE',  ( 0.000000000000000000, -0.000000000000000000, 1.000000000000000000 ) ) ;
#2423 = DIRECTION ( 'NONE',  ( 0.000000000000000000, 0.000000000000000000, 1.000000000000000000 ) ) ;
#2424 = VERTEX_POINT ( 'NONE', #3035 ) ;
#2425 = LINE ( 'NONE', #1016, #7885 ) ;
#2426 = EDGE_CURVE ( 'NONE', #149, #6448, #3337, .T. ) ;
#2427 = CARTESIAN_POINT ( 'NONE',  ( -39.70000000000000995, 0.000000000000000000, 25.99999999999999645 ) ) ;
#2428 = FACE_OUTER_BOUND ( 'NONE', #2728, .T. ) ;
#2429 = AXIS2_PLACEMENT_3D ( 'NONE', #1858, #3810, #8552 ) ;
#2430 = AXIS2_PLACEMENT_3D ( 'NONE', #963, #2239, #3527 ) ;
#2431 = EDGE_CURVE ( 'NONE', #3083, #545, #7132, .T. ) ;
#2432 = ORIENTED_EDGE ( 'NONE', *, *, #4066, .F. ) ;
#2433 = FACE_OUTER_BOUND ( 'NONE', #1240, .T. ) ;
#2434 = EDGE_LOOP ( 'NONE', ( #5518, #6748, #6761, #8184 ) ) ;
#2435 = VERTEX_POINT ( 'NONE', #5103 ) ;
#2436 = CIRCLE ( 'NONE', #3000, 1.000000000000000888 ) ;
#2437 = CARTESIAN_POINT ( 'NONE',  ( 31.30000000000000782, -93.50000000000000000, 47.00000000000000000 ) ) ;
#2438 = ORIENTED_EDGE ( 'NONE', *, *, #7639, .F. ) ;
#2439 = VECTOR ( 'NONE', #5286, 1000.000000000000114 ) ;
#2440 = AXIS2_PLACEMENT_3D ( 'NONE', #8464, #5076, #5731 ) ;
#2441 = AXIS2_PLACEMENT_3D ( 'NONE', #3043, #8416, #4455 ) ;
#2442 = LINE ( 'NONE', #7909, #2722 ) ;
#2443 = VERTEX_POINT ( 'NONE', #5720 ) ;
#2444 = ADVANCED_FACE ( 'NONE', ( #7883, #8452, #6504, #7798, #1836, #471 ), #4400, .T. ) ;
#2445 = LINE ( 'NONE', #1741, #1476 ) ;
#2446 = AXIS2_PLACEMENT_3D ( 'NONE', #2986, #2319, #6376 ) ;
#2447 = EDGE_LOOP ( 'NONE', ( #8386, #485, #2970, #2052 ) ) ;
#2448 = DIRECTION ( 'NONE',  ( -1.000000000000000000, 0.000000000000000000, 0.000000000000000000 ) ) ;
#2449 = FACE_OUTER_BOUND ( 'NONE', #2434, .T. ) ;
#2450 = CARTESIAN_POINT ( 'NONE',  ( 40.00000000000000711, -44.99999999999999289, 50.00000000000000711 ) ) ;
#2451 = DIRECTION ( 'NONE',  ( 0.000000000000000000, 0.000000000000000000, -1.000000000000000000 ) ) ;
#2452 = AXIS2_PLACEMENT_3D ( 'NONE', #6515, #3755, #397 ) ;
#2453 = DIRECTION ( 'NONE',  ( 0.000000000000000000, 1.000000000000000000, 0.000000000000000000 ) ) ;
#2454 = DIRECTION ( 'NONE',  ( 1.000000000000000000, 0.000000000000000000, 0.000000000000000000 ) ) ;
#2455 = CARTESIAN_POINT ( 'NONE',  ( -47.42473922221731186, -90.00000000000001421, 32.00000000000000711 ) ) ;
#2456 = VERTEX_POINT ( 'NONE', #3118 ) ;
#2457 = ORIENTED_EDGE ( 'NONE', *, *, #1572, .F. ) ;
#2458 = AXIS2_PLACEMENT_3D ( 'NONE', #299, #2904, #8275 ) ;
#2459 = CARTESIAN_POINT ( 'NONE',  ( -55.00000000000000711, -90.00000000000001421, 32.00000000000001421 ) ) ;
#2460 = AXIS2_PLACEMENT_3D ( 'NONE', #960, #5716, #2405 ) ;
#2461 = VERTEX_POINT ( 'NONE', #3167 ) ;
#2462 = LINE ( 'NONE', #1189, #7456 ) ;
#2463 = FACE_OUTER_BOUND ( 'NONE', #1022, .T. ) ;
#2464 = ORIENTED_EDGE ( 'NONE', *, *, #4277, .F. ) ;
#2465 = CARTESIAN_POINT ( 'NONE',  ( -59.99999999999997868, 0.000000000000000000, -24.19999999999999929 ) ) ;
#2466 = EDGE_CURVE ( 'NONE', #3192, #2761, #8495, .T. ) ;
#2467 = VECTOR ( 'NONE', #7421, 1000.000000000000000 ) ;
#2468 = FACE_OUTER_BOUND ( 'NONE', #860, .T. ) ;
#2469 = DIRECTION ( 'NONE',  ( 0.000000000000000000, 0.000000000000000000, 1.000000000000000000 ) ) ;
#2470 = ORIENTED_EDGE ( 'NONE', *, *, #3119, .T. ) ;
#2471 = DIRECTION ( 'NONE',  ( 0.000000000000000000, -1.000000000000000000, 0.000000000000000000 ) ) ;
#2472 = EDGE_LOOP ( 'NONE', ( #7526, #5166, #4843, #8244 ) ) ;
#2473 = ADVANCED_FACE ( 'NONE', ( #1046 ), #388, .F. ) ;
#2474 = CARTESIAN_POINT ( 'NONE',  ( -36.99999999999999289, -90.00000000000001421, 32.00000000000001421 ) ) ;
#2475 = EDGE_CURVE ( 'NONE', #3459, #3189, #3827, .T. ) ;
#2476 = ORIENTED_EDGE ( 'NONE', *, *, #6718, .F. ) ;
#2477 = DIRECTION ( 'NONE',  ( 0.7071067811865472397, 0.000000000000000000, 0.7071067811865479058 ) ) ;
#2478 = VERTEX_POINT ( 'NONE', #8410 ) ;
#2479 = ORIENTED_EDGE ( 'NONE', *, *, #5964, .T. ) ;
#2480 = DIRECTION ( 'NONE',  ( 0.000000000000000000, -0.000000000000000000, 1.000000000000000000 ) ) ;
#2481 = ORIENTED_EDGE ( 'NONE', *, *, #5719, .F. ) ;
#2482 = EDGE_CURVE ( 'NONE', #8460, #6935, #8534, .T. ) ;
#2483 = EDGE_CURVE ( 'NONE', #2334, #7006, #1230, .T. ) ;
#2484 = CARTESIAN_POINT ( 'NONE',  ( -58.99999999999994316, -87.28768939877069499, -45.25000000000012790 ) ) ;
#2485 = EDGE_CURVE ( 'NONE', #442, #2520, #3202, .T. ) ;
#2486 = CIRCLE ( 'NONE', #7426, 4.000000000000000000 ) ;
#2487 = ORIENTED_EDGE ( 'NONE', *, *, #4950, .F. ) ;
#2488 = CARTESIAN_POINT ( 'NONE',  ( -57.99999999999997868, -60.00000000000000000, 2.200000000000002398 ) ) ;
#2489 = ORIENTED_EDGE ( 'NONE', *, *, #5329, .F. ) ;
#2490 = CARTESIAN_POINT ( 'NONE',  ( -6.999999999999988454, 6.071532165918793276E-16, 50.00000000000002132 ) ) ;
#2491 = DIRECTION ( 'NONE',  ( -0.000000000000000000, 1.000000000000000000, -0.000000000000000000 ) ) ;
#2492 = PLANE ( 'NONE',  #3791 ) ;
#2493 = CIRCLE ( 'NONE', #7430, 1.750000000000001554 ) ;
#2494 = EDGE_CURVE ( 'NONE', #2443, #6428, #2486, .T. ) ;
#2495 = ADVANCED_FACE ( 'NONE', ( #4363 ), #7046, .F. ) ;
#2496 = CARTESIAN_POINT ( 'NONE',  ( -39.99999999999999289, -45.00000000000000000, 46.99999999999999289 ) ) ;
#2497 = CARTESIAN_POINT ( 'NONE',  ( -61.99999999999997158, -100.0000000000000000, 34.99999999999999289 ) ) ;
#2498 = PLANE ( 'NONE',  #8691 ) ;
#2499 = VERTEX_POINT ( 'NONE', #3915 ) ;
#2500 = EDGE_LOOP ( 'NONE', ( #5046, #2612, #3653, #7231 ) ) ;
#2501 = LINE ( 'NONE', #2459, #6245 ) ;
#2502 = EDGE_LOOP ( 'NONE', ( #8644, #2874, #8207, #3371 ) ) ;
#2503 = PLANE ( 'NONE',  #6480 ) ;
#2504 = FACE_OUTER_BOUND ( 'NONE', #284, .T. ) ;
#2505 = ORIENTED_EDGE ( 'NONE', *, *, #4974, .F. ) ;
#2506 = LINE ( 'NONE', #4412, #613 ) ;
#2507 = DIRECTION ( 'NONE',  ( -0.000000000000000000, 1.000000000000000000, -0.000000000000000000 ) ) ;
#2508 = EDGE_LOOP ( 'NONE', ( #2973, #8124, #1424, #6844 ) ) ;
#2509 = VECTOR ( 'NONE', #3206, 1000.000000000000000 ) ;
#2510 = DIRECTION ( 'NONE',  ( -0.000000000000000000, 1.000000000000000000, -0.000000000000000000 ) ) ;
#2511 = ORIENTED_EDGE ( 'NONE', *, *, #3223, .T. ) ;
#2512 = AXIS2_PLACEMENT_3D ( 'NONE', #3449, #6131, #2782 ) ;
#2513 = CARTESIAN_POINT ( 'NONE',  ( -8.122777644359711832E-15, -83.50000000000000000, 46.99999999999999289 ) ) ;
#2514 = CYLINDRICAL_SURFACE ( 'NONE', #2429, 1.250000000000001110 ) ;
#2515 = CARTESIAN_POINT ( 'NONE',  ( -39.99999999999997868, -97.00000000000001421, 50.00000000000001421 ) ) ;
#2516 = VECTOR ( 'NONE', #5904, 1000.000000000000000 ) ;
#2517 = ORIENTED_EDGE ( 'NONE', *, *, #88, .F. ) ;
#2518 = DIRECTION ( 'NONE',  ( 0.000000000000000000, 0.000000000000000000, -1.000000000000000000 ) ) ;
#2519 = ORIENTED_EDGE ( 'NONE', *, *, #5937, .T. ) ;
#2520 = VERTEX_POINT ( 'NONE', #8699 ) ;
#2521 = CARTESIAN_POINT ( 'NONE',  ( -61.99999999999997158, -100.0000000000000000, 47.00000000000000711 ) ) ;
#2522 = VECTOR ( 'NONE', #3146, 1000.000000000000000 ) ;
#2523 = VERTEX_POINT ( 'NONE', #7919 ) ;
#2524 = AXIS2_PLACEMENT_3D ( 'NONE', #837, #2859, #1583 ) ;
#2525 = EDGE_CURVE ( 'NONE', #5371, #3271, #4461, .T. ) ;
#2526 = DIRECTION ( 'NONE',  ( 2.851600234482422925E-16, 0.000000000000000000, -1.000000000000000000 ) ) ;
#2527 = ORIENTED_EDGE ( 'NONE', *, *, #5969, .T. ) ;
#2528 = ADVANCED_FACE ( 'NONE', ( #8091 ), #5894, .F. ) ;
#2529 = CARTESIAN_POINT ( 'NONE',  ( 59.00000000000002132, -84.99999999999998579, 44.00000000000000711 ) ) ;
#2530 = ORIENTED_EDGE ( 'NONE', *, *, #1854, .T. ) ;
#2531 = DIRECTION ( 'NONE',  ( 0.000000000000000000, 0.000000000000000000, -1.000000000000000000 ) ) ;
#2532 = LINE ( 'NONE', #5929, #2040 ) ;
#2533 = CARTESIAN_POINT ( 'NONE',  ( 43.29999999999999005, 5.000000000000000000, -43.00000000000000711 ) ) ;
#2534 = FACE_OUTER_BOUND ( 'NONE', #7827, .T. ) ;
#2535 = EDGE_LOOP ( 'NONE', ( #8102, #3639 ) ) ;
#2536 = FACE_OUTER_BOUND ( 'NONE', #1344, .T. ) ;
#2537 = VERTEX_POINT ( 'NONE', #7965 ) ;
#2538 = AXIS2_PLACEMENT_3D ( 'NONE', #2058, #7409, #7447 ) ;
#2539 = EDGE_CURVE ( 'NONE', #8675, #4281, #4038, .T. ) ;
#2540 = CYLINDRICAL_SURFACE ( 'NONE', #2033, 1.750000000000001554 ) ;
#2541 = ORIENTED_EDGE ( 'NONE', *, *, #5912, .T. ) ;
#2542 = CARTESIAN_POINT ( 'NONE',  ( 61.50000000000004974, -87.28768939877070920, -42.74999999999999289 ) ) ;
#2543 = LINE ( 'NONE', #4625, #2601 ) ;
#2544 = VERTEX_POINT ( 'NONE', #7437 ) ;
#2545 = CARTESIAN_POINT ( 'NONE',  ( 41.75000000000000711, -44.99999999999999289, -50.00099999999999767 ) ) ;
#2546 = CARTESIAN_POINT ( 'NONE',  ( 27.49999999999999645, 7.000000000000000000, 35.00000000000000711 ) ) ;
#2547 = ORIENTED_EDGE ( 'NONE', *, *, #5235, .F. ) ;
#2548 = DIRECTION ( 'NONE',  ( 0.000000000000000000, 1.000000000000000000, 0.000000000000000000 ) ) ;
#2549 = VERTEX_POINT ( 'NONE', #1222 ) ;
#2550 = VECTOR ( 'NONE', #8199, 1000.000000000000114 ) ;
#2551 = EDGE_CURVE ( 'NONE', #7791, #3219, #2705, .T. ) ;
#2552 = CARTESIAN_POINT ( 'NONE',  ( -35.69999999999999574, 0.000000000000000000, -43.00000000000000711 ) ) ;
#2553 = CARTESIAN_POINT ( 'NONE',  ( 0.000000000000000000, 6.000000000000000000, -39.00000000000000711 ) ) ;
#2554 = VERTEX_POINT ( 'NONE', #5271 ) ;
#2555 = DIRECTION ( 'NONE',  ( 0.000000000000000000, 1.000000000000000000, 0.000000000000000000 ) ) ;
#2556 = ORIENTED_EDGE ( 'NONE', *, *, #5668, .T. ) ;
#2557 = ORIENTED_EDGE ( 'NONE', *, *, #8555, .T. ) ;
#2558 = DIRECTION ( 'NONE',  ( -0.000000000000000000, -1.000000000000000000, -0.000000000000000000 ) ) ;
#2559 = CIRCLE ( 'NONE', #7649, 1.750000000000001554 ) ;
#2560 = AXIS2_PLACEMENT_3D ( 'NONE', #2965, #4158, #8252 ) ;
#2561 = EDGE_CURVE ( 'NONE', #5536, #5994, #3285, .T. ) ;
#2562 = FACE_OUTER_BOUND ( 'NONE', #6279, .T. ) ;
#2563 = AXIS2_PLACEMENT_3D ( 'NONE', #2762, #4227, #4969 ) ;
#2564 = ORIENTED_EDGE ( 'NONE', *, *, #2143, .F. ) ;
#2565 = CIRCLE ( 'NONE', #3005, 3.500000000000003109 ) ;
#2566 = EDGE_CURVE ( 'NONE', #7006, #2334, #1645, .T. ) ;
#2567 = DIRECTION ( 'NONE',  ( -1.000000000000000000, 0.000000000000000000, 0.000000000000000000 ) ) ;
#2568 = ORIENTED_EDGE ( 'NONE', *, *, #449, .T. ) ;
#2569 = PLANE ( 'NONE',  #4438 ) ;
#2570 = AXIS2_PLACEMENT_3D ( 'NONE', #1401, #1234, #3925 ) ;
#2571 = EDGE_CURVE ( 'NONE', #7960, #7423, #7348, .T. ) ;
#2572 = FACE_OUTER_BOUND ( 'NONE', #1672, .T. ) ;
#2573 = VECTOR ( 'NONE', #305, 1000.000000000000000 ) ;
#2574 = CYLINDRICAL_SURFACE ( 'NONE', #235, 1.250000000000001110 ) ;
#2575 = DIRECTION ( 'NONE',  ( -0.7071067811865462405, 0.000000000000000000, 0.7071067811865489050 ) ) ;
#2576 = ORIENTED_EDGE ( 'NONE', *, *, #631, .F. ) ;
#2577 = CIRCLE ( 'NONE', #4563, 4.000000000000003553 ) ;
#2578 = CYLINDRICAL_SURFACE ( 'NONE', #6312, 1.000000000000000888 ) ;
#2579 = CIRCLE ( 'NONE', #1462, 1.250000000000001110 ) ;
#2580 = VERTEX_POINT ( 'NONE', #2000 ) ;
#2581 = DIRECTION ( 'NONE',  ( 1.000000000000000000, 0.000000000000000000, 0.000000000000000000 ) ) ;
#2582 = EDGE_CURVE ( 'NONE', #3556, #3662, #1305, .T. ) ;
#2583 = ORIENTED_EDGE ( 'NONE', *, *, #2022, .T. ) ;
#2584 = CARTESIAN_POINT ( 'NONE',  ( 21.24999999999999645, 0.000000000000000000, 41.25000000000000711 ) ) ;
#2585 = CARTESIAN_POINT ( 'NONE',  ( -6.999999999999992006, -77.50000000000004263, 12.49999999999991829 ) ) ;
#2586 = VERTEX_POINT ( 'NONE', #6014 ) ;
#2587 = DIRECTION ( 'NONE',  ( -0.000000000000000000, -1.000000000000000000, -0.000000000000000000 ) ) ;
#2588 = EDGE_CURVE ( 'NONE', #4156, #4956, #5356, .T. ) ;
#2589 = ADVANCED_FACE ( 'NONE', ( #684 ), #2574, .F. ) ;
#2590 = DIRECTION ( 'NONE',  ( -0.000000000000000000, -1.000000000000000000, -0.000000000000000000 ) ) ;
#2591 = DIRECTION ( 'NONE',  ( 0.7660444431189800119, 0.000000000000000000, -0.6427876096865370315 ) ) ;
#2592 = VECTOR ( 'NONE', #7708, 1000.000000000000000 ) ;
#2593 = ORIENTED_EDGE ( 'NONE', *, *, #4902, .F. ) ;
#2594 = DIRECTION ( 'NONE',  ( 1.000000000000000000, -0.000000000000000000, 0.000000000000000000 ) ) ;
#2595 = AXIS2_PLACEMENT_3D ( 'NONE', #2375, #8462, #5859 ) ;
#2596 = ORIENTED_EDGE ( 'NONE', *, *, #2706, .T. ) ;
#2597 = DIRECTION ( 'NONE',  ( -0.000000000000000000, -1.000000000000000000, -0.000000000000000000 ) ) ;
#2598 = DIRECTION ( 'NONE',  ( 0.000000000000000000, 0.000000000000000000, 1.000000000000000000 ) ) ;
#2600 = AXIS2_PLACEMENT_3D ( 'NONE', #4478, #1830, #511 ) ;
#2599 = DIRECTION ( 'NONE',  ( 0.000000000000000000, 0.000000000000000000, -1.000000000000000000 ) ) ;
#2601 = VECTOR ( 'NONE', #7893, 1000.000000000000000 ) ;
#2602 = EDGE_CURVE ( 'NONE', #1919, #1907, #1917, .T. ) ;
#2603 = CARTESIAN_POINT ( 'NONE',  ( 52.00000000000004263, -98.00000000000000000, -42.75735931288070191 ) ) ;
#2604 = ORIENTED_EDGE ( 'NONE', *, *, #5480, .F. ) ;
#2605 = EDGE_CURVE ( 'NONE', #2169, #7748, #7714, .T. ) ;
#2606 = PLANE ( 'NONE',  #8043 ) ;
#2607 = VERTEX_POINT ( 'NONE', #1263 ) ;
#2608 = VECTOR ( 'NONE', #496, 1000.000000000000000 ) ;
#2609 = DIRECTION ( 'NONE',  ( -0.000000000000000000, 1.000000000000000000, -0.000000000000000000 ) ) ;
#2610 = DIRECTION ( 'NONE',  ( 0.000000000000000000, 0.000000000000000000, 1.000000000000000000 ) ) ;
#2611 = EDGE_LOOP ( 'NONE', ( #1126, #6792, #4408, #4808 ) ) ;
#2612 = ORIENTED_EDGE ( 'NONE', *, *, #2049, .T. ) ;
#2613 = EDGE_CURVE ( 'NONE', #7353, #3751, #4081, .T. ) ;
#2614 = DIRECTION ( 'NONE',  ( 0.000000000000000000, 1.000000000000000000, -0.000000000000000000 ) ) ;
#2615 = ORIENTED_EDGE ( 'NONE', *, *, #5346, .F. ) ;
#2616 = DIRECTION ( 'NONE',  ( 0.000000000000000000, 0.000000000000000000, -1.000000000000000000 ) ) ;
#2617 = CARTESIAN_POINT ( 'NONE',  ( -10.30741759643275834, -100.0000000000000000, 38.00000000000000711 ) ) ;
#2618 = DIRECTION ( 'NONE',  ( -0.000000000000000000, -1.000000000000000000, -0.000000000000000000 ) ) ;
#2619 = DIRECTION ( 'NONE',  ( 0.000000000000000000, 0.000000000000000000, -1.000000000000000000 ) ) ;
#2620 = DIRECTION ( 'NONE',  ( 0.000000000000000000, 0.000000000000000000, -1.000000000000000000 ) ) ;
#2621 = ORIENTED_EDGE ( 'NONE', *, *, #4985, .F. ) ;
#2622 = DIRECTION ( 'NONE',  ( 0.000000000000000000, 0.000000000000000000, -1.000000000000000000 ) ) ;
#2623 = ORIENTED_EDGE ( 'NONE', *, *, #3409, .T. ) ;
#2624 = CARTESIAN_POINT ( 'NONE',  ( 49.00000000000000000, -83.50000000000000000, -25.99999999999998224 ) ) ;
#2625 = ORIENTED_EDGE ( 'NONE', *, *, #341, .T. ) ;
#2626 = CIRCLE ( 'NONE', #524, 1.750000000000001554 ) ;
#2627 = FACE_OUTER_BOUND ( 'NONE', #5135, .T. ) ;
#2628 = DIRECTION ( 'NONE',  ( 0.000000000000000000, 0.000000000000000000, -1.000000000000000000 ) ) ;
#2629 = CARTESIAN_POINT ( 'NONE',  ( -61.99999999999997158, -105.0000000000000142, -46.99999999999999289 ) ) ;
#2630 = FACE_OUTER_BOUND ( 'NONE', #7607, .T. ) ;
#2631 = LINE ( 'NONE', #6118, #1176 ) ;
#2632 = EDGE_CURVE ( 'NONE', #7907, #270, #8660, .T. ) ;
#2633 = FACE_OUTER_BOUND ( 'NONE', #8227, .T. ) ;
#2634 = VERTEX_POINT ( 'NONE', #5312 ) ;
#2635 = CARTESIAN_POINT ( 'NONE',  ( -61.99999999999996447, 0.000000000000000000, 0.2000000000000057288 ) ) ;
#2636 = ORIENTED_EDGE ( 'NONE', *, *, #1771, .F. ) ;
#2637 = ADVANCED_FACE ( 'NONE', ( #6678 ), #724, .F. ) ;
#2638 = DIRECTION ( 'NONE',  ( -0.000000000000000000, 1.000000000000000000, -0.000000000000000000 ) ) ;
#2639 = CYLINDRICAL_SURFACE ( 'NONE', #6116, 3.500000000000003109 ) ;
#2640 = LINE ( 'NONE', #3400, #8247 ) ;
#2641 = VECTOR ( 'NONE', #6338, 1000.000000000000000 ) ;
#2642 = CARTESIAN_POINT ( 'NONE',  ( 62.00000000000002842, -100.0000000000000000, 50.00000000000000711 ) ) ;
#2643 = EDGE_CURVE ( 'NONE', #5198, #216, #2089, .T. ) ;
#2644 = ORIENTED_EDGE ( 'NONE', *, *, #5158, .F. ) ;
#2645 = FACE_BOUND ( 'NONE', #3505, .T. ) ;
#2646 = VECTOR ( 'NONE', #5050, 1000.000000000000000 ) ;
#2647 = VECTOR ( 'NONE', #7130, 1000.000000000000000 ) ;
#2648 = EDGE_CURVE ( 'NONE', #3876, #670, #6283, .T. ) ;
#2649 = CYLINDRICAL_SURFACE ( 'NONE', #4271, 5.999999999999998224 ) ;
#2650 = EDGE_CURVE ( 'NONE', #2788, #2846, #241, .T. ) ;
#2651 = VECTOR ( 'NONE', #3264, 1000.000000000000000 ) ;
#2652 = VECTOR ( 'NONE', #1236, 1000.000000000000000 ) ;
#2653 = CARTESIAN_POINT ( 'NONE',  ( -61.99999999999997158, -100.0000000000000000, 47.00000000000000711 ) ) ;
#2654 = AXIS2_PLACEMENT_3D ( 'NONE', #2208, #4997, #4900 ) ;
#2655 = VERTEX_POINT ( 'NONE', #6145 ) ;
#2656 = ORIENTED_EDGE ( 'NONE', *, *, #4030, .F. ) ;
#2657 = CIRCLE ( 'NONE', #2800, 1.750000000000001554 ) ;
#2658 = CARTESIAN_POINT ( 'NONE',  ( -38.50000000000000711, 5.000000000000000000, 35.00000000000002132 ) ) ;
#2659 = ORIENTED_EDGE ( 'NONE', *, *, #237, .F. ) ;
#2660 = FACE_OUTER_BOUND ( 'NONE', #8440, .T. ) ;
#2661 = FACE_BOUND ( 'NONE', #5821, .T. ) ;
#2662 = DIRECTION ( 'NONE',  ( -1.000000000000000000, 0.000000000000000000, 0.000000000000000000 ) ) ;
#2663 = EDGE_CURVE ( 'NONE', #5414, #3832, #4340, .T. ) ;
#2664 = CARTESIAN_POINT ( 'NONE',  ( 57.75735931288073743, -98.00000000000000000, -36.99999999999999289 ) ) ;
#2665 = CARTESIAN_POINT ( 'NONE',  ( -62.99999999999995737, -105.0000000000000142, -46.99999999999999289 ) ) ;
#2666 = VERTEX_POINT ( 'NONE', #4172 ) ;
#2667 = CARTESIAN_POINT ( 'NONE',  ( -16.50000000000001421, -8.000000000000000000, 36.75000000000003553 ) ) ;
#2668 = ORIENTED_EDGE ( 'NONE', *, *, #2085, .T. ) ;
#2669 = MECHANICAL_DESIGN_GEOMETRIC_PRESENTATION_REPRESENTATION (  '', ( #4911 ), #2943 ) ;
#2670 = FACE_OUTER_BOUND ( 'NONE', #6596, .T. ) ;
#2671 = EDGE_LOOP ( 'NONE', ( #4055, #3174, #5230, #5335 ) ) ;
#2672 = DIRECTION ( 'NONE',  ( -1.000000000000000000, 0.000000000000000000, 0.000000000000000000 ) ) ;
#2673 = DIRECTION ( 'NONE',  ( 0.000000000000000000, 0.000000000000000000, -1.000000000000000000 ) ) ;
#2674 = ORIENTED_EDGE ( 'NONE', *, *, #3848, .F. ) ;
#2675 = CARTESIAN_POINT ( 'NONE',  ( 39.29999999999998295, -4.000000000000000000, 25.99999999999999645 ) ) ;
#2676 = VECTOR ( 'NONE', #5526, 1000.000000000000000 ) ;
#2677 = CARTESIAN_POINT ( 'NONE',  ( 43.29999999999997584, 11.94974746830584600, 22.99999999999999645 ) ) ;
#2678 = EDGE_CURVE ( 'NONE', #464, #2580, #93, .T. ) ;
#2679 = LINE ( 'NONE', #8106, #1536 ) ;
#2680 = CONICAL_SURFACE ( 'NONE', #7199, 0.9999999999999870104, 0.5235987755983070313 ) ;
#2681 = ORIENTED_EDGE ( 'NONE', *, *, #5078, .T. ) ;
#2682 = FACE_OUTER_BOUND ( 'NONE', #6560, .T. ) ;
#2683 = EDGE_LOOP ( 'NONE', ( #8437, #5300 ) ) ;
#2684 = EDGE_CURVE ( 'NONE', #6559, #2104, #7007, .T. ) ;
#2685 = FACE_OUTER_BOUND ( 'NONE', #3815, .T. ) ;
#2686 = DIRECTION ( 'NONE',  ( -0.000000000000000000, -1.000000000000000000, -0.000000000000000000 ) ) ;
#2687 = ADVANCED_FACE ( 'NONE', ( #6987 ), #6233, .F. ) ;
#2688 = EDGE_LOOP ( 'NONE', ( #2383, #245, #6510, #8267 ) ) ;
#2689 = DIRECTION ( 'NONE',  ( -0.000000000000000000, 0.000000000000000000, 1.000000000000000000 ) ) ;
#2690 = EDGE_CURVE ( 'NONE', #4906, #8279, #2264, .T. ) ;
#2691 = EDGE_CURVE ( 'NONE', #8702, #2062, #5574, .T. ) ;
#2692 = CARTESIAN_POINT ( 'NONE',  ( 21.24999999999999645, 4.000000000000000000, 28.75000000000000355 ) ) ;
#2693 = ORIENTED_EDGE ( 'NONE', *, *, #932, .F. ) ;
#2694 = DIRECTION ( 'NONE',  ( -0.000000000000000000, -1.000000000000000000, -0.000000000000000000 ) ) ;
#2695 = CARTESIAN_POINT ( 'NONE',  ( -61.99999999999997158, 0.000000000000000000, 43.99999999999998579 ) ) ;
#2696 = EDGE_CURVE ( 'NONE', #2634, #2145, #5178, .T. ) ;
#2697 = ADVANCED_FACE ( 'NONE', ( #8129 ), #6856, .T. ) ;
#2698 = FACE_OUTER_BOUND ( 'NONE', #5232, .T. ) ;
#2699 = VERTEX_POINT ( 'NONE', #5438 ) ;
#2700 = ORIENTED_EDGE ( 'NONE', *, *, #5441, .T. ) ;
#2701 = ORIENTED_EDGE ( 'NONE', *, *, #6534, .F. ) ;
#2702 = SURFACE_STYLE_FILL_AREA ( #2888 ) ;
#2703 = DIRECTION ( 'NONE',  ( -0.000000000000000000, -1.000000000000000000, -0.000000000000000000 ) ) ;
#2704 = CIRCLE ( 'NONE', #5661, 1.750000000000005107 ) ;
#2705 = LINE ( 'NONE', #3327, #5592 ) ;
#2706 = EDGE_CURVE ( 'NONE', #821, #603, #8168, .T. ) ;
#2707 = CARTESIAN_POINT ( 'NONE',  ( -55.99999999999996447, -60.00000000000000000, -31.19999999999999574 ) ) ;
#2708 = CARTESIAN_POINT ( 'NONE',  ( 62.00000000000002842, 3.535898384862256716, -49.99999999999999289 ) ) ;
#2709 = CIRCLE ( 'NONE', #6089, 1.750000000000001554 ) ;
#2710 = ORIENTED_EDGE ( 'NONE', *, *, #2421, .F. ) ;
#2711 = FACE_OUTER_BOUND ( 'NONE', #2160, .T. ) ;
#2712 = ORIENTED_EDGE ( 'NONE', *, *, #3203, .F. ) ;
#2713 = DIRECTION ( 'NONE',  ( -0.7071067811865464625, 0.000000000000000000, 0.7071067811865486830 ) ) ;
#2714 = VECTOR ( 'NONE', #872, 1000.000000000000000 ) ;
#2715 = ORIENTED_EDGE ( 'NONE', *, *, #4101, .T. ) ;
#2716 = CARTESIAN_POINT ( 'NONE',  ( 19.00000000000000000, -83.50000000000000000, -20.74999999999997513 ) ) ;
#2717 = CARTESIAN_POINT ( 'NONE',  ( -62.99999999999995737, -105.0000000000000142, 47.00000000000000711 ) ) ;
#2718 = DIRECTION ( 'NONE',  ( -0.5773502691896266192, -0.5773502691896240657, -0.5773502691896266192 ) ) ;
#2719 = VECTOR ( 'NONE', #5392, 1000.000000000000000 ) ;
#2720 = DIRECTION ( 'NONE',  ( -0.000000000000000000, 1.000000000000000000, -0.000000000000000000 ) ) ;
#2721 = AXIS2_PLACEMENT_3D ( 'NONE', #7570, #7614, #1480 ) ;
#2722 = VECTOR ( 'NONE', #5791, 1000.000000000000000 ) ;
#2723 = DIRECTION ( 'NONE',  ( 0.000000000000000000, 0.000000000000000000, -1.000000000000000000 ) ) ;
#2724 = CIRCLE ( 'NONE', #6813, 3.000000000000002665 ) ;
#2725 = CYLINDRICAL_SURFACE ( 'NONE', #3364, 3.000000000000002665 ) ;
#2726 = ORIENTED_EDGE ( 'NONE', *, *, #7072, .T. ) ;
#2727 = DIRECTION ( 'NONE',  ( 0.000000000000000000, 0.000000000000000000, 1.000000000000000000 ) ) ;
#2728 = EDGE_LOOP ( 'NONE', ( #7619, #6386, #2791, #8591, #4205, #2457, #3680, #1161, #5515, #8362, #8308, #4256, #4662, #3750, #5119, #4909 ) ) ;
#2729 = ORIENTED_EDGE ( 'NONE', *, *, #3324, .T. ) ;
#2730 = CARTESIAN_POINT ( 'NONE',  ( 44.30000000000000426, -95.50000000000000000, 50.00000000000000711 ) ) ;
#2731 = LINE ( 'NONE', #8722, #3024 ) ;
#2732 = ADVANCED_FACE ( 'NONE', ( #1429 ), #2128, .F. ) ;
#2733 = ORIENTED_EDGE ( 'NONE', *, *, #7976, .T. ) ;
#2734 = SURFACE_STYLE_FILL_AREA ( #37 ) ;
#2735 = VECTOR ( 'NONE', #4287, 1000.000000000000000 ) ;
#2736 = DIRECTION ( 'NONE',  ( -1.000000000000000000, 0.000000000000000000, 0.000000000000000000 ) ) ;
#2737 = ORIENTED_EDGE ( 'NONE', *, *, #4295, .T. ) ;
#2738 = CARTESIAN_POINT ( 'NONE',  ( -42.99999999999998579, -106.0000000000000142, 41.00000000000002132 ) ) ;
#2739 = ADVANCED_FACE ( 'NONE', ( #816 ), #6190, .T. ) ;
#2740 = EDGE_CURVE ( 'NONE', #6129, #5144, #4216, .T. ) ;
#2741 = VECTOR ( 'NONE', #7574, 1000.000000000000000 ) ;
#2742 = LINE ( 'NONE', #1949, #3706 ) ;
#2743 = AXIS2_PLACEMENT_3D ( 'NONE', #5798, #5631, #8490 ) ;
#2744 = DIRECTION ( 'NONE',  ( 0.000000000000000000, -1.000000000000000000, 0.000000000000000000 ) ) ;
#2745 = AXIS2_PLACEMENT_3D ( 'NONE', #7392, #3200, #8574 ) ;
#2746 = ORIENTED_EDGE ( 'NONE', *, *, #5015, .F. ) ;
#2747 = EDGE_LOOP ( 'NONE', ( #1288, #7482, #2861, #5361 ) ) ;
#2748 = EDGE_CURVE ( 'NONE', #5678, #2586, #5447, .T. ) ;
#2749 = ORIENTED_EDGE ( 'NONE', *, *, #5213, .F. ) ;
#2750 = EDGE_CURVE ( 'NONE', #7897, #5663, #6945, .T. ) ;
#2751 = DIRECTION ( 'NONE',  ( -0.000000000000000000, -0.000000000000000000, 1.000000000000000000 ) ) ;
#2752 = LINE ( 'NONE', #7962, #7660 ) ;
#2753 = EDGE_CURVE ( 'NONE', #7824, #5107, #7122, .T. ) ;
#2754 = DIRECTION ( 'NONE',  ( 0.000000000000000000, 0.000000000000000000, 1.000000000000000000 ) ) ;
#2755 = DIRECTION ( 'NONE',  ( 5.337610695313253357E-16, 0.000000000000000000, -1.000000000000000000 ) ) ;
#2756 = LINE ( 'NONE', #2665, #1320 ) ;
#2757 = ORIENTED_EDGE ( 'NONE', *, *, #1253, .F. ) ;
#2758 = FILL_AREA_STYLE ('',( #3424 ) ) ;
#2759 = ORIENTED_EDGE ( 'NONE', *, *, #5596, .T. ) ;
#2760 = DIRECTION ( 'NONE',  ( -0.000000000000000000, -0.7071067811865459074, 0.7071067811865491270 ) ) ;
#2761 = VERTEX_POINT ( 'NONE', #1650 ) ;
#2762 = CARTESIAN_POINT ( 'NONE',  ( 0.000000000000000000, 6.000000000000000000, 0.000000000000000000 ) ) ;
#2763 = DIRECTION ( 'NONE',  ( 0.000000000000000000, 0.000000000000000000, 1.000000000000000000 ) ) ;
#2764 = EDGE_CURVE ( 'NONE', #670, #8266, #2781, .T. ) ;
#2765 = EDGE_CURVE ( 'NONE', #8506, #3108, #5750, .T. ) ;
#2766 = ORIENTED_EDGE ( 'NONE', *, *, #5990, .T. ) ;
#2767 = EDGE_CURVE ( 'NONE', #3068, #1412, #5955, .T. ) ;
#2768 = CARTESIAN_POINT ( 'NONE',  ( -61.99999999999997158, 3.535898384862257160, -49.99999999999999289 ) ) ;
#2769 = DIRECTION ( 'NONE',  ( 1.000000000000000000, 0.000000000000000000, 0.000000000000000000 ) ) ;
#2770 = CARTESIAN_POINT ( 'NONE',  ( -35.70000000000000995, 11.94974746830584600, 21.24999999999999289 ) ) ;
#2771 = ORIENTED_EDGE ( 'NONE', *, *, #820, .T. ) ;
#2772 = PLANE ( 'NONE',  #7586 ) ;
#2773 = EDGE_LOOP ( 'NONE', ( #5142, #2701, #7815, #7104 ) ) ;
#2774 = ORIENTED_EDGE ( 'NONE', *, *, #5317, .F. ) ;
#2775 = VECTOR ( 'NONE', #14, 1000.000000000000000 ) ;
#2776 = DIRECTION ( 'NONE',  ( 0.000000000000000000, -1.000000000000000000, 0.000000000000000000 ) ) ;
#2777 = CYLINDRICAL_SURFACE ( 'NONE', #7611, 1.750000000000001554 ) ;
#2778 = DIRECTION ( 'NONE',  ( -0.000000000000000000, -1.000000000000000000, -0.000000000000000000 ) ) ;
#2779 = ORIENTED_EDGE ( 'NONE', *, *, #488, .T. ) ;
#2780 = CYLINDRICAL_SURFACE ( 'NONE', #3311, 1.250000000000001110 ) ;
#2781 = CIRCLE ( 'NONE', #6864, 1.750000000000005107 ) ;
#2782 = DIRECTION ( 'NONE',  ( 1.000000000000000000, 0.000000000000000000, 0.000000000000000000 ) ) ;
#2783 = ADVANCED_FACE ( 'NONE', ( #1942 ), #8641, .F. ) ;
#2784 = ORIENTED_EDGE ( 'NONE', *, *, #3756, .F. ) ;
#2785 = CARTESIAN_POINT ( 'NONE',  ( -61.99999999999995737, -84.80761184457502111, -45.75735931288070191 ) ) ;
#2786 = CARTESIAN_POINT ( 'NONE',  ( 19.00000000000000000, -90.50000000000001421, -21.99999999999997868 ) ) ;
#2787 = AXIS2_PLACEMENT_3D ( 'NONE', #1719, #6610, #7936 ) ;
#2788 = VERTEX_POINT ( 'NONE', #3066 ) ;
#2789 = DIRECTION ( 'NONE',  ( 0.000000000000000000, 1.000000000000000000, -0.000000000000000000 ) ) ;
#2790 = ORIENTED_EDGE ( 'NONE', *, *, #4902, .T. ) ;
#2791 = ORIENTED_EDGE ( 'NONE', *, *, #3808, .T. ) ;
#2792 = ORIENTED_EDGE ( 'NONE', *, *, #2386, .T. ) ;
#2793 = AXIS2_PLACEMENT_3D ( 'NONE', #1360, #1323, #5331 ) ;
#2794 = CARTESIAN_POINT ( 'NONE',  ( -27.50000000000000355, 4.000000000000000000, 35.00000000000001421 ) ) ;
#2795 = EDGE_CURVE ( 'NONE', #7910, #2301, #1372, .T. ) ;
#2796 = DIRECTION ( 'NONE',  ( 1.000000000000000000, 0.000000000000000000, 0.000000000000000000 ) ) ;
#2797 = VECTOR ( 'NONE', #6442, 1000.000000000000000 ) ;
#2798 = VECTOR ( 'NONE', #8130, 1000.000000000000000 ) ;
#2799 = CARTESIAN_POINT ( 'NONE',  ( 49.00000000000000000, -100.0000000000000000, -21.99999999999997868 ) ) ;
#2800 = AXIS2_PLACEMENT_3D ( 'NONE', #1727, #7202, #1070 ) ;
#2801 = CARTESIAN_POINT ( 'NONE',  ( 62.00000000000002842, -100.0000000000000000, -46.99999999999999289 ) ) ;
#2802 = EDGE_CURVE ( 'NONE', #1924, #8008, #2493, .T. ) ;
#2803 = PLANE ( 'NONE',  #7085 ) ;
#2804 = VERTEX_POINT ( 'NONE', #7785 ) ;
#2805 = VERTEX_POINT ( 'NONE', #953 ) ;
#2806 = CARTESIAN_POINT ( 'NONE',  ( -6.999999999999994671, -105.0000000000000142, 38.00000000000000711 ) ) ;
#2807 = ORIENTED_EDGE ( 'NONE', *, *, #4307, .F. ) ;
#2808 = DIRECTION ( 'NONE',  ( -0.5000000000000015543, 0.8660254037844377084, 0.000000000000000000 ) ) ;
#2809 = DIRECTION ( 'NONE',  ( -0.8660254037844345998, -0.5000000000000071054, 0.000000000000000000 ) ) ;
#2810 = CARTESIAN_POINT ( 'NONE',  ( 59.00000000000002132, -86.05025253169428368, -46.99999999999999289 ) ) ;
#2811 = DIRECTION ( 'NONE',  ( -0.000000000000000000, -1.000000000000000000, -0.000000000000000000 ) ) ;
#2812 = DIRECTION ( 'NONE',  ( 1.000000000000000000, 0.000000000000000000, -5.337610695313253357E-16 ) ) ;
#2813 = AXIS2_PLACEMENT_3D ( 'NONE', #662, #5412, #4755 ) ;
#2814 = LINE ( 'NONE', #2991, #7368 ) ;
#2815 = ORIENTED_EDGE ( 'NONE', *, *, #8725, .F. ) ;
#2816 = DIRECTION ( 'NONE',  ( -0.000000000000000000, 1.000000000000000000, -0.000000000000000000 ) ) ;
#2817 = EDGE_CURVE ( 'NONE', #6568, #7907, #286, .T. ) ;
#2818 = ORIENTED_EDGE ( 'NONE', *, *, #7735, .T. ) ;
#2819 = EDGE_LOOP ( 'NONE', ( #5884, #6964, #5768, #1103 ) ) ;
#2820 = DIRECTION ( 'NONE',  ( -0.000000000000000000, -1.000000000000000000, -0.000000000000000000 ) ) ;
#2821 = DIRECTION ( 'NONE',  ( -0.000000000000000000, -1.000000000000000000, -0.000000000000000000 ) ) ;
#2822 = CARTESIAN_POINT ( 'NONE',  ( -61.99999999999996447, -84.80761184457509216, 45.75735931288069480 ) ) ;
#2823 = ORIENTED_EDGE ( 'NONE', *, *, #6220, .F. ) ;
#2824 = LINE ( 'NONE', #4197, #6951 ) ;
#2825 = DIRECTION ( 'NONE',  ( -1.000000000000000000, 0.000000000000000000, -0.000000000000000000 ) ) ;
#2826 = ORIENTED_EDGE ( 'NONE', *, *, #4982, .F. ) ;
#2827 = CARTESIAN_POINT ( 'NONE',  ( 52.00000000000002132, -100.0000000000000000, 47.00000000000000000 ) ) ;
#2828 = ADVANCED_FACE ( 'NONE', ( #1737 ), #4351, .T. ) ;
#2829 = PRESENTATION_STYLE_ASSIGNMENT (( #133 ) ) ;
#2830 = CARTESIAN_POINT ( 'NONE',  ( 33.75000000000000000, 0.000000000000000000, 28.75000000000000355 ) ) ;
#2831 = ORIENTED_EDGE ( 'NONE', *, *, #2678, .T. ) ;
#2832 = DIRECTION ( 'NONE',  ( 0.000000000000000000, 0.000000000000000000, -1.000000000000000000 ) ) ;
#2833 = ORIENTED_EDGE ( 'NONE', *, *, #1421, .T. ) ;
#2834 = ORIENTED_EDGE ( 'NONE', *, *, #6071, .T. ) ;
#2835 = VECTOR ( 'NONE', #5779, 1000.000000000000114 ) ;
#2836 = DIRECTION ( 'NONE',  ( 0.7660444431189812331, 0.000000000000000000, 0.6427876096865353661 ) ) ;
#2837 = ORIENTED_EDGE ( 'NONE', *, *, #7034, .F. ) ;
#2838 = CARTESIAN_POINT ( 'NONE',  ( -15.69258240356723100, -125.8626460450250875, 38.00000000000000711 ) ) ;
#2839 = ADVANCED_FACE ( 'NONE', ( #6414 ), #6576, .F. ) ;
#2840 = CARTESIAN_POINT ( 'NONE',  ( -8.626407040611047148E-15, -90.00000000000001421, 48.00000000000000711 ) ) ;
#2841 = CARTESIAN_POINT ( 'NONE',  ( -6.999999999999994671, -90.00000000000001421, 38.00000000000000711 ) ) ;
#2842 = DIRECTION ( 'NONE',  ( 1.000000000000000000, 0.000000000000000000, -0.000000000000000000 ) ) ;
#2843 = ORIENTED_EDGE ( 'NONE', *, *, #6734, .T. ) ;
#2844 = ORIENTED_EDGE ( 'NONE', *, *, #3139, .T. ) ;
#2845 = ADVANCED_FACE ( 'NONE', ( #375 ), #5252, .F. ) ;
#2846 = VERTEX_POINT ( 'NONE', #5916 ) ;
#2847 = EDGE_CURVE ( 'NONE', #3108, #8467, #5011, .T. ) ;
#2848 = DIRECTION ( 'NONE',  ( 0.000000000000000000, -1.000000000000000000, 0.000000000000000000 ) ) ;
#2849 = ORIENTED_EDGE ( 'NONE', *, *, #1394, .T. ) ;
#2850 = CARTESIAN_POINT ( 'NONE',  ( 49.00000000000000711, -90.50000000000001421, 39.75000000000002132 ) ) ;
#2851 = LINE ( 'NONE', #1438, #922 ) ;
#2852 = CONICAL_SURFACE ( 'NONE', #8482, 0.9999999999999870104, 0.5235987755983070313 ) ;
#2853 = LINE ( 'NONE', #342, #4002 ) ;
#2854 = AXIS2_PLACEMENT_3D ( 'NONE', #8340, #4857, #805 ) ;
#2855 = DIRECTION ( 'NONE',  ( 1.000000000000000000, 0.000000000000000000, 0.000000000000000000 ) ) ;
#2856 = DIRECTION ( 'NONE',  ( 0.7071067811865462405, 0.000000000000000000, -0.7071067811865489050 ) ) ;
#2857 = PLANE ( 'NONE',  #1596 ) ;
#2858 = ORIENTED_EDGE ( 'NONE', *, *, #5229, .T. ) ;
#2859 = DIRECTION ( 'NONE',  ( 0.000000000000000000, -0.000000000000000000, 1.000000000000000000 ) ) ;
#2860 = VECTOR ( 'NONE', #1397, 1000.000000000000000 ) ;
#2861 = ORIENTED_EDGE ( 'NONE', *, *, #8432, .T. ) ;
#2862 = ORIENTED_EDGE ( 'NONE', *, *, #4162, .F. ) ;
#2863 = CARTESIAN_POINT ( 'NONE',  ( -35.70000000000000995, 0.000000000000000000, 24.75000000000000000 ) ) ;
#2864 = VECTOR ( 'NONE', #3286, 1000.000000000000000 ) ;
#2865 = EDGE_CURVE ( 'NONE', #6387, #6129, #7035, .T. ) ;
#2866 = CARTESIAN_POINT ( 'NONE',  ( 42.30000000000000426, -105.0000000000000142, 37.00000000000003553 ) ) ;
#2867 = CARTESIAN_POINT ( 'NONE',  ( -61.99999999999997158, 0.000000000000000000, -24.19999999999999929 ) ) ;
#2868 = ORIENTED_EDGE ( 'NONE', *, *, #7498, .T. ) ;
#2869 = DIRECTION ( 'NONE',  ( 0.000000000000000000, -1.000000000000000000, 0.000000000000000000 ) ) ;
#2870 = EDGE_CURVE ( 'NONE', #7772, #807, #3686, .T. ) ;
#2871 = VECTOR ( 'NONE', #2855, 1000.000000000000000 ) ;
#2872 = VECTOR ( 'NONE', #260, 1000.000000000000000 ) ;
#2873 = CARTESIAN_POINT ( 'NONE',  ( -38.50000000000000711, 5.000000000000000000, 33.75000000000002132 ) ) ;
#2874 = ORIENTED_EDGE ( 'NONE', *, *, #6634, .T. ) ;
#2875 = CARTESIAN_POINT ( 'NONE',  ( 49.00000000000000711, -100.0000000000000000, 37.00000000000002132 ) ) ;
#2876 = DIRECTION ( 'NONE',  ( 0.5000000000000069944, 0.8660254037844344888, 0.000000000000000000 ) ) ;
#2877 = DIRECTION ( 'NONE',  ( -1.000000000000000000, 0.000000000000000000, 0.000000000000000000 ) ) ;
#2878 = EDGE_CURVE ( 'NONE', #2218, #8117, #824, .T. ) ;
#2879 = CIRCLE ( 'NONE', #7817, 1.750000000000001554 ) ;
#2880 = EDGE_LOOP ( 'NONE', ( #3555, #4189 ) ) ;
#2881 = CARTESIAN_POINT ( 'NONE',  ( 59.00000000000002132, -100.0000000000000000, 44.00000000000000711 ) ) ;
#2882 = CIRCLE ( 'NONE', #3878, 1.750000000000001554 ) ;
#2883 = ORIENTED_EDGE ( 'NONE', *, *, #43, .T. ) ;
#2884 = ORIENTED_EDGE ( 'NONE', *, *, #4696, .F. ) ;
#2885 = VECTOR ( 'NONE', #7915, 1000.000000000000114 ) ;
#2886 = CARTESIAN_POINT ( 'NONE',  ( -31.70000000000000639, -4.000000000000000000, -47.00000000000000000 ) ) ;
#2887 = ORIENTED_EDGE ( 'NONE', *, *, #8606, .F. ) ;
#2888 = FILL_AREA_STYLE ('',( #1518 ) ) ;
#2889 = VECTOR ( 'NONE', #8487, 1000.000000000000000 ) ;
#2890 = VECTOR ( 'NONE', #8165, 1000.000000000000000 ) ;
#2891 = DIRECTION ( 'NONE',  ( -0.000000000000000000, -0.000000000000000000, 1.000000000000000000 ) ) ;
#2892 = DIRECTION ( 'NONE',  ( 1.000000000000000000, 0.000000000000000000, -0.000000000000000000 ) ) ;
#2893 = CARTESIAN_POINT ( 'NONE',  ( -57.76372342639604085, -90.00000000000001421, 37.70130249412246570 ) ) ;
#2894 = EDGE_LOOP ( 'NONE', ( #3831, #4384, #5547, #6611 ) ) ;
#2895 = EDGE_CURVE ( 'NONE', #1458, #2634, #8399, .T. ) ;
#2896 = ORIENTED_EDGE ( 'NONE', *, *, #8716, .F. ) ;
#2897 = FACE_BOUND ( 'NONE', #8133, .T. ) ;
#2898 = VECTOR ( 'NONE', #6658, 1000.000000000000000 ) ;
#2899 = ORIENTED_EDGE ( 'NONE', *, *, #877, .T. ) ;
#2900 = CARTESIAN_POINT ( 'NONE',  ( -38.50000000000000711, -8.000000000000000000, 33.25000000000002132 ) ) ;
#2901 = PLANE ( 'NONE',  #5842 ) ;
#2902 = CARTESIAN_POINT ( 'NONE',  ( 21.24999999999999645, 4.000000000000000000, 41.25000000000000711 ) ) ;
#2903 = CARTESIAN_POINT ( 'NONE',  ( -42.00000000000000711, 0.000000000000000000, 30.00000000000002132 ) ) ;
#2904 = DIRECTION ( 'NONE',  ( 0.000000000000000000, 1.000000000000000000, -0.000000000000000000 ) ) ;
#2905 = LINE ( 'NONE', #5496, #179 ) ;
#2906 = ORIENTED_EDGE ( 'NONE', *, *, #2022, .F. ) ;
#2907 = DIRECTION ( 'NONE',  ( 5.337610695313253357E-16, 0.000000000000000000, 1.000000000000000000 ) ) ;
#2908 = ORIENTED_EDGE ( 'NONE', *, *, #5532, .T. ) ;
#2909 = ORIENTED_EDGE ( 'NONE', *, *, #5213, .T. ) ;
#2910 = CARTESIAN_POINT ( 'NONE',  ( 38.25000000000000711, -44.99999999999999289, 47.00000000000000711 ) ) ;
#2911 = DIRECTION ( 'NONE',  ( 1.000000000000000000, 0.000000000000000000, 0.000000000000000000 ) ) ;
#2912 = CARTESIAN_POINT ( 'NONE',  ( 43.29999999999997584, 11.94974746830584600, 22.99999999999999645 ) ) ;
#2913 = ORIENTED_EDGE ( 'NONE', *, *, #3615, .T. ) ;
#2914 = FACE_BOUND ( 'NONE', #7351, .T. ) ;
#2915 = DIRECTION ( 'NONE',  ( -1.000000000000000000, -0.000000000000000000, -0.000000000000000000 ) ) ;
#2916 = ORIENTED_EDGE ( 'NONE', *, *, #600, .T. ) ;
#2917 = CYLINDRICAL_SURFACE ( 'NONE', #4527, 4.000000000000010658 ) ;
#2918 = CARTESIAN_POINT ( 'NONE',  ( 27.49999999999999645, 5.999999999999985789, 35.00000000000000711 ) ) ;
#2919 = CARTESIAN_POINT ( 'NONE',  ( -50.99999999999995026, 7.000000000000000000, 50.00000000000000711 ) ) ;
#2920 = VECTOR ( 'NONE', #4701, 1000.000000000000000 ) ;
#2921 = ORIENTED_EDGE ( 'NONE', *, *, #7152, .F. ) ;
#2922 = CARTESIAN_POINT ( 'NONE',  ( 59.00000000000002132, 0.000000000000000000, -46.99999999999999289 ) ) ;
#2923 = ORIENTED_EDGE ( 'NONE', *, *, #8257, .F. ) ;
#2924 = EDGE_CURVE ( 'NONE', #2424, #7865, #7745, .T. ) ;
#2925 = ORIENTED_EDGE ( 'NONE', *, *, #8542, .F. ) ;
#2926 = ADVANCED_FACE ( 'NONE', ( #5509 ), #8197, .F. ) ;
#2927 = DIRECTION ( 'NONE',  ( 0.000000000000000000, -1.000000000000000000, 0.000000000000000000 ) ) ;
#2928 = ORIENTED_EDGE ( 'NONE', *, *, #1552, .F. ) ;
#2929 = LINE ( 'NONE', #3020, #1908 ) ;
#2930 = CARTESIAN_POINT ( 'NONE',  ( -12.99999999999999467, -100.0000000000000000, 31.00000000000000000 ) ) ;
#2931 = AXIS2_PLACEMENT_3D ( 'NONE', #3702, #7003, #7717 ) ;
#2932 = FACE_OUTER_BOUND ( 'NONE', #5389, .T. ) ;
#2933 = DIRECTION ( 'NONE',  ( 0.000000000000000000, 1.000000000000000000, 0.000000000000000000 ) ) ;
#2934 = ORIENTED_EDGE ( 'NONE', *, *, #4684, .F. ) ;
#2935 = EDGE_LOOP ( 'NONE', ( #2347, #8154, #8162, #338 ) ) ;
#2936 = AXIS2_PLACEMENT_3D ( 'NONE', #4198, #6884, #938 ) ;
#2938 = CIRCLE ( 'NONE', #7162, 1.000000000000000888 ) ;
#2937 = CARTESIAN_POINT ( 'NONE',  ( -52.00000000000000711, -100.0000000000000000, 33.00000000000001421 ) ) ;
#2939 = EDGE_LOOP ( 'NONE', ( #3990, #3019 ) ) ;
#2940 = DIRECTION ( 'NONE',  ( -0.000000000000000000, 1.000000000000000000, -0.000000000000000000 ) ) ;
#2941 = FACE_OUTER_BOUND ( 'NONE', #8326, .T. ) ;
#2942 = DIRECTION ( 'NONE',  ( -0.000000000000000000, 1.000000000000000000, -0.000000000000000000 ) ) ;
#2943 =( GEOMETRIC_REPRESENTATION_CONTEXT ( 3 ) GLOBAL_UNCERTAINTY_ASSIGNED_CONTEXT ( ( #1329 ) ) GLOBAL_UNIT_ASSIGNED_CONTEXT ( ( #8515, #4597, #7860 ) ) REPRESENTATION_CONTEXT ( 'NONE', 'WORKASPACE' ) );
#2944 = CARTESIAN_POINT ( 'NONE',  ( 49.00000000000000711, -83.50000000000000000, 41.00000000000002842 ) ) ;
#2945 = ADVANCED_FACE ( 'NONE', ( #6659 ), #4681, .F. ) ;
#2946 = CARTESIAN_POINT ( 'NONE',  ( -35.69999999999999574, 0.000000000000000000, -43.00000000000000711 ) ) ;
#2947 = FACE_OUTER_BOUND ( 'NONE', #1501, .T. ) ;
#2948 = DIRECTION ( 'NONE',  ( -0.000000000000000000, 1.000000000000000000, -0.000000000000000000 ) ) ;
#2949 = ORIENTED_EDGE ( 'NONE', *, *, #1460, .T. ) ;
#2950 = ORIENTED_EDGE ( 'NONE', *, *, #7273, .F. ) ;
#2951 = CIRCLE ( 'NONE', #2385, 1.750000000000001554 ) ;
#2952 = DIRECTION ( 'NONE',  ( -0.000000000000000000, 1.000000000000000000, -0.000000000000000000 ) ) ;
#2953 = PLANE ( 'NONE',  #6171 ) ;
#2954 = CARTESIAN_POINT ( 'NONE',  ( -9.299999999999995381, -100.0000000000000000, 41.50000000000000711 ) ) ;
#2955 = EDGE_LOOP ( 'NONE', ( #4867, #6629 ) ) ;
#2956 = CARTESIAN_POINT ( 'NONE',  ( 0.000000000000000000, -90.00000000000001421, 0.000000000000000000 ) ) ;
#2957 = AXIS2_PLACEMENT_3D ( 'NONE', #5372, #8108, #1363 ) ;
#2958 = EDGE_CURVE ( 'NONE', #1991, #2607, #7330, .T. ) ;
#2959 = CARTESIAN_POINT ( 'NONE',  ( 29.30000000000000782, 7.000000000000000000, 50.00000000000000711 ) ) ;
#2960 = EDGE_LOOP ( 'NONE', ( #4237, #3130 ) ) ;
#2961 = EDGE_CURVE ( 'NONE', #2216, #564, #7373, .T. ) ;
#2962 = FACE_OUTER_BOUND ( 'NONE', #4557, .T. ) ;
#2963 = EDGE_CURVE ( 'NONE', #7429, #4959, #129, .T. ) ;
#2964 = LINE ( 'NONE', #895, #5700 ) ;
#2965 = CARTESIAN_POINT ( 'NONE',  ( -27.50000000000000355, 0.000000000000000000, 35.00000000000001421 ) ) ;
#2966 = EDGE_CURVE ( 'NONE', #4464, #7387, #2029, .T. ) ;
#2967 = EDGE_LOOP ( 'NONE', ( #2131, #6209, #5289, #2625 ) ) ;
#2968 = LINE ( 'NONE', #8342, #7882 ) ;
#2969 = AXIS2_PLACEMENT_3D ( 'NONE', #4049, #5450, #4790 ) ;
#2970 = ORIENTED_EDGE ( 'NONE', *, *, #6888, .F. ) ;
#2971 = EDGE_LOOP ( 'NONE', ( #6918, #5014, #1448, #1 ) ) ;
#2972 = CARTESIAN_POINT ( 'NONE',  ( -61.99999999999997158, 0.000000000000000000, -37.20000000000006679 ) ) ;
#2973 = ORIENTED_EDGE ( 'NONE', *, *, #4149, .F. ) ;
#2974 = EDGE_CURVE ( 'NONE', #2846, #8675, #82, .T. ) ;
#2975 = LINE ( 'NONE', #7862, #4165 ) ;
#2976 = ADVANCED_FACE ( 'NONE', ( #1333 ), #8116, .F. ) ;
#2977 = DIRECTION ( 'NONE',  ( -0.000000000000000000, -0.5000000000000071054, -0.8660254037844345998 ) ) ;
#2978 = CARTESIAN_POINT ( 'NONE',  ( 39.29999999999998295, -4.000000000000000000, 25.99999999999999645 ) ) ;
#2979 = CARTESIAN_POINT ( 'NONE',  ( 49.00000000000000711, -83.50000000000000000, 41.00000000000002842 ) ) ;
#2980 = VECTOR ( 'NONE', #4109, 1000.000000000000000 ) ;
#2981 = ORIENTED_EDGE ( 'NONE', *, *, #6379, .F. ) ;
#2982 = LINE ( 'NONE', #7750, #1059 ) ;
#2983 = ORIENTED_EDGE ( 'NONE', *, *, #5783, .T. ) ;
#2984 = PLANE ( 'NONE',  #8352 ) ;
#2985 = DIRECTION ( 'NONE',  ( -0.000000000000000000, 1.000000000000000000, -0.000000000000000000 ) ) ;
#2986 = CARTESIAN_POINT ( 'NONE',  ( -61.99999999999997158, -100.0000000000000000, 47.00000000000000711 ) ) ;
#2987 = LINE ( 'NONE', #469, #457 ) ;
#2988 = EDGE_CURVE ( 'NONE', #4468, #3336, #8155, .T. ) ;
#2989 = CARTESIAN_POINT ( 'NONE',  ( -24.99999999999998224, -100.0000000000000000, -9.637352644315587256E-15 ) ) ;
#2990 = EDGE_CURVE ( 'NONE', #567, #7849, #4204, .T. ) ;
#2991 = CARTESIAN_POINT ( 'NONE',  ( 52.00000000000004263, -100.0000000000000000, -47.00000000000000000 ) ) ;
#2992 = DIRECTION ( 'NONE',  ( 0.000000000000000000, 0.000000000000000000, 1.000000000000000000 ) ) ;
#2993 = VERTEX_POINT ( 'NONE', #2692 ) ;
#2994 = ORIENTED_EDGE ( 'NONE', *, *, #8292, .T. ) ;
#2995 = CARTESIAN_POINT ( 'NONE',  ( -64.99999999999997158, 3.535898384862256716, -46.99999999999999289 ) ) ;
#2996 = DIRECTION ( 'NONE',  ( -9.505334114941409750E-17, -0.000000000000000000, 1.000000000000000000 ) ) ;
#2997 = CARTESIAN_POINT ( 'NONE',  ( -64.99999999999997158, -98.99999999999998579, 50.00000000000000711 ) ) ;
#2998 = ORIENTED_EDGE ( 'NONE', *, *, #8615, .F. ) ;
#2999 = DIRECTION ( 'NONE',  ( -0.7660444431189812331, 0.000000000000000000, -0.6427876096865353661 ) ) ;
#3000 = AXIS2_PLACEMENT_3D ( 'NONE', #8177, #8318, #2137 ) ;
#3001 = PLANE ( 'NONE',  #6998 ) ;
#3002 = CARTESIAN_POINT ( 'NONE',  ( -6.655711229775227444, -104.0000000000000142, 34.99999999999999289 ) ) ;
#3003 = VERTEX_POINT ( 'NONE', #2073 ) ;
#3004 = DIRECTION ( 'NONE',  ( 0.000000000000000000, 0.000000000000000000, -1.000000000000000000 ) ) ;
#3005 = AXIS2_PLACEMENT_3D ( 'NONE', #5721, #7133, #1089 ) ;
#3006 = ADVANCED_FACE ( 'NONE', ( #4021 ), #4106, .F. ) ;
#3007 = CARTESIAN_POINT ( 'NONE',  ( -59.99999999999997868, 0.000000000000000000, -26.19999999999999574 ) ) ;
#3008 = CARTESIAN_POINT ( 'NONE',  ( -24.99999999999999289, -90.00000000000001421, 38.00000000000000711 ) ) ;
#3009 = VECTOR ( 'NONE', #7890, 999.9999999999998863 ) ;
#3010 = AXIS2_PLACEMENT_3D ( 'NONE', #5012, #4962, #4870 ) ;
#3011 = ORIENTED_EDGE ( 'NONE', *, *, #6352, .F. ) ;
#3012 = VECTOR ( 'NONE', #4050, 1000.000000000000000 ) ;
#3013 = DIRECTION ( 'NONE',  ( 1.000000000000000000, 0.000000000000000000, 0.000000000000000000 ) ) ;
#3014 = EDGE_CURVE ( 'NONE', #5415, #1158, #6027, .T. ) ;
#3015 = CIRCLE ( 'NONE', #3726, 3.000000000000002665 ) ;
#3016 = ORIENTED_EDGE ( 'NONE', *, *, #700, .T. ) ;
#3017 = ORIENTED_EDGE ( 'NONE', *, *, #939, .F. ) ;
#3018 = DIRECTION ( 'NONE',  ( -0.000000000000000000, 1.000000000000000000, -0.000000000000000000 ) ) ;
#3019 = ORIENTED_EDGE ( 'NONE', *, *, #6453, .F. ) ;
#3020 = CARTESIAN_POINT ( 'NONE',  ( -59.99999999999997868, -60.00000000000000000, -26.19999999999999574 ) ) ;
#3021 = CIRCLE ( 'NONE', #2458, 1.000000000000000888 ) ;
#3022 = CARTESIAN_POINT ( 'NONE',  ( -39.99999999999999289, -45.00000000000000000, 50.00000000000000711 ) ) ;
#3023 = LINE ( 'NONE', #8354, #6485 ) ;
#3024 = VECTOR ( 'NONE', #5376, 1000.000000000000000 ) ;
#3025 = DIRECTION ( 'NONE',  ( -1.000000000000000000, 0.000000000000000000, 0.000000000000000000 ) ) ;
#3026 = ORIENTED_EDGE ( 'NONE', *, *, #5139, .F. ) ;
#3027 = ADVANCED_FACE ( 'NONE', ( #6791 ), #753, .F. ) ;
#3028 = DIRECTION ( 'NONE',  ( -0.000000000000000000, 1.000000000000000000, -0.000000000000000000 ) ) ;
#3029 = ORIENTED_EDGE ( 'NONE', *, *, #4737, .T. ) ;
#3030 = VECTOR ( 'NONE', #1038, 1000.000000000000227 ) ;
#3031 = DIRECTION ( 'NONE',  ( -0.000000000000000000, 1.000000000000000000, -0.000000000000000000 ) ) ;
#3032 = DIRECTION ( 'NONE',  ( 0.000000000000000000, 1.000000000000000000, 0.000000000000000000 ) ) ;
#3033 = DIRECTION ( 'NONE',  ( 0.000000000000000000, -0.000000000000000000, -1.000000000000000000 ) ) ;
#3034 = AXIS2_PLACEMENT_3D ( 'NONE', #608, #1888, #3294 ) ;
#3035 = CARTESIAN_POINT ( 'NONE',  ( -21.00000000000000000, 0.000000000000000000, 40.00000000000002132 ) ) ;
#3036 = FACE_OUTER_BOUND ( 'NONE', #1057, .T. ) ;
#3037 = DIRECTION ( 'NONE',  ( -0.000000000000000000, 0.000000000000000000, 1.000000000000000000 ) ) ;
#3038 = AXIS2_PLACEMENT_3D ( 'NONE', #1648, #4350, #285 ) ;
#3039 = ORIENTED_EDGE ( 'NONE', *, *, #877, .F. ) ;
#3040 = ORIENTED_EDGE ( 'NONE', *, *, #5950, .T. ) ;
#3041 = EDGE_CURVE ( 'NONE', #318, #3517, #4629, .T. ) ;
#3042 = EDGE_CURVE ( 'NONE', #2461, #7504, #5465, .T. ) ;
#3043 = CARTESIAN_POINT ( 'NONE',  ( -8.626407040611047148E-15, -90.00000000000001421, 50.00000000000002132 ) ) ;
#3044 = EDGE_CURVE ( 'NONE', #65, #7857, #3927, .T. ) ;
#3045 = EDGE_LOOP ( 'NONE', ( #1934, #21 ) ) ;
#3046 = CARTESIAN_POINT ( 'NONE',  ( -61.99999999999997158, -100.0000000000000000, 34.00000000000001421 ) ) ;
#3047 = DIRECTION ( 'NONE',  ( -1.000000000000000000, -0.000000000000000000, -0.000000000000000000 ) ) ;
#3048 = VERTEX_POINT ( 'NONE', #6172 ) ;
#3049 = DIRECTION ( 'NONE',  ( -1.000000000000000000, 0.000000000000000000, 4.625929269271485791E-17 ) ) ;
#3050 = CARTESIAN_POINT ( 'NONE',  ( -57.99999999999997868, 0.000000000000000000, -26.19999999999999574 ) ) ;
#3051 = DIRECTION ( 'NONE',  ( -0.000000000000000000, 1.000000000000000000, -0.000000000000000000 ) ) ;
#3052 = ORIENTED_EDGE ( 'NONE', *, *, #2632, .F. ) ;
#3053 = DIRECTION ( 'NONE',  ( -1.000000000000000000, 0.000000000000000000, 0.000000000000000000 ) ) ;
#3054 = CARTESIAN_POINT ( 'NONE',  ( -13.00000000000000888, 0.000000000000000000, 30.00000000000002132 ) ) ;
#3055 = DIRECTION ( 'NONE',  ( 0.000000000000000000, 0.000000000000000000, -1.000000000000000000 ) ) ;
#3056 = EDGE_CURVE ( 'NONE', #1054, #1432, #6170, .T. ) ;
#3057 = EDGE_LOOP ( 'NONE', ( #903, #7222, #3969, #1163 ) ) ;
#3058 = LINE ( 'NONE', #452, #6324 ) ;
#3059 = ORIENTED_EDGE ( 'NONE', *, *, #556, .F. ) ;
#3060 = VERTEX_POINT ( 'NONE', #890 ) ;
#3061 = COLOUR_RGB ( '',0.6392156862745097534, 0.6117647058823529882, 0.5999999999999999778 ) ;
#3062 = DIRECTION ( 'NONE',  ( 1.000000000000000000, 0.000000000000000000, 0.000000000000000000 ) ) ;
#3063 = ORIENTED_EDGE ( 'NONE', *, *, #7265, .T. ) ;
#3064 = EDGE_CURVE ( 'NONE', #7631, #2338, #2205, .T. ) ;
#3065 = AXIS2_PLACEMENT_3D ( 'NONE', #2930, #5620, #3552 ) ;
#3066 = CARTESIAN_POINT ( 'NONE',  ( 63.00000000000001421, -105.0000000000000142, -46.99999999999999289 ) ) ;
#3067 = DIRECTION ( 'NONE',  ( 0.000000000000000000, 1.000000000000000000, -0.000000000000000000 ) ) ;
#3068 = VERTEX_POINT ( 'NONE', #3537 ) ;
#3069 = EDGE_CURVE ( 'NONE', #2122, #4187, #7451, .T. ) ;
#3070 = CARTESIAN_POINT ( 'NONE',  ( -61.99999999999997158, -86.05025253169436894, 43.99999999999998579 ) ) ;
#3071 = EDGE_LOOP ( 'NONE', ( #3620, #6950 ) ) ;
#3072 = LINE ( 'NONE', #8363, #7657 ) ;
#3073 = DIRECTION ( 'NONE',  ( -0.5000000000000031086, 0.7071067811865431318, -0.5000000000000031086 ) ) ;
#3074 = LINE ( 'NONE', #3116, #7594 ) ;
#3075 = CARTESIAN_POINT ( 'NONE',  ( 40.00000000000000711, -44.99999999999999289, 47.00000000000000711 ) ) ;
#3076 = AXIS2_PLACEMENT_3D ( 'NONE', #6122, #6833, #7629 ) ;
#3077 = EDGE_CURVE ( 'NONE', #5936, #2218, #5035, .T. ) ;
#3078 = CARTESIAN_POINT ( 'NONE',  ( -21.79999999999999716, -100.0000000000000000, 43.50000000000001421 ) ) ;
#3079 = DIRECTION ( 'NONE',  ( -0.000000000000000000, 1.000000000000000000, -0.000000000000000000 ) ) ;
#3080 = VECTOR ( 'NONE', #6042, 1000.000000000000000 ) ;
#3081 = PLANE ( 'NONE',  #1810 ) ;
#3082 = CIRCLE ( 'NONE', #4908, 1.750000000000001554 ) ;
#3083 = VERTEX_POINT ( 'NONE', #1014 ) ;
#3084 = ORIENTED_EDGE ( 'NONE', *, *, #5267, .F. ) ;
#3085 = PLANE ( 'NONE',  #2441 ) ;
#3086 = VECTOR ( 'NONE', #4102, 1000.000000000000000 ) ;
#3087 = ORIENTED_EDGE ( 'NONE', *, *, #1640, .T. ) ;
#3088 = PLANE ( 'NONE',  #7303 ) ;
#3089 = DIRECTION ( 'NONE',  ( 0.000000000000000000, 0.000000000000000000, -1.000000000000000000 ) ) ;
#3090 = VERTEX_POINT ( 'NONE', #4944 ) ;
#3091 = LINE ( 'NONE', #3838, #4290 ) ;
#3092 = ADVANCED_FACE ( 'NONE', ( #4853 ), #4376, .F. ) ;
#3093 = AXIS2_PLACEMENT_3D ( 'NONE', #1278, #8058, #2103 ) ;
#3094 = CIRCLE ( 'NONE', #6040, 1.249999999999997558 ) ;
#3095 = DIRECTION ( 'NONE',  ( 0.000000000000000000, 1.000000000000000000, -0.000000000000000000 ) ) ;
#3096 = ORIENTED_EDGE ( 'NONE', *, *, #973, .F. ) ;
#3097 = DIRECTION ( 'NONE',  ( 1.000000000000000000, 0.000000000000000000, 0.000000000000000000 ) ) ;
#3098 = AXIS2_PLACEMENT_3D ( 'NONE', #182, #4860, #6182 ) ;
#3099 = CARTESIAN_POINT ( 'NONE',  ( -42.00000000000000711, 0.000000000000000000, 30.00000000000002132 ) ) ;
#3100 = CARTESIAN_POINT ( 'NONE',  ( 59.00000000000003553, -84.99999999999998579, -43.99999999999999289 ) ) ;
#3101 = ADVANCED_FACE ( 'NONE', ( #5645 ), #2083, .T. ) ;
#3102 = VECTOR ( 'NONE', #2594, 1000.000000000000000 ) ;
#3103 = EDGE_LOOP ( 'NONE', ( #1944, #1890, #8171, #6433 ) ) ;
#3104 = DIRECTION ( 'NONE',  ( 0.000000000000000000, 0.000000000000000000, 1.000000000000000000 ) ) ;
#3105 = VERTEX_POINT ( 'NONE', #6397 ) ;
#3106 = ORIENTED_EDGE ( 'NONE', *, *, #4161, .T. ) ;
#3107 = DIRECTION ( 'NONE',  ( 1.000000000000000000, 0.000000000000000000, -0.000000000000000000 ) ) ;
#3108 = VERTEX_POINT ( 'NONE', #3714 ) ;
#3109 = LINE ( 'NONE', #5348, #8071 ) ;
#3110 = ORIENTED_EDGE ( 'NONE', *, *, #1223, .T. ) ;
#3111 = EDGE_CURVE ( 'NONE', #7631, #5530, #1593, .T. ) ;
#3112 = DIRECTION ( 'NONE',  ( 1.205443222970321960E-16, -0.5773502691896215122, -0.8164965809277289210 ) ) ;
#3113 = ORIENTED_EDGE ( 'NONE', *, *, #2483, .T. ) ;
#3114 = CARTESIAN_POINT ( 'NONE',  ( -55.00000000000000711, -100.0000000000000000, 41.93571735695856972 ) ) ;
#3115 = CARTESIAN_POINT ( 'NONE',  ( 62.00000000000002842, -100.0000000000000000, -43.99999999999999289 ) ) ;
#3116 = CARTESIAN_POINT ( 'NONE',  ( 5.000000000000005329, -105.0000000000000142, 47.00000000000000711 ) ) ;
#3117 = DIRECTION ( 'NONE',  ( -0.000000000000000000, -0.000000000000000000, 1.000000000000000000 ) ) ;
#3118 = CARTESIAN_POINT ( 'NONE',  ( -50.99999999999996447, -90.00000000000001421, 35.00000000000000711 ) ) ;
#3119 = EDGE_CURVE ( 'NONE', #2315, #6195, #7728, .T. ) ;
#3120 = CARTESIAN_POINT ( 'NONE',  ( -52.00000000000005684, -100.0000000000000000, -47.00000000000000000 ) ) ;
#3121 = FACE_BOUND ( 'NONE', #6743, .T. ) ;
#3122 = EDGE_CURVE ( 'NONE', #6568, #5198, #8385, .T. ) ;
#3123 = ORIENTED_EDGE ( 'NONE', *, *, #3332, .T. ) ;
#3124 = ORIENTED_EDGE ( 'NONE', *, *, #5862, .F. ) ;
#3125 = CARTESIAN_POINT ( 'NONE',  ( -6.999999999999992006, -125.8626460450250875, 34.99999999999999289 ) ) ;
#3126 = AXIS2_PLACEMENT_3D ( 'NONE', #6086, #713, #1375 ) ;
#3127 = ORIENTED_EDGE ( 'NONE', *, *, #7047, .T. ) ;
#3128 = CARTESIAN_POINT ( 'NONE',  ( -39.99999999999997158, -105.0000000000000142, 46.00000000000001421 ) ) ;
#3129 = DIRECTION ( 'NONE',  ( -0.000000000000000000, 0.000000000000000000, 1.000000000000000000 ) ) ;
#3130 = ORIENTED_EDGE ( 'NONE', *, *, #3407, .T. ) ;
#3131 = LINE ( 'NONE', #1058, #8628 ) ;
#3132 = CARTESIAN_POINT ( 'NONE',  ( 49.00000000000000711, -83.50000000000000000, 41.00000000000002842 ) ) ;
#3133 = CARTESIAN_POINT ( 'NONE',  ( -51.99999999999999289, -100.0000000000000000, 47.00000000000000711 ) ) ;
#3134 = ORIENTED_EDGE ( 'NONE', *, *, #5, .F. ) ;
#3135 = CARTESIAN_POINT ( 'NONE',  ( 62.00000000000002842, -100.0000000000000000, 47.00000000000000711 ) ) ;
#3136 = VERTEX_POINT ( 'NONE', #4994 ) ;
#3137 = EDGE_CURVE ( 'NONE', #7539, #4722, #7689, .T. ) ;
#3138 = EDGE_CURVE ( 'NONE', #1458, #7226, #2337, .T. ) ;
#3139 = EDGE_CURVE ( 'NONE', #5221, #4209, #6216, .T. ) ;
#3140 = FILL_AREA_STYLE ('',( #1200 ) ) ;
#3141 = DIRECTION ( 'NONE',  ( 0.000000000000000000, 0.000000000000000000, 1.000000000000000000 ) ) ;
#3142 =( GEOMETRIC_REPRESENTATION_CONTEXT ( 3 ) GLOBAL_UNCERTAINTY_ASSIGNED_CONTEXT ( ( #706 ) ) GLOBAL_UNIT_ASSIGNED_CONTEXT ( ( #962, #7173, #8533 ) ) REPRESENTATION_CONTEXT ( 'NONE', 'WORKASPACE' ) );
#3143 = AXIS2_PLACEMENT_3D ( 'NONE', #2919, #4949, #7643 ) ;
#3144 = VECTOR ( 'NONE', #7758, 1000.000000000000000 ) ;
#3145 = ORIENTED_EDGE ( 'NONE', *, *, #865, .T. ) ;
#3146 = DIRECTION ( 'NONE',  ( -0.000000000000000000, 1.000000000000000000, -0.000000000000000000 ) ) ;
#3147 = ORIENTED_EDGE ( 'NONE', *, *, #7074, .F. ) ;
#3148 = ORIENTED_EDGE ( 'NONE', *, *, #4491, .F. ) ;
#3149 = AXIS2_PLACEMENT_3D ( 'NONE', #8461, #1802, #3211 ) ;
#3150 = DIRECTION ( 'NONE',  ( 0.000000000000000000, 0.000000000000000000, 1.000000000000000000 ) ) ;
#3151 = EDGE_CURVE ( 'NONE', #1238, #2186, #5049, .T. ) ;
#3152 = ORIENTED_EDGE ( 'NONE', *, *, #4685, .T. ) ;
#3153 = VECTOR ( 'NONE', #1652, 1000.000000000000000 ) ;
#3154 = AXIS2_PLACEMENT_3D ( 'NONE', #376, #3067, #5751 ) ;
#3155 = VECTOR ( 'NONE', #801, 1000.000000000000000 ) ;
#3156 = AXIS2_PLACEMENT_3D ( 'NONE', #4192, #5593, #5459 ) ;
#3157 = CARTESIAN_POINT ( 'NONE',  ( -21.79999999999999716, -100.0000000000000000, 41.50000000000000711 ) ) ;
#3158 = VERTEX_POINT ( 'NONE', #224 ) ;
#3159 = FACE_OUTER_BOUND ( 'NONE', #7203, .T. ) ;
#3160 = AXIS2_PLACEMENT_3D ( 'NONE', #1659, #1000, #6867 ) ;
#3161 = ORIENTED_EDGE ( 'NONE', *, *, #510, .T. ) ;
#3162 = CARTESIAN_POINT ( 'NONE',  ( 43.29999999999999005, 11.94974746830584600, -44.75000000000001421 ) ) ;
#3163 = CARTESIAN_POINT ( 'NONE',  ( 43.29999999999999005, 0.000000000000000000, -41.25000000000000711 ) ) ;
#3164 = DIRECTION ( 'NONE',  ( 0.000000000000000000, 1.000000000000000000, -0.000000000000000000 ) ) ;
#3165 = DIRECTION ( 'NONE',  ( 0.000000000000000000, 1.000000000000000000, 0.000000000000000000 ) ) ;
#3166 = AXIS2_PLACEMENT_3D ( 'NONE', #7546, #4891, #4148 ) ;
#3167 = CARTESIAN_POINT ( 'NONE',  ( -8.999999999999968026, -98.99999999999998579, 50.00000000000000711 ) ) ;
#3168 = DIRECTION ( 'NONE',  ( 0.000000000000000000, 0.000000000000000000, -1.000000000000000000 ) ) ;
#3169 = CARTESIAN_POINT ( 'NONE',  ( 0.000000000000000000, 7.000000000000000000, 0.000000000000000000 ) ) ;
#3170 = ORIENTED_EDGE ( 'NONE', *, *, #2341, .F. ) ;
#3171 = ORIENTED_EDGE ( 'NONE', *, *, #1094, .T. ) ;
#3172 = CARTESIAN_POINT ( 'NONE',  ( -58.99999999999997158, -100.0000000000000000, 45.75000000000010658 ) ) ;
#3173 = VECTOR ( 'NONE', #3473, 1000.000000000000000 ) ;
#3174 = ORIENTED_EDGE ( 'NONE', *, *, #5549, .T. ) ;
#3175 = LINE ( 'NONE', #8584, #2516 ) ;
#3176 = LINE ( 'NONE', #5160, #3735 ) ;
#3177 = EDGE_LOOP ( 'NONE', ( #8344, #7220, #5788, #6491 ) ) ;
#3178 = DIRECTION ( 'NONE',  ( 0.000000000000000000, 0.000000000000000000, -1.000000000000000000 ) ) ;
#3179 = AXIS2_PLACEMENT_3D ( 'NONE', #2794, #1383, #4119 ) ;
#3180 = PLANE ( 'NONE',  #8565 ) ;
#3181 = ORIENTED_EDGE ( 'NONE', *, *, #4466, .T. ) ;
#3182 = CARTESIAN_POINT ( 'NONE',  ( -61.99999999999997158, -100.0000000000000000, -49.99999999999999289 ) ) ;
#3183 = EDGE_LOOP ( 'NONE', ( #6982, #542, #4560, #3728 ) ) ;
#3184 = FACE_OUTER_BOUND ( 'NONE', #6661, .T. ) ;
#3185 = EDGE_CURVE ( 'NONE', #7779, #2098, #4333, .T. ) ;
#3186 = CARTESIAN_POINT ( 'NONE',  ( 33.75000000000000000, 4.000000000000000000, 28.75000000000000355 ) ) ;
#3187 = EDGE_LOOP ( 'NONE', ( #2369, #5279, #8655, #2527, #6052, #6587, #4453, #985 ) ) ;
#3188 = DIRECTION ( 'NONE',  ( -0.000000000000000000, -1.000000000000000000, -0.000000000000000000 ) ) ;
#3189 = VERTEX_POINT ( 'NONE', #6349 ) ;
#3190 = ORIENTED_EDGE ( 'NONE', *, *, #2421, .T. ) ;
#3191 = FACE_OUTER_BOUND ( 'NONE', #94, .T. ) ;
#3192 = VERTEX_POINT ( 'NONE', #2873 ) ;
#3193 = EDGE_CURVE ( 'NONE', #4505, #2231, #4070, .T. ) ;
#3194 = CARTESIAN_POINT ( 'NONE',  ( -56.49999999999995737, -90.82322330470344696, -42.75000000000012079 ) ) ;
#3195 = VECTOR ( 'NONE', #1676, 1000.000000000000000 ) ;
#3196 = ORIENTED_EDGE ( 'NONE', *, *, #2966, .T. ) ;
#3197 = CARTESIAN_POINT ( 'NONE',  ( -61.99999999999997158, 0.000000000000000000, 0.2000000000000057288 ) ) ;
#3198 = ORIENTED_EDGE ( 'NONE', *, *, #6077, .F. ) ;
#3199 = CARTESIAN_POINT ( 'NONE',  ( -37.99999999999996447, -90.00000000000001421, 35.00000000000000711 ) ) ;
#3200 = DIRECTION ( 'NONE',  ( -0.000000000000000000, 1.000000000000000000, -0.000000000000000000 ) ) ;
#3201 = FACE_BOUND ( 'NONE', #3471, .T. ) ;
#3202 = LINE ( 'NONE', #8367, #5170 ) ;
#3203 = EDGE_CURVE ( 'NONE', #8506, #8110, #6928, .T. ) ;
#3204 = LINE ( 'NONE', #3787, #4418 ) ;
#3205 = VERTEX_POINT ( 'NONE', #6974 ) ;
#3206 = DIRECTION ( 'NONE',  ( -1.000000000000000000, 0.000000000000000000, 0.000000000000000000 ) ) ;
#3207 = ORIENTED_EDGE ( 'NONE', *, *, #3909, .F. ) ;
#3208 = ORIENTED_EDGE ( 'NONE', *, *, #5508, .T. ) ;
#3209 = CARTESIAN_POINT ( 'NONE',  ( 43.29999999999997584, 5.000000000000000000, 21.24999999999999289 ) ) ;
#3210 = ORIENTED_EDGE ( 'NONE', *, *, #1851, .T. ) ;
#3211 = DIRECTION ( 'NONE',  ( 0.000000000000000000, 0.000000000000000000, -1.000000000000000000 ) ) ;
#3212 = FACE_OUTER_BOUND ( 'NONE', #7562, .T. ) ;
#3213 = ORIENTED_EDGE ( 'NONE', *, *, #7065, .T. ) ;
#3214 = DIRECTION ( 'NONE',  ( 0.000000000000000000, 0.000000000000000000, -1.000000000000000000 ) ) ;
#3215 = LINE ( 'NONE', #5908, #8294 ) ;
#3216 = EDGE_LOOP ( 'NONE', ( #3450, #5839 ) ) ;
#3217 = VECTOR ( 'NONE', #1310, 1000.000000000000000 ) ;
#3218 = PLANE ( 'NONE',  #1826 ) ;
#3219 = VERTEX_POINT ( 'NONE', #3002 ) ;
#3220 = VECTOR ( 'NONE', #8248, 1000.000000000000000 ) ;
#3221 = SURFACE_SIDE_STYLE ('',( #7819 ) ) ;
#3222 = LINE ( 'NONE', #4598, #1612 ) ;
#3223 = EDGE_CURVE ( 'NONE', #7204, #1354, #269, .T. ) ;
#3224 = DIRECTION ( 'NONE',  ( -1.000000000000000000, 0.000000000000000000, 0.000000000000000000 ) ) ;
#3225 = VECTOR ( 'NONE', #7588, 1000.000000000000000 ) ;
#3226 = CIRCLE ( 'NONE', #549, 4.000000000000003553 ) ;
#3227 = DIRECTION ( 'NONE',  ( 0.000000000000000000, 0.000000000000000000, 1.000000000000000000 ) ) ;
#3228 = ORIENTED_EDGE ( 'NONE', *, *, #319, .T. ) ;
#3229 = DIRECTION ( 'NONE',  ( 0.000000000000000000, -1.000000000000000000, 0.000000000000000000 ) ) ;
#3230 = EDGE_CURVE ( 'NONE', #5497, #1907, #1149, .T. ) ;
#3231 = ORIENTED_EDGE ( 'NONE', *, *, #8029, .F. ) ;
#3232 = ORIENTED_EDGE ( 'NONE', *, *, #6346, .T. ) ;
#3233 = ADVANCED_FACE ( 'NONE', ( #1767 ), #3180, .F. ) ;
#3234 = DIRECTION ( 'NONE',  ( 0.000000000000000000, -0.000000000000000000, -1.000000000000000000 ) ) ;
#3235 = ORIENTED_EDGE ( 'NONE', *, *, #1666, .T. ) ;
#3236 = VECTOR ( 'NONE', #1495, 1000.000000000000000 ) ;
#3237 = DIRECTION ( 'NONE',  ( -1.000000000000000000, 0.000000000000000000, 0.000000000000000000 ) ) ;
#3238 = EDGE_CURVE ( 'NONE', #7136, #3592, #6521, .T. ) ;
#3239 = ORIENTED_EDGE ( 'NONE', *, *, #2963, .T. ) ;
#3240 = EDGE_CURVE ( 'NONE', #1919, #2478, #6874, .T. ) ;
#3241 = DIRECTION ( 'NONE',  ( -1.000000000000000000, 0.000000000000000000, 0.000000000000000000 ) ) ;
#3242 = VERTEX_POINT ( 'NONE', #5945 ) ;
#3243 = EDGE_CURVE ( 'NONE', #1606, #1594, #4768, .T. ) ;
#3244 = CARTESIAN_POINT ( 'NONE',  ( -58.99999999999994316, -100.0000000000000000, -45.25000000000012790 ) ) ;
#3245 = DIRECTION ( 'NONE',  ( 0.000000000000000000, -0.000000000000000000, -1.000000000000000000 ) ) ;
#3246 = CARTESIAN_POINT ( 'NONE',  ( 52.00000000000004263, -84.99999999999998579, -47.00000000000000000 ) ) ;
#3247 = LINE ( 'NONE', #16, #4273 ) ;
#3248 = ORIENTED_EDGE ( 'NONE', *, *, #6231, .F. ) ;
#3249 = CARTESIAN_POINT ( 'NONE',  ( 65.00000000000002842, -100.0000000000000000, 47.00000000000000711 ) ) ;
#3250 = ORIENTED_EDGE ( 'NONE', *, *, #3785, .F. ) ;
#3251 = DIRECTION ( 'NONE',  ( -1.000000000000000000, 0.000000000000000000, 0.000000000000000000 ) ) ;
#3252 = ORIENTED_EDGE ( 'NONE', *, *, #1264, .T. ) ;
#3253 = CARTESIAN_POINT ( 'NONE',  ( -35.69999999999999574, 0.000000000000000000, -41.25000000000000711 ) ) ;
#3254 = DIRECTION ( 'NONE',  ( 0.000000000000000000, 0.000000000000000000, -1.000000000000000000 ) ) ;
#3255 = EDGE_CURVE ( 'NONE', #1547, #779, #6590, .T. ) ;
#3256 = ORIENTED_EDGE ( 'NONE', *, *, #5784, .F. ) ;
#3257 = FACE_BOUND ( 'NONE', #1300, .T. ) ;
#3258 = EDGE_CURVE ( 'NONE', #3333, #6186, #3215, .T. ) ;
#3259 = PLANE ( 'NONE',  #754 ) ;
#3260 = CARTESIAN_POINT ( 'NONE',  ( 63.00000000000001421, -105.0000000000000142, 47.00000000000000711 ) ) ;
#3261 = ORIENTED_EDGE ( 'NONE', *, *, #1567, .T. ) ;
#3262 = CARTESIAN_POINT ( 'NONE',  ( 52.00000000000004263, -100.0000000000000000, -47.00000000000000000 ) ) ;
#3263 = ORIENTED_EDGE ( 'NONE', *, *, #4631, .T. ) ;
#3264 = DIRECTION ( 'NONE',  ( 1.000000000000000000, 0.000000000000000000, 0.000000000000000000 ) ) ;
#3265 = CARTESIAN_POINT ( 'NONE',  ( -6.999999999999994671, -105.0000000000000142, 38.00000000000000711 ) ) ;
#3266 = CARTESIAN_POINT ( 'NONE',  ( 49.00000000000000711, -90.50000000000001421, 42.25000000000003553 ) ) ;
#3267 = DIRECTION ( 'NONE',  ( -0.000000000000000000, -1.000000000000000000, -0.000000000000000000 ) ) ;
#3268 = ORIENTED_EDGE ( 'NONE', *, *, #6156, .F. ) ;
#3269 = EDGE_CURVE ( 'NONE', #3468, #1158, #1193, .T. ) ;
#3270 = CYLINDRICAL_SURFACE ( 'NONE', #5792, 1.750000000000005107 ) ;
#3271 = VERTEX_POINT ( 'NONE', #3929 ) ;
#3272 = DIRECTION ( 'NONE',  ( 5.337610695313253357E-16, 0.000000000000000000, 1.000000000000000000 ) ) ;
#3273 = DIRECTION ( 'NONE',  ( 0.000000000000000000, 0.000000000000000000, 1.000000000000000000 ) ) ;
#3274 = VECTOR ( 'NONE', #1832, 1000.000000000000000 ) ;
#3275 = ORIENTED_EDGE ( 'NONE', *, *, #529, .F. ) ;
#3276 = EDGE_LOOP ( 'NONE', ( #6180, #1860 ) ) ;
#3277 = AXIS2_PLACEMENT_3D ( 'NONE', #1493, #254, #5673 ) ;
#3278 = DIRECTION ( 'NONE',  ( 1.000000000000000000, 0.000000000000000000, 0.000000000000000000 ) ) ;
#3279 = VERTEX_POINT ( 'NONE', #1892 ) ;
#3280 = LINE ( 'NONE', #6552, #5983 ) ;
#3281 = VECTOR ( 'NONE', #128, 1000.000000000000000 ) ;
#3282 = DIRECTION ( 'NONE',  ( -1.000000000000000000, -0.000000000000000000, -0.000000000000000000 ) ) ;
#3283 = AXIS2_PLACEMENT_3D ( 'NONE', #859, #988, #4211 ) ;
#3284 = EDGE_CURVE ( 'NONE', #5864, #6538, #1849, .T. ) ;
#3285 = LINE ( 'NONE', #7261, #1794 ) ;
#3286 = DIRECTION ( 'NONE',  ( -0.000000000000000000, -1.000000000000000000, -0.000000000000000000 ) ) ;
#3287 = ORIENTED_EDGE ( 'NONE', *, *, #7378, .F. ) ;
#3288 = CARTESIAN_POINT ( 'NONE',  ( 62.00000000000003553, -100.0000000000000000, 36.99999999999999289 ) ) ;
#3289 = ORIENTED_EDGE ( 'NONE', *, *, #2613, .T. ) ;
#3290 = AXIS2_PLACEMENT_3D ( 'NONE', #111, #4750, #7973 ) ;
#3291 = CARTESIAN_POINT ( 'NONE',  ( -50.33333333333334281, -92.17851130197772136, -47.00000000000000000 ) ) ;
#3292 = ORIENTED_EDGE ( 'NONE', *, *, #3532, .F. ) ;
#3293 = LINE ( 'NONE', #6774, #4689 ) ;
#3294 = DIRECTION ( 'NONE',  ( 0.000000000000000000, 0.000000000000000000, 1.000000000000000000 ) ) ;
#3295 = VERTEX_POINT ( 'NONE', #3804 ) ;
#3296 = DIRECTION ( 'NONE',  ( 0.000000000000000000, 1.000000000000000000, -0.000000000000000000 ) ) ;
#3297 = EDGE_CURVE ( 'NONE', #92, #810, #8009, .T. ) ;
#3298 = DIRECTION ( 'NONE',  ( -0.7660444431189800119, 0.000000000000000000, 0.6427876096865369204 ) ) ;
#3299 = CARTESIAN_POINT ( 'NONE',  ( 27.49999999999999645, 7.000000000000000000, 30.50000000000000711 ) ) ;
#3300 = CIRCLE ( 'NONE', #3732, 5.999999999999998224 ) ;
#3301 = ADVANCED_FACE ( 'NONE', ( #3890 ), #401, .T. ) ;
#3302 = ORIENTED_EDGE ( 'NONE', *, *, #1443, .T. ) ;
#3303 = FACE_OUTER_BOUND ( 'NONE', #2747, .T. ) ;
#3304 = EDGE_CURVE ( 'NONE', #5144, #7279, #7814, .T. ) ;
#3305 = AXIS2_PLACEMENT_3D ( 'NONE', #3709, #483, #6391 ) ;
#3306 = ORIENTED_EDGE ( 'NONE', *, *, #2643, .T. ) ;
#3307 = CYLINDRICAL_SURFACE ( 'NONE', #5614, 1.250000000000001110 ) ;
#3308 = DIRECTION ( 'NONE',  ( 0.000000000000000000, 0.000000000000000000, 1.000000000000000000 ) ) ;
#3310 = VECTOR ( 'NONE', #2614, 1000.000000000000000 ) ;
#3309 = CARTESIAN_POINT ( 'NONE',  ( 59.00000000000002132, 0.000000000000000000, -43.99999999999999289 ) ) ;
#3311 = AXIS2_PLACEMENT_3D ( 'NONE', #4680, #4762, #6789 ) ;
#3312 = DIRECTION ( 'NONE',  ( 0.000000000000000000, 0.000000000000000000, 1.000000000000000000 ) ) ;
#3313 = ORIENTED_EDGE ( 'NONE', *, *, #6805, .F. ) ;
#3314 = CARTESIAN_POINT ( 'NONE',  ( 39.30000000000000426, -4.000000000000000000, -47.00000000000000000 ) ) ;
#3315 = STYLED_ITEM ( 'NONE', ( #1502 ), #8111 ) ;
#3316 = PLANE ( 'NONE',  #4407 ) ;
#3317 = EDGE_CURVE ( 'NONE', #5530, #3440, #3801, .T. ) ;
#3318 = LINE ( 'NONE', #6800, #5762 ) ;
#3319 = ORIENTED_EDGE ( 'NONE', *, *, #1198, .T. ) ;
#3320 = ORIENTED_EDGE ( 'NONE', *, *, #6346, .F. ) ;
#3321 = LINE ( 'NONE', #3865, #8649 ) ;
#3322 = ORIENTED_EDGE ( 'NONE', *, *, #619, .T. ) ;
#3323 = LINE ( 'NONE', #6673, #7823 ) ;
#3324 = EDGE_CURVE ( 'NONE', #6006, #2227, #7276, .T. ) ;
#3325 = ADVANCED_FACE ( 'NONE', ( #7145 ), #1102, .T. ) ;
#3326 = DIRECTION ( 'NONE',  ( 0.000000000000000000, 0.8660254037844377084, -0.5000000000000015543 ) ) ;
#3327 = CARTESIAN_POINT ( 'NONE',  ( 0.000000000000000000, -104.0000000000000142, 34.99999999999999289 ) ) ;
#3328 = DIRECTION ( 'NONE',  ( 0.000000000000000000, -1.000000000000000000, 0.000000000000000000 ) ) ;
#3329 = CARTESIAN_POINT ( 'NONE',  ( 19.00000000000000711, -83.50000000000000000, 41.00000000000002842 ) ) ;
#3330 = ORIENTED_EDGE ( 'NONE', *, *, #6134, .T. ) ;
#3331 = CARTESIAN_POINT ( 'NONE',  ( 45.30000000000001847, -100.0000000000000000, 39.48013158464289774 ) ) ;
#3332 = EDGE_CURVE ( 'NONE', #2098, #2215, #7771, .T. ) ;
#3333 = VERTEX_POINT ( 'NONE', #441 ) ;
#3334 = EDGE_CURVE ( 'NONE', #5796, #3987, #8703, .T. ) ;
#3335 = FACE_OUTER_BOUND ( 'NONE', #7325, .T. ) ;
#3336 = VERTEX_POINT ( 'NONE', #4672 ) ;
#3337 = CIRCLE ( 'NONE', #5305, 1.250000000000001110 ) ;
#3338 = DIRECTION ( 'NONE',  ( 0.000000000000000000, -0.5000000000000015543, 0.8660254037844378194 ) ) ;
#3339 = DIRECTION ( 'NONE',  ( -0.000000000000000000, -1.000000000000000000, -0.000000000000000000 ) ) ;
#3340 = ADVANCED_FACE ( 'NONE', ( #4141 ), #3344, .T. ) ;
#3341 = DIRECTION ( 'NONE',  ( -0.000000000000000000, 1.000000000000000000, -0.000000000000000000 ) ) ;
#3342 = CARTESIAN_POINT ( 'NONE',  ( -27.50000000000000355, 4.000000000000000000, 35.00000000000001421 ) ) ;
#3343 = LINE ( 'NONE', #1235, #2439 ) ;
#3344 = CYLINDRICAL_SURFACE ( 'NONE', #3093, 3.000000000000002665 ) ;
#3345 = VERTEX_POINT ( 'NONE', #1404 ) ;
#3346 = DIRECTION ( 'NONE',  ( 0.000000000000000000, 0.000000000000000000, 1.000000000000000000 ) ) ;
#3347 = EDGE_LOOP ( 'NONE', ( #8548, #647, #1602, #1139, #2928, #1636, #5132, #8037 ) ) ;
#3348 = UNCERTAINTY_MEASURE_WITH_UNIT (LENGTH_MEASURE( 1.000000000000000082E-05 ), #4941, 'distance_accuracy_value', 'NONE');
#3349 = ADVANCED_FACE ( 'NONE', ( #2633 ), #8143, .F. ) ;
#3350 = DIRECTION ( 'NONE',  ( 0.000000000000000000, -1.000000000000000000, 0.000000000000000000 ) ) ;
#3351 = DIRECTION ( 'NONE',  ( 0.000000000000000000, 0.000000000000000000, -1.000000000000000000 ) ) ;
#3352 = UNCERTAINTY_MEASURE_WITH_UNIT (LENGTH_MEASURE( 1.000000000000000082E-05 ), #6769, 'distance_accuracy_value', 'NONE');
#3353 = CARTESIAN_POINT ( 'NONE',  ( 52.00000000000002132, -91.00000000000009948, 47.00000000000000000 ) ) ;
#3354 = EDGE_CURVE ( 'NONE', #970, #7772, #4095, .T. ) ;
#3355 = AXIS2_PLACEMENT_3D ( 'NONE', #1797, #7180, #3830 ) ;
#3356 = DIRECTION ( 'NONE',  ( -0.000000000000000000, 1.000000000000000000, -0.000000000000000000 ) ) ;
#3357 = ORIENTED_EDGE ( 'NONE', *, *, #2204, .F. ) ;
#3358 = CARTESIAN_POINT ( 'NONE',  ( -39.70000000000000995, 6.000000000000000000, 18.99999999999999645 ) ) ;
#3359 = VECTOR ( 'NONE', #1373, 1000.000000000000114 ) ;
#3360 = AXIS2_PLACEMENT_3D ( 'NONE', #2450, #5226, #7794 ) ;
#3361 = CYLINDRICAL_SURFACE ( 'NONE', #6939, 1.250000000000001110 ) ;
#3362 = CIRCLE ( 'NONE', #8147, 1.000000000000000888 ) ;
#3363 = EDGE_CURVE ( 'NONE', #756, #7744, #3391, .T. ) ;
#3364 = AXIS2_PLACEMENT_3D ( 'NONE', #615, #5409, #6830 ) ;
#3365 = CARTESIAN_POINT ( 'NONE',  ( -48.99999999999997158, -105.0000000000000142, 38.00000000000001421 ) ) ;
#3366 = CIRCLE ( 'NONE', #692, 1.250000000000001110 ) ;
#3367 = EDGE_LOOP ( 'NONE', ( #7548, #4840, #5004, #1436 ) ) ;
#3368 = ORIENTED_EDGE ( 'NONE', *, *, #4526, .T. ) ;
#3369 = VECTOR ( 'NONE', #6849, 1000.000000000000000 ) ;
#3370 = CARTESIAN_POINT ( 'NONE',  ( 19.00000000000000000, -83.50000000000000000, -21.99999999999997868 ) ) ;
#3371 = ORIENTED_EDGE ( 'NONE', *, *, #6584, .T. ) ;
#3372 = CARTESIAN_POINT ( 'NONE',  ( 31.30000000000000782, -103.0000000000000142, 37.00000000000003553 ) ) ;
#3373 = CIRCLE ( 'NONE', #1685, 1.750000000000001554 ) ;
#3374 = CARTESIAN_POINT ( 'NONE',  ( -9.299999999999995381, -100.0000000000000000, 42.50000000000000711 ) ) ;
#3375 = CARTESIAN_POINT ( 'NONE',  ( 0.000000000000000000, -125.8626460450250875, 34.99999999999999289 ) ) ;
#3376 = CARTESIAN_POINT ( 'NONE',  ( 5.000000000000003553, -88.00000000000004263, 50.00000000000000711 ) ) ;
#3377 = CARTESIAN_POINT ( 'NONE',  ( -38.50000000000000711, 0.000000000000000000, 36.75000000000002842 ) ) ;
#3378 = EDGE_LOOP ( 'NONE', ( #481, #7921, #7184, #3423 ) ) ;
#3379 = FACE_OUTER_BOUND ( 'NONE', #1905, .T. ) ;
#3380 = EDGE_CURVE ( 'NONE', #7353, #8420, #3437, .T. ) ;
#3381 = VERTEX_POINT ( 'NONE', #7361 ) ;
#3382 = DIRECTION ( 'NONE',  ( 0.000000000000000000, 0.000000000000000000, -1.000000000000000000 ) ) ;
#3383 = EDGE_LOOP ( 'NONE', ( #8604, #8621, #2438, #880 ) ) ;
#3384 = DIRECTION ( 'NONE',  ( -0.000000000000000000, -0.000000000000000000, 1.000000000000000000 ) ) ;
#3385 = FACE_OUTER_BOUND ( 'NONE', #137, .T. ) ;
#3386 = LINE ( 'NONE', #733, #6347 ) ;
#3387 = CARTESIAN_POINT ( 'NONE',  ( 62.00000000000002842, 0.000000000000000000, 47.00000000000000711 ) ) ;
#3388 = ADVANCED_FACE ( 'NONE', ( #5993 ), #7412, .F. ) ;
#3389 = CARTESIAN_POINT ( 'NONE',  ( 36.49999999999998579, 6.000000000000000000, 14.49999999999998046 ) ) ;
#3390 = EDGE_CURVE ( 'NONE', #592, #4794, #3968, .T. ) ;
#3391 = LINE ( 'NONE', #7493, #4915 ) ;
#3392 = CLOSED_SHELL ( 'NONE', ( #1409, #7013, #5201, #7459, #893, #1470, #1777, #2326, #1361, #4313 ) ) ;
#3393 = VERTEX_POINT ( 'NONE', #6119 ) ;
#3394 = DIRECTION ( 'NONE',  ( -1.000000000000000000, 0.000000000000000000, -1.678764654171103998E-16 ) ) ;
#3395 = VERTEX_POINT ( 'NONE', #5453 ) ;
#3396 = ORIENTED_EDGE ( 'NONE', *, *, #1026, .T. ) ;
#3397 = CARTESIAN_POINT ( 'NONE',  ( 49.00000000000000711, -83.50000000000000000, 37.00000000000002132 ) ) ;
#3398 = PLANE ( 'NONE',  #492 ) ;
#3399 = ORIENTED_EDGE ( 'NONE', *, *, #228, .F. ) ;
#3400 = CARTESIAN_POINT ( 'NONE',  ( -64.99999999999997158, -100.0000000000000000, 50.00000000000000711 ) ) ;
#3401 = CARTESIAN_POINT ( 'NONE',  ( 63.00000000000001421, -105.0000000000000142, 47.00000000000000711 ) ) ;
#3402 = AXIS2_PLACEMENT_3D ( 'NONE', #7067, #5874, #2518 ) ;
#3403 = EDGE_CURVE ( 'NONE', #1449, #1382, #4011, .T. ) ;
#3404 = VERTEX_POINT ( 'NONE', #660 ) ;
#3405 = DIRECTION ( 'NONE',  ( 0.000000000000000000, -1.000000000000000000, 0.000000000000000000 ) ) ;
#3406 = VECTOR ( 'NONE', #4657, 1000.000000000000000 ) ;
#3407 = EDGE_CURVE ( 'NONE', #264, #4329, #409, .T. ) ;
#3408 = DIRECTION ( 'NONE',  ( 0.000000000000000000, 0.000000000000000000, -1.000000000000000000 ) ) ;
#3409 = EDGE_CURVE ( 'NONE', #4864, #1571, #6072, .T. ) ;
#3410 = DIRECTION ( 'NONE',  ( -1.000000000000000000, 0.000000000000000000, 1.850371707708594316E-16 ) ) ;
#3411 = ORIENTED_EDGE ( 'NONE', *, *, #4026, .F. ) ;
#3412 = ORIENTED_EDGE ( 'NONE', *, *, #7934, .T. ) ;
#3413 = ADVANCED_FACE ( 'NONE', ( #27 ), #2725, .F. ) ;
#3414 = EDGE_CURVE ( 'NONE', #1233, #3546, #2679, .T. ) ;
#3415 = EDGE_CURVE ( 'NONE', #7366, #6881, #4753, .T. ) ;
#3416 = VERTEX_POINT ( 'NONE', #791 ) ;
#3417 = PLANE ( 'NONE',  #1484 ) ;
#3418 = CARTESIAN_POINT ( 'NONE',  ( 59.00000000000003553, -100.0000000000000000, -43.99999999999999289 ) ) ;
#3419 = DIRECTION ( 'NONE',  ( -0.000000000000000000, -0.000000000000000000, 1.000000000000000000 ) ) ;
#3420 = DIRECTION ( 'NONE',  ( -0.000000000000000000, -1.000000000000000000, 0.000000000000000000 ) ) ;
#3421 = DIRECTION ( 'NONE',  ( 0.000000000000000000, 1.000000000000000000, -0.000000000000000000 ) ) ;
#3422 = CIRCLE ( 'NONE', #4552, 3.000000000000002665 ) ;
#3423 = ORIENTED_EDGE ( 'NONE', *, *, #5444, .T. ) ;
#3424 = FILL_AREA_STYLE_COLOUR ( '', #3061 ) ;
#3425 = EDGE_LOOP ( 'NONE', ( #3900, #4884, #5558, #6784 ) ) ;
#3426 = LINE ( 'NONE', #336, #4718 ) ;
#3427 = VECTOR ( 'NONE', #4396, 1000.000000000000000 ) ;
#3428 = ORIENTED_EDGE ( 'NONE', *, *, #855, .T. ) ;
#3429 = CARTESIAN_POINT ( 'NONE',  ( 59.00000000000002132, -84.99999999999998579, 45.25000000000000711 ) ) ;
#3430 = CARTESIAN_POINT ( 'NONE',  ( -42.00000000000000711, -8.000000000000000000, 40.00000000000002132 ) ) ;
#3431 = FACE_OUTER_BOUND ( 'NONE', #966, .T. ) ;
#3432 = CARTESIAN_POINT ( 'NONE',  ( -6.999999999999995559, -90.00000000000001421, 47.00000000000000711 ) ) ;
#3433 = VECTOR ( 'NONE', #8170, 1000.000000000000000 ) ;
#3434 = CIRCLE ( 'NONE', #429, 0.9999999999999991118 ) ;
#3435 = FACE_OUTER_BOUND ( 'NONE', #8080, .T. ) ;
#3436 = AXIS2_PLACEMENT_3D ( 'NONE', #1275, #6068, #5907 ) ;
#3437 = LINE ( 'NONE', #4793, #1112 ) ;
#3438 = ORIENTED_EDGE ( 'NONE', *, *, #4643, .F. ) ;
#3439 = LINE ( 'NONE', #6963, #2222 ) ;
#3440 = VERTEX_POINT ( 'NONE', #3299 ) ;
#3441 = ORIENTED_EDGE ( 'NONE', *, *, #8101, .T. ) ;
#3442 = DIRECTION ( 'NONE',  ( 0.000000000000000000, 1.000000000000000000, 0.000000000000000000 ) ) ;
#3443 = DIRECTION ( 'NONE',  ( 0.000000000000000000, 1.000000000000000000, 0.000000000000000000 ) ) ;
#3444 = LINE ( 'NONE', #2284, #50 ) ;
#3445 = ORIENTED_EDGE ( 'NONE', *, *, #4649, .T. ) ;
#3446 = LINE ( 'NONE', #3266, #4024 ) ;
#3447 = AXIS2_PLACEMENT_3D ( 'NONE', #2094, #63, #8175 ) ;
#3448 = AXIS2_PLACEMENT_3D ( 'NONE', #6838, #798, #7589 ) ;
#3449 = CARTESIAN_POINT ( 'NONE',  ( -48.99999999999997158, -105.0000000000000142, 46.00000000000001421 ) ) ;
#3450 = ORIENTED_EDGE ( 'NONE', *, *, #1317, .T. ) ;
#3451 = CARTESIAN_POINT ( 'NONE',  ( -57.75735931288073743, -98.00000000000000000, -36.99999999999999289 ) ) ;
#3452 = EDGE_CURVE ( 'NONE', #2655, #7124, #738, .T. ) ;
#3453 = CIRCLE ( 'NONE', #8382, 4.000000000000003553 ) ;
#3454 = DIRECTION ( 'NONE',  ( 9.637352644315596475E-17, 0.000000000000000000, -1.000000000000000000 ) ) ;
#3455 = EDGE_CURVE ( 'NONE', #8709, #4454, #8674, .T. ) ;
#3456 = ORIENTED_EDGE ( 'NONE', *, *, #5317, .T. ) ;
#3457 = LINE ( 'NONE', #4771, #4988 ) ;
#3458 =( GEOMETRIC_REPRESENTATION_CONTEXT ( 3 ) GLOBAL_UNCERTAINTY_ASSIGNED_CONTEXT ( ( #6704 ) ) GLOBAL_UNIT_ASSIGNED_CONTEXT ( ( #4306, #5169, #4508 ) ) REPRESENTATION_CONTEXT ( 'NONE', 'WORKASPACE' ) );
#3459 = VERTEX_POINT ( 'NONE', #5288 ) ;
#3460 = ORIENTED_EDGE ( 'NONE', *, *, #2032, .T. ) ;
#3461 = ORIENTED_EDGE ( 'NONE', *, *, #5494, .T. ) ;
#3462 = CARTESIAN_POINT ( 'NONE',  ( -6.999999999999998224, -104.0000000000000142, 34.99999999999999289 ) ) ;
#3463 = CARTESIAN_POINT ( 'NONE',  ( 62.00000000000002842, -84.99999999999998579, -36.99999999999999289 ) ) ;
#3464 = EDGE_CURVE ( 'NONE', #5196, #3440, #7977, .T. ) ;
#3465 = CARTESIAN_POINT ( 'NONE',  ( -61.99999999999997158, -105.0000000000000142, 47.00000000000000711 ) ) ;
#3466 = CARTESIAN_POINT ( 'NONE',  ( -61.99999999999997158, 7.000000000000000000, -47.99999999999999289 ) ) ;
#3467 = DIRECTION ( 'NONE',  ( -1.000000000000000000, 0.000000000000000000, -0.000000000000000000 ) ) ;
#3468 = VERTEX_POINT ( 'NONE', #7002 ) ;
#3469 = VERTEX_POINT ( 'NONE', #2325 ) ;
#3470 = DIRECTION ( 'NONE',  ( 0.000000000000000000, -1.000000000000000000, 0.000000000000000000 ) ) ;
#3471 = EDGE_LOOP ( 'NONE', ( #3250, #6524 ) ) ;
#3472 = DIRECTION ( 'NONE',  ( -0.000000000000000000, -1.000000000000000000, -0.000000000000000000 ) ) ;
#3473 = DIRECTION ( 'NONE',  ( 0.000000000000000000, 0.000000000000000000, 1.000000000000000000 ) ) ;
#3474 = DIRECTION ( 'NONE',  ( 0.7071067811865459074, -0.7071067811865491270, 0.000000000000000000 ) ) ;
#3475 = CARTESIAN_POINT ( 'NONE',  ( 45.30000000000001847, -100.0000000000000000, 47.00000000000000711 ) ) ;
#3476 = EDGE_CURVE ( 'NONE', #4134, #8315, #7307, .T. ) ;
#3477 = DIRECTION ( 'NONE',  ( -0.5773502691896231775, -0.5773502691896231775, 0.5773502691896310601 ) ) ;
#3478 = DIRECTION ( 'NONE',  ( 0.000000000000000000, 1.000000000000000000, -0.000000000000000000 ) ) ;
#3479 = VERTEX_POINT ( 'NONE', #6206 ) ;
#3480 = DIRECTION ( 'NONE',  ( -0.000000000000000000, -1.000000000000000000, -0.000000000000000000 ) ) ;
#3481 = ORIENTED_EDGE ( 'NONE', *, *, #373, .T. ) ;
#3482 = ORIENTED_EDGE ( 'NONE', *, *, #7047, .F. ) ;
#3483 = CIRCLE ( 'NONE', #3770, 1.249999999999997558 ) ;
#3484 = CARTESIAN_POINT ( 'NONE',  ( -61.99999999999997158, 0.000000000000000000, 46.99999999999998579 ) ) ;
#3485 = CARTESIAN_POINT ( 'NONE',  ( 5.000000000000005329, -105.0000000000000142, 38.00000000000000711 ) ) ;
#3486 = CARTESIAN_POINT ( 'NONE',  ( -33.99999999999998579, -100.0000000000000000, 32.00000000000001421 ) ) ;
#3487 = ORIENTED_EDGE ( 'NONE', *, *, #237, .T. ) ;
#3488 = DIRECTION ( 'NONE',  ( 1.000000000000000000, 0.000000000000000000, 0.000000000000000000 ) ) ;
#3489 = VECTOR ( 'NONE', #6619, 1000.000000000000000 ) ;
#3490 = DIRECTION ( 'NONE',  ( 0.000000000000000000, 0.000000000000000000, 1.000000000000000000 ) ) ;
#3491 = ORIENTED_EDGE ( 'NONE', *, *, #6134, .F. ) ;
#3492 = CARTESIAN_POINT ( 'NONE',  ( 59.00000000000002132, 0.000000000000000000, 44.00000000000000711 ) ) ;
#3493 = EDGE_CURVE ( 'NONE', #3479, #8702, #7627, .T. ) ;
#3494 = CARTESIAN_POINT ( 'NONE',  ( 59.00000000000002132, -105.0000000000000142, 42.25000000000000000 ) ) ;
#3495 = CIRCLE ( 'NONE', #3076, 1.750000000000001554 ) ;
#3496 = ADVANCED_FACE ( 'NONE', ( #210 ), #7048, .F. ) ;
#3497 = VECTOR ( 'NONE', #2507, 1000.000000000000000 ) ;
#3498 = VERTEX_POINT ( 'NONE', #6160 ) ;
#3499 = LINE ( 'NONE', #4954, #1118 ) ;
#3500 = EDGE_CURVE ( 'NONE', #5928, #7782, #2905, .T. ) ;
#3501 = ORIENTED_EDGE ( 'NONE', *, *, #354, .T. ) ;
#3502 = ORIENTED_EDGE ( 'NONE', *, *, #8195, .T. ) ;
#3503 = CIRCLE ( 'NONE', #6319, 1.250000000000001110 ) ;
#3504 = CARTESIAN_POINT ( 'NONE',  ( 0.000000000000000000, -90.00000000000001421, 45.00000000000001421 ) ) ;
#3505 = EDGE_LOOP ( 'NONE', ( #8114, #1206 ) ) ;
#3506 = AXIS2_PLACEMENT_3D ( 'NONE', #3568, #6960, #4364 ) ;
#3507 = DIRECTION ( 'NONE',  ( 0.000000000000000000, 1.000000000000000000, 0.000000000000000000 ) ) ;
#3508 = ADVANCED_FACE ( 'NONE', ( #5587 ), #8368, .T. ) ;
#3509 =( GEOMETRIC_REPRESENTATION_CONTEXT ( 3 ) GLOBAL_UNCERTAINTY_ASSIGNED_CONTEXT ( ( #4679 ) ) GLOBAL_UNIT_ASSIGNED_CONTEXT ( ( #4201, #6529, #6401 ) ) REPRESENTATION_CONTEXT ( 'NONE', 'WORKASPACE' ) );
#3510 = DIRECTION ( 'NONE',  ( 0.000000000000000000, 0.000000000000000000, -1.000000000000000000 ) ) ;
#3511 = CIRCLE ( 'NONE', #5341, 1.750000000000001554 ) ;
#3512 = DIRECTION ( 'NONE',  ( 0.000000000000000000, 0.000000000000000000, -1.000000000000000000 ) ) ;
#3513 = DIRECTION ( 'NONE',  ( -1.000000000000000000, 0.000000000000000000, -0.000000000000000000 ) ) ;
#3514 = EDGE_CURVE ( 'NONE', #2018, #1266, #8276, .T. ) ;
#3515 = VERTEX_POINT ( 'NONE', #3619 ) ;
#3516 = ORIENTED_EDGE ( 'NONE', *, *, #6984, .T. ) ;
#3517 = VERTEX_POINT ( 'NONE', #4932 ) ;
#3518 = EDGE_CURVE ( 'NONE', #1015, #4057, #2814, .T. ) ;
#3519 = CARTESIAN_POINT ( 'NONE',  ( 62.00000000000002842, -105.0000000000000142, -46.99999999999999289 ) ) ;
#3520 = ORIENTED_EDGE ( 'NONE', *, *, #282, .T. ) ;
#3521 = FACE_OUTER_BOUND ( 'NONE', #8332, .T. ) ;
#3522 = CARTESIAN_POINT ( 'NONE',  ( -58.99999999999997158, -84.99999999999998579, 44.00000000000009948 ) ) ;
#3523 = CARTESIAN_POINT ( 'NONE',  ( 31.30000000000000782, -83.50000000000000000, 50.00000000000002842 ) ) ;
#3524 = LINE ( 'NONE', #1622, #5533 ) ;
#3525 = LINE ( 'NONE', #8323, #4999 ) ;
#3526 = VECTOR ( 'NONE', #5038, 1000.000000000000000 ) ;
#3527 = DIRECTION ( 'NONE',  ( 0.000000000000000000, 0.000000000000000000, -1.000000000000000000 ) ) ;
#3528 = ORIENTED_EDGE ( 'NONE', *, *, #600, .F. ) ;
#3529 = DIRECTION ( 'NONE',  ( 1.000000000000000000, 0.000000000000000000, 0.000000000000000000 ) ) ;
#3530 = ORIENTED_EDGE ( 'NONE', *, *, #373, .F. ) ;
#3531 = EDGE_LOOP ( 'NONE', ( #8013, #8518 ) ) ;
#3532 = EDGE_CURVE ( 'NONE', #5654, #1617, #6798, .T. ) ;
#3533 = DIRECTION ( 'NONE',  ( 0.000000000000000000, 0.000000000000000000, 1.000000000000000000 ) ) ;
#3534 = LINE ( 'NONE', #8378, #5470 ) ;
#3535 = CARTESIAN_POINT ( 'NONE',  ( 49.00000000000000000, -83.50000000000000000, -23.24999999999997513 ) ) ;
#3536 = ORIENTED_EDGE ( 'NONE', *, *, #529, .T. ) ;
#3537 = CARTESIAN_POINT ( 'NONE',  ( 47.29999999999998295, 6.000000000000000000, 18.99999999999999645 ) ) ;
#3538 = ORIENTED_EDGE ( 'NONE', *, *, #3818, .F. ) ;
#3539 = DIRECTION ( 'NONE',  ( 0.000000000000000000, 0.000000000000000000, 1.000000000000000000 ) ) ;
#3540 = SURFACE_SIDE_STYLE ('',( #7062 ) ) ;
#3541 = CARTESIAN_POINT ( 'NONE',  ( 62.00000000000002842, -100.0000000000000000, -49.99999999999999289 ) ) ;
#3542 = ADVANCED_FACE ( 'NONE', ( #2947 ), #2857, .F. ) ;
#3543 = EDGE_LOOP ( 'NONE', ( #422, #5005 ) ) ;
#3544 = CYLINDRICAL_SURFACE ( 'NONE', #4504, 3.000000000000002665 ) ;
#3545 = ORIENTED_EDGE ( 'NONE', *, *, #6847, .F. ) ;
#3546 = VERTEX_POINT ( 'NONE', #925 ) ;
#3547 = AXIS2_PLACEMENT_3D ( 'NONE', #3492, #6351, #892 ) ;
#3548 = LINE ( 'NONE', #813, #8499 ) ;
#3549 = ORIENTED_EDGE ( 'NONE', *, *, #4509, .F. ) ;
#3550 = CARTESIAN_POINT ( 'NONE',  ( 44.30000000000000426, -81.50000000000000000, 50.00000000000000711 ) ) ;
#3551 = PRODUCT_RELATED_PRODUCT_CATEGORY ( 'part', '', ( #7319 ) ) ;
#3552 = DIRECTION ( 'NONE',  ( 0.000000000000000000, 0.000000000000000000, 1.000000000000000000 ) ) ;
#3553 = CARTESIAN_POINT ( 'NONE',  ( 49.00000000000000000, -90.50000000000001421, -20.74999999999997868 ) ) ;
#3554 = CARTESIAN_POINT ( 'NONE',  ( 19.00000000000000000, -83.50000000000000000, -21.99999999999997868 ) ) ;
#3555 = ORIENTED_EDGE ( 'NONE', *, *, #8186, .F. ) ;
#3556 = VERTEX_POINT ( 'NONE', #7716 ) ;
#3557 = VERTEX_POINT ( 'NONE', #2144 ) ;
#3558 = LINE ( 'NONE', #2135, #2741 ) ;
#3559 = EDGE_CURVE ( 'NONE', #6848, #7366, #4276, .T. ) ;
#3560 = EDGE_LOOP ( 'NONE', ( #2844, #4610, #6753, #8581 ) ) ;
#3561 = DIRECTION ( 'NONE',  ( 0.000000000000000000, 1.000000000000000000, 0.000000000000000000 ) ) ;
#3562 = DIRECTION ( 'NONE',  ( -0.000000000000000000, 0.000000000000000000, 1.000000000000000000 ) ) ;
#3563 = CARTESIAN_POINT ( 'NONE',  ( -39.70000000000000995, 0.000000000000000000, 18.99999999999999645 ) ) ;
#3564 = AXIS2_PLACEMENT_3D ( 'NONE', #3100, #3718, #7063 ) ;
#3565 = DIRECTION ( 'NONE',  ( 1.000000000000000000, 0.000000000000000000, 0.000000000000000000 ) ) ;
#3566 = AXIS2_PLACEMENT_3D ( 'NONE', #7844, #2454, #1706 ) ;
#3567 = PLANE ( 'NONE',  #5269 ) ;
#3568 = CARTESIAN_POINT ( 'NONE',  ( 19.00000000000000711, -83.50000000000000000, 41.00000000000002842 ) ) ;
#3569 = ORIENTED_EDGE ( 'NONE', *, *, #7517, .F. ) ;
#3570 = DIRECTION ( 'NONE',  ( -0.000000000000000000, -1.000000000000000000, -0.000000000000000000 ) ) ;
#3571 = CIRCLE ( 'NONE', #8492, 4.000000000000010658 ) ;
#3572 = VERTEX_POINT ( 'NONE', #4883 ) ;
#3573 = ORIENTED_EDGE ( 'NONE', *, *, #275, .T. ) ;
#3574 = LINE ( 'NONE', #8282, #4130 ) ;
#3575 = EDGE_CURVE ( 'NONE', #2231, #4505, #5383, .T. ) ;
#3576 = AXIS2_PLACEMENT_3D ( 'NONE', #6858, #243, #3513 ) ;
#3577 = DIRECTION ( 'NONE',  ( -0.7071067811865462405, 0.000000000000000000, 0.7071067811865489050 ) ) ;
#3578 = CARTESIAN_POINT ( 'NONE',  ( 43.29999999999997584, -4.000000000000000000, 21.24999999999999289 ) ) ;
#3579 = ORIENTED_EDGE ( 'NONE', *, *, #2571, .T. ) ;
#3580 = CARTESIAN_POINT ( 'NONE',  ( 19.00000000000000711, -83.50000000000000000, 41.00000000000002842 ) ) ;
#3581 = AXIS2_PLACEMENT_3D ( 'NONE', #2286, #2869, #5554 ) ;
#3582 = VECTOR ( 'NONE', #5679, 1000.000000000000000 ) ;
#3583 = EDGE_CURVE ( 'NONE', #1412, #6568, #4977, .T. ) ;
#3584 = EDGE_CURVE ( 'NONE', #6151, #7387, #7674, .T. ) ;
#3585 = CARTESIAN_POINT ( 'NONE',  ( -6.999999999999991118, -90.00000000000001421, -6.746146851020908042E-16 ) ) ;
#3586 = ORIENTED_EDGE ( 'NONE', *, *, #8301, .T. ) ;
#3587 = DIRECTION ( 'NONE',  ( -0.000000000000000000, -1.000000000000000000, -0.000000000000000000 ) ) ;
#3588 = CIRCLE ( 'NONE', #4707, 1.250000000000007994 ) ;
#3589 = DIRECTION ( 'NONE',  ( -0.000000000000000000, 1.000000000000000000, -0.000000000000000000 ) ) ;
#3590 = PLANE ( 'NONE',  #3143 ) ;
#3591 = VECTOR ( 'NONE', #5641, 1000.000000000000000 ) ;
#3592 = VERTEX_POINT ( 'NONE', #7537 ) ;
#3593 = PLANE ( 'NONE',  #6751 ) ;
#3594 = VECTOR ( 'NONE', #6910, 1000.000000000000000 ) ;
#3595 = VERTEX_POINT ( 'NONE', #4186 ) ;
#3596 = VERTEX_POINT ( 'NONE', #6871 ) ;
#3597 = AXIS2_PLACEMENT_3D ( 'NONE', #653, #3339, #2673 ) ;
#3598 = EDGE_CURVE ( 'NONE', #1354, #7824, #835, .T. ) ;
#3599 = LINE ( 'NONE', #6185, #3994 ) ;
#3600 = ORIENTED_EDGE ( 'NONE', *, *, #7672, .F. ) ;
#3601 = CARTESIAN_POINT ( 'NONE',  ( -6.999999999999988454, 6.071532165918793276E-16, 48.00000000000000711 ) ) ;
#3602 = VECTOR ( 'NONE', #2491, 1000.000000000000000 ) ;
#3603 = DIRECTION ( 'NONE',  ( 1.000000000000000000, 0.000000000000000000, 0.000000000000000000 ) ) ;
#3604 = CARTESIAN_POINT ( 'NONE',  ( 45.30000000000001847, -100.0000000000000000, 39.48013158464289774 ) ) ;
#3605 = DIRECTION ( 'NONE',  ( 0.8374161267956046206, 0.000000000000000000, -0.5465658520092963046 ) ) ;
#3606 = ORIENTED_EDGE ( 'NONE', *, *, #2958, .T. ) ;
#3607 = ORIENTED_EDGE ( 'NONE', *, *, #8166, .F. ) ;
#3608 = ADVANCED_FACE ( 'NONE', ( #1538 ), #4233, .F. ) ;
#3609 = LINE ( 'NONE', #825, #1336 ) ;
#3610 = ORIENTED_EDGE ( 'NONE', *, *, #865, .F. ) ;
#3611 = FACE_OUTER_BOUND ( 'NONE', #8511, .T. ) ;
#3612 = FACE_OUTER_BOUND ( 'NONE', #794, .T. ) ;
#3613 = CARTESIAN_POINT ( 'NONE',  ( 31.30000000000000782, -105.0000000000000142, 37.00000000000003553 ) ) ;
#3614 = CARTESIAN_POINT ( 'NONE',  ( -35.69999999999999574, 0.000000000000000000, -43.00000000000000711 ) ) ;
#3615 = EDGE_CURVE ( 'NONE', #5320, #3623, #8577, .T. ) ;
#3616 = APPLICATION_CONTEXT ( 'automotive_design' ) ;
#3617 = DIRECTION ( 'NONE',  ( -0.000000000000000000, 1.000000000000000000, -0.000000000000000000 ) ) ;
#3618 = ADVANCED_FACE ( 'NONE', ( #2534 ), #3829, .F. ) ;
#3619 = CARTESIAN_POINT ( 'NONE',  ( 33.74999999999999289, 0.000000000000000000, 41.25000000000001421 ) ) ;
#3620 = ORIENTED_EDGE ( 'NONE', *, *, #3634, .T. ) ;
#3621 = DIRECTION ( 'NONE',  ( 0.7071067811865436870, -0.000000000000000000, 0.7071067811865513475 ) ) ;
#3622 = EDGE_CURVE ( 'NONE', #5928, #6006, #1134, .T. ) ;
#3623 = VERTEX_POINT ( 'NONE', #7920 ) ;
#3624 = ORIENTED_EDGE ( 'NONE', *, *, #8020, .F. ) ;
#3625 = DIRECTION ( 'NONE',  ( -0.000000000000000000, 1.000000000000000000, -0.000000000000000000 ) ) ;
#3626 = PLANE ( 'NONE',  #3795 ) ;
#3627 = CARTESIAN_POINT ( 'NONE',  ( -6.999999999999998224, -125.8626460450250875, 35.50000000000000711 ) ) ;
#3628 = ORIENTED_EDGE ( 'NONE', *, *, #1780, .T. ) ;
#3629 = FACE_OUTER_BOUND ( 'NONE', #4178, .T. ) ;
#3630 = DIRECTION ( 'NONE',  ( 0.000000000000000000, -1.000000000000000000, 0.000000000000000000 ) ) ;
#3631 = AXIS2_PLACEMENT_3D ( 'NONE', #3132, #5819, #6520 ) ;
#3632 = ORIENTED_EDGE ( 'NONE', *, *, #2974, .T. ) ;
#3633 = PLANE ( 'NONE',  #7777 ) ;
#3634 = EDGE_CURVE ( 'NONE', #5182, #5936, #2709, .T. ) ;
#3635 = EDGE_CURVE ( 'NONE', #5701, #8048, #3701, .T. ) ;
#3636 = FACE_OUTER_BOUND ( 'NONE', #3902, .T. ) ;
#3637 = CARTESIAN_POINT ( 'NONE',  ( -61.99999999999997158, -60.00000000000000000, 0.2000000000000057288 ) ) ;
#3638 = AXIS2_PLACEMENT_3D ( 'NONE', #57, #5525, #99 ) ;
#3639 = ORIENTED_EDGE ( 'NONE', *, *, #4101, .F. ) ;
#3640 = LINE ( 'NONE', #8304, #3807 ) ;
#3641 = ORIENTED_EDGE ( 'NONE', *, *, #5021, .F. ) ;
#3642 = VERTEX_POINT ( 'NONE', #5151 ) ;
#3643 = CARTESIAN_POINT ( 'NONE',  ( -8.999999999999959144, 6.999999999999994671, 50.00000000000000711 ) ) ;
#3644 = ADVANCED_FACE ( 'NONE', ( #3036 ), #5764, .F. ) ;
#3645 = ORIENTED_EDGE ( 'NONE', *, *, #4606, .T. ) ;
#3646 = CARTESIAN_POINT ( 'NONE',  ( -61.99999999999997158, -105.0000000000000142, -47.99999999999997868 ) ) ;
#3647 = VECTOR ( 'NONE', #2327, 1000.000000000000000 ) ;
#3648 = DIRECTION ( 'NONE',  ( 0.000000000000000000, 0.000000000000000000, -1.000000000000000000 ) ) ;
#3649 = FACE_OUTER_BOUND ( 'NONE', #1511, .T. ) ;
#3650 = ORIENTED_EDGE ( 'NONE', *, *, #7707, .F. ) ;
#3651 = VECTOR ( 'NONE', #5690, 1000.000000000000000 ) ;
#3652 = LINE ( 'NONE', #5664, #1764 ) ;
#3653 = ORIENTED_EDGE ( 'NONE', *, *, #6382, .F. ) ;
#3654 = FACE_BOUND ( 'NONE', #432, .T. ) ;
#3655 = DIRECTION ( 'NONE',  ( 1.901066822988281950E-16, 0.000000000000000000, -1.000000000000000000 ) ) ;
#3656 = CARTESIAN_POINT ( 'NONE',  ( -58.99999999999997158, -100.0000000000000000, 44.00000000000009948 ) ) ;
#3657 = AXIS2_PLACEMENT_3D ( 'NONE', #1055, #4495, #436 ) ;
#3658 = CARTESIAN_POINT ( 'NONE',  ( -58.99999999999994316, -87.28768939877069499, -45.25000000000012790 ) ) ;
#3659 = EDGE_CURVE ( 'NONE', #3158, #1824, #8535, .T. ) ;
#3660 = CARTESIAN_POINT ( 'NONE',  ( -57.99999999999997868, -60.00000000000000000, -26.19999999999999574 ) ) ;
#3661 = LINE ( 'NONE', #2455, #1941 ) ;
#3662 = VERTEX_POINT ( 'NONE', #3747 ) ;
#3663 = ORIENTED_EDGE ( 'NONE', *, *, #1552, .T. ) ;
#3664 = CIRCLE ( 'NONE', #1258, 1.750000000000001554 ) ;
#3665 = DIRECTION ( 'NONE',  ( 0.000000000000000000, -1.000000000000000000, 0.000000000000000000 ) ) ;
#3666 = CARTESIAN_POINT ( 'NONE',  ( -52.00000000000004263, -98.00000000000000000, -47.00000000000000000 ) ) ;
#3667 = CARTESIAN_POINT ( 'NONE',  ( 19.00000000000000000, -83.50000000000000000, -23.24999999999997868 ) ) ;
#3668 = ORIENTED_EDGE ( 'NONE', *, *, #5235, .T. ) ;
#3669 = CARTESIAN_POINT ( 'NONE',  ( -64.99999999999997158, -95.50000000000000000, 50.00000000000000711 ) ) ;
#3670 = EDGE_CURVE ( 'NONE', #574, #1291, #4485, .T. ) ;
#3671 = CARTESIAN_POINT ( 'NONE',  ( -27.50000000000000355, 4.000000000000000000, 41.75000000000001421 ) ) ;
#3672 = CARTESIAN_POINT ( 'NONE',  ( 40.00000000000000711, -44.99999999999999289, -50.00099999999999767 ) ) ;
#3673 = ORIENTED_EDGE ( 'NONE', *, *, #3584, .F. ) ;
#3674 = LINE ( 'NONE', #1551, #2550 ) ;
#3675 = PLANE ( 'NONE',  #773 ) ;
#3676 = FACE_OUTER_BOUND ( 'NONE', #5911, .T. ) ;
#3677 = ADVANCED_FACE ( 'NONE', ( #7177 ), #1750, .F. ) ;
#3678 = ORIENTED_EDGE ( 'NONE', *, *, #2306, .T. ) ;
#3679 = DIRECTION ( 'NONE',  ( -5.551115123125777772E-16, -0.000000000000000000, 1.000000000000000000 ) ) ;
#3680 = ORIENTED_EDGE ( 'NONE', *, *, #4947, .T. ) ;
#3681 = ORIENTED_EDGE ( 'NONE', *, *, #8103, .F. ) ;
#3682 = EDGE_CURVE ( 'NONE', #6630, #826, #6556, .T. ) ;
#3683 = CARTESIAN_POINT ( 'NONE',  ( -61.99999999999997158, 7.000000000000000000, 47.00000000000000711 ) ) ;
#3684 = ORIENTED_EDGE ( 'NONE', *, *, #6934, .F. ) ;
#3685 = DIRECTION ( 'NONE',  ( -1.000000000000000000, 0.000000000000000000, -9.505334114941409750E-17 ) ) ;
#3686 = LINE ( 'NONE', #6367, #8428 ) ;
#3687 = EDGE_CURVE ( 'NONE', #4505, #6289, #389, .T. ) ;
#3688 = EDGE_CURVE ( 'NONE', #5371, #8193, #8454, .T. ) ;
#3689 = CARTESIAN_POINT ( 'NONE',  ( 62.00000000000002842, -101.5358983848622927, -49.99999999999999289 ) ) ;
#3690 = EDGE_CURVE ( 'NONE', #3556, #3595, #4450, .T. ) ;
#3691 = DIRECTION ( 'NONE',  ( -0.000000000000000000, -0.000000000000000000, 1.000000000000000000 ) ) ;
#3692 = CIRCLE ( 'NONE', #4107, 1.249999999999997558 ) ;
#3693 = ORIENTED_EDGE ( 'NONE', *, *, #3785, .T. ) ;
#3694 = DIRECTION ( 'NONE',  ( -1.000000000000000000, -0.000000000000000000, -0.000000000000000000 ) ) ;
#3695 = EDGE_LOOP ( 'NONE', ( #6228, #2644, #168, #1799 ) ) ;
#3696 = DIRECTION ( 'NONE',  ( 0.000000000000000000, 0.000000000000000000, -1.000000000000000000 ) ) ;
#3697 = CARTESIAN_POINT ( 'NONE',  ( 65.00000000000002842, -105.0000000000000142, 47.00000000000000711 ) ) ;
#3698 = CARTESIAN_POINT ( 'NONE',  ( 36.49999999999998579, 6.000000000000000000, -35.50000000000001421 ) ) ;
#3699 = FACE_OUTER_BOUND ( 'NONE', #1539, .T. ) ;
#3700 = CARTESIAN_POINT ( 'NONE',  ( 19.00000000000000000, -90.50000000000001421, -21.99999999999997868 ) ) ;
#3701 = LINE ( 'NONE', #5895, #2152 ) ;
#3702 = CARTESIAN_POINT ( 'NONE',  ( 0.000000000000000000, -90.00000000000001421, 45.00000000000001421 ) ) ;
#3703 = ORIENTED_EDGE ( 'NONE', *, *, #5427, .F. ) ;
#3704 = ORIENTED_EDGE ( 'NONE', *, *, #2765, .T. ) ;
#3705 = DIRECTION ( 'NONE',  ( -0.000000000000000000, 1.000000000000000000, -0.000000000000000000 ) ) ;
#3706 = VECTOR ( 'NONE', #4110, 1000.000000000000000 ) ;
#3707 = EDGE_CURVE ( 'NONE', #2338, #185, #2565, .T. ) ;
#3708 = CARTESIAN_POINT ( 'NONE',  ( 59.00000000000002132, -89.05545635173707808, 42.75000000000000000 ) ) ;
#3709 = CARTESIAN_POINT ( 'NONE',  ( 19.00000000000000000, -83.50000000000000000, -21.99999999999997868 ) ) ;
#3710 = EDGE_LOOP ( 'NONE', ( #1081, #5087, #1039, #1279 ) ) ;
#3711 = CARTESIAN_POINT ( 'NONE',  ( 28.29999999999999005, -100.0000000000000000, 48.00000000000004974 ) ) ;
#3712 = VECTOR ( 'NONE', #7169, 1000.000000000000000 ) ;
#3713 = CARTESIAN_POINT ( 'NONE',  ( -38.00000000000000000, -88.00000000000004263, 50.00000000000000711 ) ) ;
#3714 = CARTESIAN_POINT ( 'NONE',  ( -6.999999999999993783, -100.0000000000000000, 47.00000000000000711 ) ) ;
#3715 = ORIENTED_EDGE ( 'NONE', *, *, #8029, .T. ) ;
#3716 = CARTESIAN_POINT ( 'NONE',  ( -61.99999999999995737, -100.0000000000000000, -37.00000000000012790 ) ) ;
#3717 = VECTOR ( 'NONE', #8221, 1000.000000000000000 ) ;
#3718 = DIRECTION ( 'NONE',  ( 0.000000000000000000, -1.000000000000000000, 0.000000000000000000 ) ) ;
#3719 = EDGE_CURVE ( 'NONE', #1467, #4057, #3204, .T. ) ;
#3720 = VECTOR ( 'NONE', #5540, 1000.000000000000114 ) ;
#3721 = CIRCLE ( 'NONE', #4830, 1.250000000000001110 ) ;
#3722 = ORIENTED_EDGE ( 'NONE', *, *, #658, .T. ) ;
#3723 = VECTOR ( 'NONE', #7084, 1000.000000000000000 ) ;
#3724 = CARTESIAN_POINT ( 'NONE',  ( 65.00000000000002842, -100.0000000000000000, -46.99999999999999289 ) ) ;
#3725 = EDGE_CURVE ( 'NONE', #5805, #4265, #2365, .T. ) ;
#3726 = AXIS2_PLACEMENT_3D ( 'NONE', #6539, #8523, #7247 ) ;
#3727 = ORIENTED_EDGE ( 'NONE', *, *, #619, .F. ) ;
#3728 = ORIENTED_EDGE ( 'NONE', *, *, #6922, .T. ) ;
#3729 = LINE ( 'NONE', #371, #5808 ) ;
#3730 = EDGE_CURVE ( 'NONE', #2062, #41, #6469, .T. ) ;
#3731 = ORIENTED_EDGE ( 'NONE', *, *, #7399, .F. ) ;
#3732 = AXIS2_PLACEMENT_3D ( 'NONE', #6205, #158, #5541 ) ;
#3733 = DIRECTION ( 'NONE',  ( -0.000000000000000000, 1.000000000000000000, -0.000000000000000000 ) ) ;
#3734 = DIRECTION ( 'NONE',  ( 0.000000000000000000, 0.000000000000000000, -1.000000000000000000 ) ) ;
#3735 = VECTOR ( 'NONE', #1056, 1000.000000000000000 ) ;
#3736 = VERTEX_POINT ( 'NONE', #3120 ) ;
#3737 = EDGE_CURVE ( 'NONE', #2537, #5069, #5122, .T. ) ;
#3738 = CARTESIAN_POINT ( 'NONE',  ( -58.99999999999997158, -100.0000000000000000, 42.75000000000009948 ) ) ;
#3739 = ORIENTED_EDGE ( 'NONE', *, *, #7778, .T. ) ;
#3740 = AXIS2_PLACEMENT_3D ( 'NONE', #3989, #6671, #638 ) ;
#3741 = LINE ( 'NONE', #3162, #3427 ) ;
#3742 = DIRECTION ( 'NONE',  ( 0.000000000000000000, -0.7071067811865491270, 0.7071067811865459074 ) ) ;
#3743 = CARTESIAN_POINT ( 'NONE',  ( -55.99999999999996447, -60.00000000000000000, -25.19999999999999574 ) ) ;
#3744 = AXIS2_PLACEMENT_3D ( 'NONE', #5354, #5972, #2616 ) ;
#3745 = PLANE ( 'NONE',  #7363 ) ;
#3746 = CARTESIAN_POINT ( 'NONE',  ( -62.00000000000002842, -98.00000000000000000, -36.99999999999999289 ) ) ;
#3747 = CARTESIAN_POINT ( 'NONE',  ( 52.00000000000004263, -100.0000000000000000, -47.00000000000000000 ) ) ;
#3748 = PLANE ( 'NONE',  #2931 ) ;
#3749 = VECTOR ( 'NONE', #5211, 1000.000000000000000 ) ;
#3750 = ORIENTED_EDGE ( 'NONE', *, *, #4551, .T. ) ;
#3751 = VERTEX_POINT ( 'NONE', #2708 ) ;
#3752 = DIRECTION ( 'NONE',  ( 0.7071067811865465735, -0.000000000000000000, -0.7071067811865485719 ) ) ;
#3753 = EDGE_LOOP ( 'NONE', ( #4180, #1464, #1785, #6350 ) ) ;
#3754 = FACE_BOUND ( 'NONE', #7878, .T. ) ;
#3755 = DIRECTION ( 'NONE',  ( 0.7071067811865460184, -0.7071067811865490160, 0.000000000000000000 ) ) ;
#3756 = EDGE_CURVE ( 'NONE', #5971, #1729, #4661, .T. ) ;
#3757 = EDGE_LOOP ( 'NONE', ( #2489, #4682 ) ) ;
#3758 = PLANE ( 'NONE',  #7377 ) ;
#3759 = LINE ( 'NONE', #2381, #3195 ) ;
#3760 = CARTESIAN_POINT ( 'NONE',  ( -64.99999999999997158, -100.0000000000000000, 47.00000000000000711 ) ) ;
#3761 = ORIENTED_EDGE ( 'NONE', *, *, #987, .T. ) ;
#3762 = CARTESIAN_POINT ( 'NONE',  ( 27.49999999999999645, 7.000000000000000000, 35.00000000000000711 ) ) ;
#3763 = DIRECTION ( 'NONE',  ( 0.000000000000000000, 0.000000000000000000, -1.000000000000000000 ) ) ;
#3764 = CARTESIAN_POINT ( 'NONE',  ( -38.50000000000000711, 10.53553390593273775, 35.00000000000002132 ) ) ;
#3765 = ORIENTED_EDGE ( 'NONE', *, *, #4800, .T. ) ;
#3766 = EDGE_CURVE ( 'NONE', #7782, #7249, #2756, .T. ) ;
#3767 = CARTESIAN_POINT ( 'NONE',  ( -36.99999999999999289, -90.00000000000001421, 33.00000000000001421 ) ) ;
#3768 = ORIENTED_EDGE ( 'NONE', *, *, #7346, .T. ) ;
#3769 = ORIENTED_EDGE ( 'NONE', *, *, #5302, .F. ) ;
#3770 = AXIS2_PLACEMENT_3D ( 'NONE', #1704, #2453, #5064 ) ;
#3771 = DIRECTION ( 'NONE',  ( -0.7071067811865475727, 0.000000000000000000, -0.7071067811865475727 ) ) ;
#3772 = ORIENTED_EDGE ( 'NONE', *, *, #4244, .F. ) ;
#3773 = EDGE_CURVE ( 'NONE', #5332, #8520, #3247, .T. ) ;
#3774 = EDGE_CURVE ( 'NONE', #2268, #140, #8662, .T. ) ;
#3775 = DIRECTION ( 'NONE',  ( 0.000000000000000000, -1.000000000000000000, 0.000000000000000000 ) ) ;
#3776 = CARTESIAN_POINT ( 'NONE',  ( -8.626407040611047148E-15, -83.50000000000000000, 47.99999999999997868 ) ) ;
#3777 = VERTEX_POINT ( 'NONE', #3377 ) ;
#3778 = DIRECTION ( 'NONE',  ( -0.000000000000000000, 1.000000000000000000, -0.000000000000000000 ) ) ;
#3779 = ORIENTED_EDGE ( 'NONE', *, *, #2466, .T. ) ;
#3780 = CYLINDRICAL_SURFACE ( 'NONE', #1447, 1.250000000000001110 ) ;
#3781 = DIRECTION ( 'NONE',  ( -0.000000000000000000, -1.000000000000000000, -0.000000000000000000 ) ) ;
#3782 = LINE ( 'NONE', #5060, #5330 ) ;
#3783 = CARTESIAN_POINT ( 'NONE',  ( -6.999999999999993783, -105.0000000000000142, 47.00000000000000711 ) ) ;
#3784 = AXIS2_PLACEMENT_3D ( 'NONE', #6919, #2948, #741 ) ;
#3785 = EDGE_CURVE ( 'NONE', #8266, #670, #6229, .T. ) ;
#3786 = DIRECTION ( 'NONE',  ( 0.000000000000000000, -1.000000000000000000, 0.000000000000000000 ) ) ;
#3787 = CARTESIAN_POINT ( 'NONE',  ( 52.00000000000004263, -98.00000000000000000, -47.00000000000000000 ) ) ;
#3788 = EDGE_CURVE ( 'NONE', #4187, #2122, #7654, .T. ) ;
#3789 = AXIS2_PLACEMENT_3D ( 'NONE', #4764, #5379, #2825 ) ;
#3790 = FACE_BOUND ( 'NONE', #3187, .T. ) ;
#3791 = AXIS2_PLACEMENT_3D ( 'NONE', #5189, #7881, #8087 ) ;
#3792 = ORIENTED_EDGE ( 'NONE', *, *, #3042, .F. ) ;
#3793 = ORIENTED_EDGE ( 'NONE', *, *, #3414, .T. ) ;
#3794 = DIRECTION ( 'NONE',  ( 0.000000000000000000, 0.000000000000000000, -1.000000000000000000 ) ) ;
#3795 = AXIS2_PLACEMENT_3D ( 'NONE', #4327, #2199, #4938 ) ;
#3796 = ORIENTED_EDGE ( 'NONE', *, *, #641, .T. ) ;
#3797 = DIRECTION ( 'NONE',  ( 0.000000000000000000, -0.000000000000000000, -1.000000000000000000 ) ) ;
#3798 = CARTESIAN_POINT ( 'NONE',  ( 33.75000000000000000, 26.09188309203678102, 28.75000000000000355 ) ) ;
#3799 = ORIENTED_EDGE ( 'NONE', *, *, #1758, .T. ) ;
#3800 = FACE_OUTER_BOUND ( 'NONE', #6210, .T. ) ;
#3801 = CIRCLE ( 'NONE', #5618, 4.500000000000003553 ) ;
#3802 = PRESENTATION_LAYER_ASSIGNMENT (  '', '', ( #7172 ) ) ;
#3803 = CARTESIAN_POINT ( 'NONE',  ( -61.99999999999997158, -100.0000000000000000, -49.99999999999999289 ) ) ;
#3804 = CARTESIAN_POINT ( 'NONE',  ( 65.00000000000002842, 3.535898384862257160, -46.99999999999999289 ) ) ;
#3805 = EDGE_LOOP ( 'NONE', ( #4043, #4282, #393, #2818, #8176, #8136, #8712, #5922 ) ) ;
#3806 = DIRECTION ( 'NONE',  ( -0.000000000000000000, 1.000000000000000000, -0.000000000000000000 ) ) ;
#3807 = VECTOR ( 'NONE', #1512, 1000.000000000000000 ) ;
#3808 = EDGE_CURVE ( 'NONE', #3345, #2499, #4781, .T. ) ;
#3809 = CARTESIAN_POINT ( 'NONE',  ( 0.000000000000000000, -4.000000000000000000, 0.000000000000000000 ) ) ;
#3810 = DIRECTION ( 'NONE',  ( -0.000000000000000000, 1.000000000000000000, -0.000000000000000000 ) ) ;
#3811 = ORIENTED_EDGE ( 'NONE', *, *, #3464, .F. ) ;
#3812 = DIRECTION ( 'NONE',  ( 0.000000000000000000, 0.000000000000000000, -1.000000000000000000 ) ) ;
#3813 = VERTEX_POINT ( 'NONE', #8093 ) ;
#3814 = VECTOR ( 'NONE', #4017, 1000.000000000000000 ) ;
#3815 = EDGE_LOOP ( 'NONE', ( #2925, #234, #6239, #6371 ) ) ;
#3816 = CARTESIAN_POINT ( 'NONE',  ( 49.50000000000001421, -84.99999999999998579, 49.50000000000001421 ) ) ;
#3817 = ORIENTED_EDGE ( 'NONE', *, *, #809, .F. ) ;
#3818 = EDGE_CURVE ( 'NONE', #19, #2169, #4703, .T. ) ;
#3819 = AXIS2_PLACEMENT_3D ( 'NONE', #2265, #4390, #4920 ) ;
#3820 = CYLINDRICAL_SURFACE ( 'NONE', #1178, 1.750000000000001554 ) ;
#3821 = ORIENTED_EDGE ( 'NONE', *, *, #762, .T. ) ;
#3822 = LINE ( 'NONE', #1655, #7530 ) ;
#3823 = ORIENTED_EDGE ( 'NONE', *, *, #4173, .T. ) ;
#3824 = DIRECTION ( 'NONE',  ( 1.000000000000000000, 0.000000000000000000, -0.000000000000000000 ) ) ;
#3825 = FACE_OUTER_BOUND ( 'NONE', #2042, .T. ) ;
#3826 = CARTESIAN_POINT ( 'NONE',  ( 43.29999999999999005, -4.000000000000000000, -44.75000000000001421 ) ) ;
#3827 = LINE ( 'NONE', #6381, #8541 ) ;
#3828 = VECTOR ( 'NONE', #6143, 1000.000000000000000 ) ;
#3829 = PLANE ( 'NONE',  #3566 ) ;
#3830 = DIRECTION ( 'NONE',  ( 0.000000000000000000, 0.000000000000000000, -1.000000000000000000 ) ) ;
#3831 = ORIENTED_EDGE ( 'NONE', *, *, #2602, .F. ) ;
#3832 = VERTEX_POINT ( 'NONE', #6105 ) ;
#3833 = CARTESIAN_POINT ( 'NONE',  ( -41.57526077778262419, -90.00000000000001421, 32.00000000000001421 ) ) ;
#3834 = VERTEX_POINT ( 'NONE', #1964 ) ;
#3835 = CARTESIAN_POINT ( 'NONE',  ( -35.69999999999999574, 11.94974746830584600, -43.00000000000000711 ) ) ;
#3836 = FACE_OUTER_BOUND ( 'NONE', #2004, .T. ) ;
#3837 = EDGE_LOOP ( 'NONE', ( #5597, #4691 ) ) ;
#3838 = CARTESIAN_POINT ( 'NONE',  ( -58.99999999999997158, -105.0000000000000142, 45.75000000000010658 ) ) ;
#3839 =( BOUNDED_CURVE ( )  B_SPLINE_CURVE ( 3, ( #5552, #2200, #2822, #262 ),
 .UNSPECIFIED., .F., .T. ) 
 B_SPLINE_CURVE_WITH_KNOTS ( ( 4, 4 ),
 ( 2.356194490192346169, 3.926990816987242283 ),
 .UNSPECIFIED. ) 
 CURVE ( )  GEOMETRIC_REPRESENTATION_ITEM ( )  RATIONAL_B_SPLINE_CURVE ( ( 1.000000000000000000, 0.8047378541243650485, 0.8047378541243650485, 1.000000000000000000 ) ) 
 REPRESENTATION_ITEM ( '' )  );
#3840 = CYLINDRICAL_SURFACE ( 'NONE', #1509, 4.000000000000000000 ) ;
#3841 = DIRECTION ( 'NONE',  ( -1.000000000000000000, 0.000000000000000000, 0.000000000000000000 ) ) ;
#3842 = VERTEX_POINT ( 'NONE', #8047 ) ;
#3843 = LINE ( 'NONE', #1196, #132 ) ;
#3844 = ORIENTED_EDGE ( 'NONE', *, *, #1198, .F. ) ;
#3845 = PLANE ( 'NONE',  #7875 ) ;
#3846 = DIRECTION ( 'NONE',  ( 0.000000000000000000, 1.000000000000000000, -0.000000000000000000 ) ) ;
#3847 = DIRECTION ( 'NONE',  ( 0.000000000000000000, 1.000000000000000000, 0.000000000000000000 ) ) ;
#3848 = EDGE_CURVE ( 'NONE', #8501, #8564, #5933, .T. ) ;
#3849 = VECTOR ( 'NONE', #3272, 1000.000000000000000 ) ;
#3850 = AXIS2_PLACEMENT_3D ( 'NONE', #6595, #1307, #559 ) ;
#3851 = ORIENTED_EDGE ( 'NONE', *, *, #2684, .T. ) ;
#3852 = CYLINDRICAL_SURFACE ( 'NONE', #3402, 3.000000000000002665 ) ;
#3853 = ORIENTED_EDGE ( 'NONE', *, *, #1853, .T. ) ;
#3854 = ORIENTED_EDGE ( 'NONE', *, *, #3670, .F. ) ;
#3855 = AXIS2_PLACEMENT_3D ( 'NONE', #2490, #8405, #5797 ) ;
#3856 = CARTESIAN_POINT ( 'NONE',  ( 62.00000000000002842, 3.535898384862256716, -46.99999999999999289 ) ) ;
#3857 = AXIS2_PLACEMENT_3D ( 'NONE', #3418, #6013, #7436 ) ;
#3858 = EDGE_LOOP ( 'NONE', ( #3877, #5473, #1188, #7287 ) ) ;
#3859 = VECTOR ( 'NONE', #4010, 999.9999999999998863 ) ;
#3860 = VECTOR ( 'NONE', #3237, 1000.000000000000000 ) ;
#3861 = VECTOR ( 'NONE', #888, 1000.000000000000000 ) ;
#3862 = VECTOR ( 'NONE', #6878, 1000.000000000000000 ) ;
#3863 = CARTESIAN_POINT ( 'NONE',  ( 42.30000000000000426, -105.0000000000000142, 45.00000000000003553 ) ) ;
#3864 = ORIENTED_EDGE ( 'NONE', *, *, #4448, .T. ) ;
#3865 = CARTESIAN_POINT ( 'NONE',  ( -55.99018758282579000, -88.17851130197766452, 46.99999999999998579 ) ) ;
#3866 = ORIENTED_EDGE ( 'NONE', *, *, #3269, .F. ) ;
#3867 = CARTESIAN_POINT ( 'NONE',  ( -51.99999999999999289, -100.0000000000000000, 49.00000000000002842 ) ) ;
#3868 = LINE ( 'NONE', #1345, #4014 ) ;
#3869 = CARTESIAN_POINT ( 'NONE',  ( 59.00000000000002132, -89.05545635173707808, 42.75000000000000000 ) ) ;
#3870 = VECTOR ( 'NONE', #5998, 1000.000000000000000 ) ;
#3871 = CARTESIAN_POINT ( 'NONE',  ( 0.000000000000000000, -100.0000000000000000, 0.000000000000000000 ) ) ;
#3872 = CARTESIAN_POINT ( 'NONE',  ( 0.000000000000000000, 7.000000000000000000, 48.00000000000000711 ) ) ;
#3873 = ORIENTED_EDGE ( 'NONE', *, *, #4026, .T. ) ;
#3874 = CARTESIAN_POINT ( 'NONE',  ( -35.70000000000000995, 0.000000000000000000, 21.24999999999999289 ) ) ;
#3875 = ADVANCED_FACE ( 'NONE', ( #8007, #2002 ), #5440, .T. ) ;
#3876 = VERTEX_POINT ( 'NONE', #599 ) ;
#3877 = ORIENTED_EDGE ( 'NONE', *, *, #1147, .T. ) ;
#3878 = AXIS2_PLACEMENT_3D ( 'NONE', #2946, #6959, #7000 ) ;
#3879 = CARTESIAN_POINT ( 'NONE',  ( 36.49999999999998579, 7.000000000000000000, 15.49999999999997868 ) ) ;
#3880 = VECTOR ( 'NONE', #6689, 1000.000000000000000 ) ;
#3881 = ORIENTED_EDGE ( 'NONE', *, *, #3380, .F. ) ;
#3882 = CARTESIAN_POINT ( 'NONE',  ( 49.00000000000000000, -100.0000000000000000, -17.99999999999997513 ) ) ;
#3883 = DIRECTION ( 'NONE',  ( -0.5773502691896231775, 0.5773502691896231775, 0.5773502691896310601 ) ) ;
#3884 = ADVANCED_FACE ( 'NONE', ( #1265, #4742 ), #646, .T. ) ;
#3885 = VERTEX_POINT ( 'NONE', #8614 ) ;
#3886 = DIRECTION ( 'NONE',  ( -1.000000000000000000, 0.000000000000000000, 0.000000000000000000 ) ) ;
#3887 = EDGE_CURVE ( 'NONE', #6019, #6199, #5272, .T. ) ;
#3888 = EDGE_CURVE ( 'NONE', #8718, #560, #8701, .T. ) ;
#3889 = STYLED_ITEM ( 'NONE', ( #8554 ), #7871 ) ;
#3890 = FACE_OUTER_BOUND ( 'NONE', #6839, .T. ) ;
#3891 = ORIENTED_EDGE ( 'NONE', *, *, #7018, .F. ) ;
#3892 = LINE ( 'NONE', #6569, #6188 ) ;
#3893 = ORIENTED_EDGE ( 'NONE', *, *, #2678, .F. ) ;
#3894 = LINE ( 'NONE', #1283, #8220 ) ;
#3895 = DIRECTION ( 'NONE',  ( -9.505334114941409750E-17, 0.000000000000000000, 1.000000000000000000 ) ) ;
#3896 = EDGE_CURVE ( 'NONE', #1497, #7124, #3422, .T. ) ;
#3897 = EDGE_CURVE ( 'NONE', #4329, #264, #745, .T. ) ;
#3898 = ORIENTED_EDGE ( 'NONE', *, *, #227, .T. ) ;
#3899 = CYLINDRICAL_SURFACE ( 'NONE', #2415, 1.750000000000005107 ) ;
#3900 = ORIENTED_EDGE ( 'NONE', *, *, #1093, .T. ) ;
#3901 = EDGE_CURVE ( 'NONE', #1843, #7068, #4083, .T. ) ;
#3902 = EDGE_LOOP ( 'NONE', ( #5157, #2621, #4887, #8642 ) ) ;
#3903 = CARTESIAN_POINT ( 'NONE',  ( -52.00000000000000711, -100.0000000000000000, 32.00000000000001421 ) ) ;
#3904 = ORIENTED_EDGE ( 'NONE', *, *, #7774, .F. ) ;
#3905 = LINE ( 'NONE', #3863, #8356 ) ;
#3906 = AXIS2_PLACEMENT_3D ( 'NONE', #1347, #4740, #1387 ) ;
#3907 = ORIENTED_EDGE ( 'NONE', *, *, #5668, .F. ) ;
#3908 = EDGE_CURVE ( 'NONE', #6428, #2443, #1451, .T. ) ;
#3909 = EDGE_CURVE ( 'NONE', #7748, #1788, #778, .T. ) ;
#3910 = DIRECTION ( 'NONE',  ( -0.000000000000000000, -0.7071067811865491270, -0.7071067811865459074 ) ) ;
#3911 = VERTEX_POINT ( 'NONE', #2180 ) ;
#3912 = DIRECTION ( 'NONE',  ( 1.000000000000000000, 0.000000000000000000, 5.595882180570346659E-17 ) ) ;
#3913 = CARTESIAN_POINT ( 'NONE',  ( 42.30000000000000426, -93.50000000000000000, 50.00000000000002842 ) ) ;
#3914 = VECTOR ( 'NONE', #144, 1000.000000000000000 ) ;
#3915 = CARTESIAN_POINT ( 'NONE',  ( -61.99999999999995737, 0.000000000000000000, -44.00000000000000000 ) ) ;
#3916 = DIRECTION ( 'NONE',  ( -0.000000000000000000, 1.000000000000000000, -0.000000000000000000 ) ) ;
#3917 = VERTEX_POINT ( 'NONE', #7525 ) ;
#3918 = LINE ( 'NONE', #4620, #1104 ) ;
#3919 = ORIENTED_EDGE ( 'NONE', *, *, #3575, .T. ) ;
#3920 = FACE_OUTER_BOUND ( 'NONE', #5238, .T. ) ;
#3921 = ORIENTED_EDGE ( 'NONE', *, *, #5520, .T. ) ;
#3922 = CARTESIAN_POINT ( 'NONE',  ( 27.49999999999999645, 7.000000000000000000, 39.50000000000001421 ) ) ;
#3923 = CARTESIAN_POINT ( 'NONE',  ( -82.66666666666633034, -56.33333333333365545, 81.66666666666682772 ) ) ;
#3924 = ORIENTED_EDGE ( 'NONE', *, *, #2204, .T. ) ;
#3925 = DIRECTION ( 'NONE',  ( 0.000000000000000000, 0.000000000000000000, -1.000000000000000000 ) ) ;
#3926 = EDGE_CURVE ( 'NONE', #7338, #3596, #4824, .T. ) ;
#3927 = CIRCLE ( 'NONE', #5327, 1.250000000000001110 ) ;
#3928 = CARTESIAN_POINT ( 'NONE',  ( -61.99999999999997158, -101.5358983848622927, 50.00000000000000711 ) ) ;
#3929 = CARTESIAN_POINT ( 'NONE',  ( 59.00000000000002132, -87.28768939877066657, 45.25000000000000711 ) ) ;
#3930 = ORIENTED_EDGE ( 'NONE', *, *, #3926, .F. ) ;
#3931 = LINE ( 'NONE', #3262, #851 ) ;
#3932 = ORIENTED_EDGE ( 'NONE', *, *, #3476, .F. ) ;
#3933 = VECTOR ( 'NONE', #3478, 1000.000000000000000 ) ;
#3934 = FACE_OUTER_BOUND ( 'NONE', #7375, .T. ) ;
#3935 = LINE ( 'NONE', #5952, #624 ) ;
#3936 = ADVANCED_FACE ( 'NONE', ( #6236 ), #2803, .F. ) ;
#3937 = DIRECTION ( 'NONE',  ( 0.000000000000000000, 0.000000000000000000, -1.000000000000000000 ) ) ;
#3938 = AXIS2_PLACEMENT_3D ( 'NONE', #3809, #7236, #8472 ) ;
#3939 = VECTOR ( 'NONE', #3104, 1000.000000000000000 ) ;
#3940 = DIRECTION ( 'NONE',  ( -0.000000000000000000, -0.000000000000000000, 1.000000000000000000 ) ) ;
#3941 = ORIENTED_EDGE ( 'NONE', *, *, #6584, .F. ) ;
#3942 = DIRECTION ( 'NONE',  ( 0.000000000000000000, 0.000000000000000000, 1.000000000000000000 ) ) ;
#3943 = ORIENTED_EDGE ( 'NONE', *, *, #7656, .T. ) ;
#3944 = CARTESIAN_POINT ( 'NONE',  ( 19.00000000000000711, -83.50000000000000000, 41.00000000000002842 ) ) ;
#3945 = ADVANCED_FACE ( 'NONE', ( #3649 ), #4871, .F. ) ;
#3946 = AXIS2_PLACEMENT_3D ( 'NONE', #5822, #8427, #3004 ) ;
#3947 = ORIENTED_EDGE ( 'NONE', *, *, #5817, .F. ) ;
#3948 = ORIENTED_EDGE ( 'NONE', *, *, #7320, .F. ) ;
#3949 = ADVANCED_FACE ( 'NONE', ( #4219 ), #2225, .F. ) ;
#3950 = CARTESIAN_POINT ( 'NONE',  ( 62.00000000000002842, -101.5358983848622927, 50.00000000000000711 ) ) ;
#3951 = AXIS2_PLACEMENT_3D ( 'NONE', #2047, #4741, #3512 ) ;
#3952 = ORIENTED_EDGE ( 'NONE', *, *, #6794, .T. ) ;
#3953 = DIRECTION ( 'NONE',  ( -0.000000000000000000, -1.000000000000000000, -0.000000000000000000 ) ) ;
#3954 = FACE_BOUND ( 'NONE', #601, .T. ) ;
#3955 = ADVANCED_FACE ( 'NONE', ( #5527 ), #7481, .F. ) ;
#3956 = CARTESIAN_POINT ( 'NONE',  ( 62.00000000000002842, 7.000000000000000000, -47.99999999999999289 ) ) ;
#3957 = DIRECTION ( 'NONE',  ( 0.000000000000000000, 1.000000000000000000, 0.000000000000000000 ) ) ;
#3958 = EDGE_LOOP ( 'NONE', ( #1627, #372 ) ) ;
#3959 = CARTESIAN_POINT ( 'NONE',  ( -58.99999999999995737, 0.000000000000000000, -44.00000000000000000 ) ) ;
#3960 = EDGE_LOOP ( 'NONE', ( #4075, #435, #8631, #7947 ) ) ;
#3961 = FACE_OUTER_BOUND ( 'NONE', #4619, .T. ) ;
#3962 = ORIENTED_EDGE ( 'NONE', *, *, #3151, .T. ) ;
#3963 = CARTESIAN_POINT ( 'NONE',  ( 61.50000000000004974, -85.51992244580436875, -45.24999999999999289 ) ) ;
#3964 = CARTESIAN_POINT ( 'NONE',  ( -21.79999999999999716, -90.00000000000001421, 41.50000000000000711 ) ) ;
#3965 = CARTESIAN_POINT ( 'NONE',  ( 59.00000000000003553, -100.0000000000000000, -45.74999999999999289 ) ) ;
#3966 = DIRECTION ( 'NONE',  ( 0.000000000000000000, -1.000000000000000000, 0.000000000000000000 ) ) ;
#3967 = LINE ( 'NONE', #7411, #2295 ) ;
#3968 = LINE ( 'NONE', #2770, #1951 ) ;
#3969 = ORIENTED_EDGE ( 'NONE', *, *, #3403, .F. ) ;
#3970 = LINE ( 'NONE', #6612, #3102 ) ;
#3971 = ORIENTED_EDGE ( 'NONE', *, *, #4295, .F. ) ;
#3972 = CIRCLE ( 'NONE', #156, 7.500000000000000000 ) ;
#3973 = ADVANCED_FACE ( 'NONE', ( #1522 ), #6326, .F. ) ;
#3974 = DIRECTION ( 'NONE',  ( 0.000000000000000000, 0.000000000000000000, 1.000000000000000000 ) ) ;
#3975 = CARTESIAN_POINT ( 'NONE',  ( -62.99999999999997158, 7.000000000000000000, -46.99999999999999289 ) ) ;
#3976 = CARTESIAN_POINT ( 'NONE',  ( 62.00000000000002842, -105.0000000000000142, -47.99999999999997868 ) ) ;
#3977 = DIRECTION ( 'NONE',  ( -0.000000000000000000, 1.000000000000000000, -0.000000000000000000 ) ) ;
#3978 = VERTEX_POINT ( 'NONE', #8355 ) ;
#3979 = LINE ( 'NONE', #2738, #6356 ) ;
#3980 = EDGE_CURVE ( 'NONE', #6360, #8404, #2130, .T. ) ;
#3981 = DIRECTION ( 'NONE',  ( -0.000000000000000000, -1.000000000000000000, -0.000000000000000000 ) ) ;
#3982 = CIRCLE ( 'NONE', #317, 1.750000000000001554 ) ;
#3983 = ADVANCED_FACE ( 'NONE', ( #8265 ), #1568, .F. ) ;
#3984 = DIRECTION ( 'NONE',  ( 0.000000000000000000, -1.000000000000000000, 0.000000000000000000 ) ) ;
#3985 = AXIS2_PLACEMENT_3D ( 'NONE', #3835, #6514, #8014 ) ;
#3986 = ORIENTED_EDGE ( 'NONE', *, *, #3687, .F. ) ;
#3987 = VERTEX_POINT ( 'NONE', #4263 ) ;
#3988 = ADVANCED_FACE ( 'NONE', ( #6147 ), #819, .F. ) ;
#3989 = CARTESIAN_POINT ( 'NONE',  ( 33.74999999999999289, 26.09188309203678102, 41.25000000000001421 ) ) ;
#3990 = ORIENTED_EDGE ( 'NONE', *, *, #1940, .F. ) ;
#3991 = FACE_OUTER_BOUND ( 'NONE', #6085, .T. ) ;
#3992 = VECTOR ( 'NONE', #5115, 1000.000000000000000 ) ;
#3993 = DIRECTION ( 'NONE',  ( 0.000000000000000000, 1.000000000000000000, -0.000000000000000000 ) ) ;
#3994 = VECTOR ( 'NONE', #7608, 1000.000000000000000 ) ;
#3995 = DIRECTION ( 'NONE',  ( 0.000000000000000000, -0.8660254037844377084, -0.5000000000000015543 ) ) ;
#3996 = FACE_OUTER_BOUND ( 'NONE', #6853, .T. ) ;
#3997 = CARTESIAN_POINT ( 'NONE',  ( 31.30000000000000782, -1.737959181815040933E-30, 47.99999999999997868 ) ) ;
#3998 = ADVANCED_FACE ( 'NONE', ( #291 ), #1431, .T. ) ;
#3999 = ORIENTED_EDGE ( 'NONE', *, *, #5722, .F. ) ;
#4000 = DIRECTION ( 'NONE',  ( 8.659560562354842879E-17, 0.7071067811865549002, -0.7071067811865401342 ) ) ;
#4001 = EDGE_LOOP ( 'NONE', ( #4479, #4015 ) ) ;
#4002 = VECTOR ( 'NONE', #297, 1000.000000000000000 ) ;
#4003 = CARTESIAN_POINT ( 'NONE',  ( 62.00000000000002842, 7.000000000000000000, 47.00000000000000711 ) ) ;
#4004 = ORIENTED_EDGE ( 'NONE', *, *, #7492, .T. ) ;
#4005 = DIRECTION ( 'NONE',  ( 0.000000000000000000, 1.000000000000000000, -0.000000000000000000 ) ) ;
#4006 = LINE ( 'NONE', #5322, #2171 ) ;
#4007 = LINE ( 'NONE', #8320, #190 ) ;
#4008 = VECTOR ( 'NONE', #3047, 1000.000000000000000 ) ;
#4009 = DIRECTION ( 'NONE',  ( 0.000000000000000000, 0.000000000000000000, -1.000000000000000000 ) ) ;
#4010 = DIRECTION ( 'NONE',  ( -0.5773502691896231775, 0.5773502691896231775, -0.5773502691896310601 ) ) ;
#4011 = LINE ( 'NONE', #6695, #833 ) ;
#4012 = EDGE_LOOP ( 'NONE', ( #5215, #1743 ) ) ;
#4013 = DIRECTION ( 'NONE',  ( -0.000000000000000000, 1.000000000000000000, -0.000000000000000000 ) ) ;
#4014 = VECTOR ( 'NONE', #8695, 1000.000000000000000 ) ;
#4015 = ORIENTED_EDGE ( 'NONE', *, *, #4117, .F. ) ;
#4016 = ADVANCED_FACE ( 'NONE', ( #5625 ), #146, .F. ) ;
#4017 = DIRECTION ( 'NONE',  ( -0.000000000000000000, 1.000000000000000000, -0.000000000000000000 ) ) ;
#4018 = CARTESIAN_POINT ( 'NONE',  ( -35.70000000000000995, 11.94974746830584600, 21.24999999999999289 ) ) ;
#4019 = CARTESIAN_POINT ( 'NONE',  ( -42.00000000000000711, -8.000000000000000000, 30.00000000000002132 ) ) ;
#4020 = AXIS2_PLACEMENT_3D ( 'NONE', #7282, #1413, #8115 ) ;
#4021 = FACE_OUTER_BOUND ( 'NONE', #1225, .T. ) ;
#4022 = ORIENTED_EDGE ( 'NONE', *, *, #263, .F. ) ;
#4023 = LINE ( 'NONE', #8643, #875 ) ;
#4024 = VECTOR ( 'NONE', #5378, 1000.000000000000000 ) ;
#4025 = FACE_OUTER_BOUND ( 'NONE', #4099, .T. ) ;
#4026 = EDGE_CURVE ( 'NONE', #2018, #377, #2266, .T. ) ;
#4027 = DIRECTION ( 'NONE',  ( 0.000000000000000000, 0.000000000000000000, 1.000000000000000000 ) ) ;
#4028 = ORIENTED_EDGE ( 'NONE', *, *, #6352, .T. ) ;
#4029 = ORIENTED_EDGE ( 'NONE', *, *, #1889, .F. ) ;
#4030 = EDGE_CURVE ( 'NONE', #4729, #2125, #7037, .T. ) ;
#4031 = DIRECTION ( 'NONE',  ( 0.000000000000000000, 0.000000000000000000, 1.000000000000000000 ) ) ;
#4032 = ORIENTED_EDGE ( 'NONE', *, *, #3737, .T. ) ;
#4033 = DIRECTION ( 'NONE',  ( -0.000000000000000000, 1.000000000000000000, -0.000000000000000000 ) ) ;
#4034 = ADVANCED_FACE ( 'NONE', ( #5711 ), #7705, .F. ) ;
#4035 = CARTESIAN_POINT ( 'NONE',  ( -61.99999999999997158, 3.535898384862257160, 50.00000000000000711 ) ) ;
#4036 = APPLICATION_PROTOCOL_DEFINITION ( 'draft international standard', 'automotive_design', 1998, #3616 ) ;
#4037 = AXIS2_PLACEMENT_3D ( 'NONE', #4528, #2364, #7215 ) ;
#4038 = LINE ( 'NONE', #8576, #8120 ) ;
#4039 = LINE ( 'NONE', #6722, #1694 ) ;
#4040 = CARTESIAN_POINT ( 'NONE',  ( -34.00000000000000000, 0.000000000000000000, 41.50000000000001421 ) ) ;
#4041 = ORIENTED_EDGE ( 'NONE', *, *, #288, .F. ) ;
#4042 = CARTESIAN_POINT ( 'NONE',  ( 63.00000000000002842, 7.000000000000000000, 0.000000000000000000 ) ) ;
#4043 = ORIENTED_EDGE ( 'NONE', *, *, #5817, .T. ) ;
#4044 = LINE ( 'NONE', #6063, #47 ) ;
#4045 = ORIENTED_EDGE ( 'NONE', *, *, #2077, .T. ) ;
#4046 = AXIS2_PLACEMENT_3D ( 'NONE', #2496, #5191, #5801 ) ;
#4047 = LINE ( 'NONE', #6731, #6796 ) ;
#4048 = LINE ( 'NONE', #2585, #3880 ) ;
#4049 = CARTESIAN_POINT ( 'NONE',  ( 27.49999999999999645, 4.000000000000000000, 35.00000000000000711 ) ) ;
#4050 = DIRECTION ( 'NONE',  ( 2.851600234482422925E-16, 0.000000000000000000, -1.000000000000000000 ) ) ;
#4051 = EDGE_CURVE ( 'NONE', #3083, #6019, #8401, .T. ) ;
#4052 = EDGE_CURVE ( 'NONE', #8709, #7155, #2631, .T. ) ;
#4053 = DIRECTION ( 'NONE',  ( -0.000000000000000000, -0.000000000000000000, 1.000000000000000000 ) ) ;
#4054 = CARTESIAN_POINT ( 'NONE',  ( 49.00000000000000000, -83.50000000000000000, -21.99999999999997868 ) ) ;
#4055 = ORIENTED_EDGE ( 'NONE', *, *, #2143, .T. ) ;
#4056 = CARTESIAN_POINT ( 'NONE',  ( -64.99999999999997158, -101.5358983848622927, 47.00000000000000711 ) ) ;
#4057 = VERTEX_POINT ( 'NONE', #5408 ) ;
#4058 = VERTEX_POINT ( 'NONE', #5328 ) ;
#4059 = EDGE_CURVE ( 'NONE', #7987, #1824, #5452, .T. ) ;
#4060 = PLANE ( 'NONE',  #7028 ) ;
#4061 = CYLINDRICAL_SURFACE ( 'NONE', #2311, 0.9999999999999991118 ) ;
#4062 = ORIENTED_EDGE ( 'NONE', *, *, #655, .T. ) ;
#4063 = LINE ( 'NONE', #6130, #7405 ) ;
#4064 = CIRCLE ( 'NONE', #8426, 1.750000000000001554 ) ;
#4065 = ADVANCED_FACE ( 'NONE', ( #8627 ), #659, .F. ) ;
#4066 = EDGE_CURVE ( 'NONE', #6941, #712, #3343, .T. ) ;
#4067 = DIRECTION ( 'NONE',  ( 0.000000000000000000, 0.000000000000000000, -1.000000000000000000 ) ) ;
#4068 = EDGE_LOOP ( 'NONE', ( #1550, #4236, #5638, #3428 ) ) ;
#4069 = CARTESIAN_POINT ( 'NONE',  ( -52.00000000000000711, -90.00000000000001421, 32.00000000000001421 ) ) ;
#4070 = CIRCLE ( 'NONE', #266, 1.750000000000001554 ) ;
#4071 = CARTESIAN_POINT ( 'NONE',  ( -36.50000000000001421, 6.000000000000000000, 15.49999999999998224 ) ) ;
#4072 = VECTOR ( 'NONE', #2821, 1000.000000000000000 ) ;
#4073 = DIRECTION ( 'NONE',  ( 0.000000000000000000, 0.000000000000000000, -1.000000000000000000 ) ) ;
#4074 = ORIENTED_EDGE ( 'NONE', *, *, #6189, .T. ) ;
#4075 = ORIENTED_EDGE ( 'NONE', *, *, #3304, .T. ) ;
#4076 = AXIS2_PLACEMENT_3D ( 'NONE', #1989, #3984, #6627 ) ;
#4077 = ORIENTED_EDGE ( 'NONE', *, *, #3258, .T. ) ;
#4078 = DIRECTION ( 'NONE',  ( 1.000000000000000000, 0.000000000000000000, 6.938893903907229167E-15 ) ) ;
#4079 = CIRCLE ( 'NONE', #1267, 3.000000000000002665 ) ;
#4080 = CARTESIAN_POINT ( 'NONE',  ( -58.99999999999994316, -105.0000000000000142, -44.00000000000012790 ) ) ;
#4081 = LINE ( 'NONE', #3956, #8123 ) ;
#4082 = DIRECTION ( 'NONE',  ( 0.000000000000000000, 0.000000000000000000, 1.000000000000000000 ) ) ;
#4083 = LINE ( 'NONE', #6767, #5253 ) ;
#4084 = ORIENTED_EDGE ( 'NONE', *, *, #3500, .F. ) ;
#4085 = SURFACE_SIDE_STYLE ('',( #6107 ) ) ;
#4086 = ORIENTED_EDGE ( 'NONE', *, *, #4117, .T. ) ;
#4087 = LINE ( 'NONE', #4224, #3594 ) ;
#4088 = ORIENTED_EDGE ( 'NONE', *, *, #6572, .T. ) ;
#4089 = DIRECTION ( 'NONE',  ( 0.000000000000000000, 0.000000000000000000, 1.000000000000000000 ) ) ;
#4090 = CARTESIAN_POINT ( 'NONE',  ( 47.29999999999999005, 0.000000000000000000, -47.00000000000000000 ) ) ;
#4091 = CARTESIAN_POINT ( 'NONE',  ( -58.99999999999994316, -105.0000000000000142, -45.75000000000012790 ) ) ;
#4092 = FACE_BOUND ( 'NONE', #606, .T. ) ;
#4093 = LINE ( 'NONE', #5991, #4284 ) ;
#4094 = ADVANCED_FACE ( 'NONE', ( #6028 ), #5944, .F. ) ;
#4095 = LINE ( 'NONE', #4717, #7166 ) ;
#4096 = VECTOR ( 'NONE', #1439, 1000.000000000000000 ) ;
#4097 = ORIENTED_EDGE ( 'NONE', *, *, #2298, .F. ) ;
#4098 = DIRECTION ( 'NONE',  ( 0.000000000000000000, 0.000000000000000000, 1.000000000000000000 ) ) ;
#4099 = EDGE_LOOP ( 'NONE', ( #7289, #4411, #5906, #6278 ) ) ;
#4100 = ORIENTED_EDGE ( 'NONE', *, *, #5867, .F. ) ;
#4101 = EDGE_CURVE ( 'NONE', #8537, #2170, #7662, .T. ) ;
#4102 = DIRECTION ( 'NONE',  ( 9.637352644315594010E-17, 0.000000000000000000, -1.000000000000000000 ) ) ;
#4103 = CARTESIAN_POINT ( 'NONE',  ( 49.00000000000000711, -83.50000000000000000, 37.00000000000002132 ) ) ;
#4104 = ORIENTED_EDGE ( 'NONE', *, *, #55, .T. ) ;
#4105 = DIRECTION ( 'NONE',  ( 0.7071067811865479058, 0.000000000000000000, -0.7071067811865472397 ) ) ;
#4106 = CYLINDRICAL_SURFACE ( 'NONE', #1526, 1.750000000000001554 ) ;
#4107 = AXIS2_PLACEMENT_3D ( 'NONE', #7424, #5345, #3942 ) ;
#4108 = ORIENTED_EDGE ( 'NONE', *, *, #5436, .T. ) ;
#4109 = DIRECTION ( 'NONE',  ( 1.000000000000000000, 0.000000000000000000, 0.000000000000000000 ) ) ;
#4110 = DIRECTION ( 'NONE',  ( -0.000000000000000000, 1.000000000000000000, -0.000000000000000000 ) ) ;
#4111 = EDGE_CURVE ( 'NONE', #3158, #7005, #736, .T. ) ;
#4112 = VERTEX_POINT ( 'NONE', #8105 ) ;
#4113 = CARTESIAN_POINT ( 'NONE',  ( 47.29999999999998295, 7.000000000000000000, 18.99999999999999645 ) ) ;
#4114 = ORIENTED_EDGE ( 'NONE', *, *, #557, .T. ) ;
#4115 = ORIENTED_EDGE ( 'NONE', *, *, #4111, .T. ) ;
#4116 = AXIS2_PLACEMENT_3D ( 'NONE', #7992, #5382, #672 ) ;
#4117 = EDGE_CURVE ( 'NONE', #366, #4797, #6525, .T. ) ;
#4118 = EDGE_LOOP ( 'NONE', ( #887, #3769, #8689, #2136 ) ) ;
#4119 = DIRECTION ( 'NONE',  ( 0.000000000000000000, 0.000000000000000000, -1.000000000000000000 ) ) ;
#4120 = CARTESIAN_POINT ( 'NONE',  ( 57.75735931288073743, -100.0000000000000000, -36.99999999999999289 ) ) ;
#4121 = PRODUCT_DEFINITION_FORMATION_WITH_SPECIFIED_SOURCE ( 'ANY', '', #7319, .NOT_KNOWN. ) ;
#4122 = AXIS2_PLACEMENT_3D ( 'NONE', #4667, #4005, #4089 ) ;
#4123 = CARTESIAN_POINT ( 'NONE',  ( 59.00000000000002132, -105.0000000000000142, 44.00000000000000711 ) ) ;
#4124 = DIRECTION ( 'NONE',  ( 0.000000000000000000, 0.000000000000000000, 1.000000000000000000 ) ) ;
#4125 = CARTESIAN_POINT ( 'NONE',  ( -64.99999999999997158, 7.000000000000000000, 50.00000000000000711 ) ) ;
#4126 = AXIS2_PLACEMENT_3D ( 'NONE', #4321, #116, #300 ) ;
#4127 = ORIENTED_EDGE ( 'NONE', *, *, #1854, .F. ) ;
#4128 = VERTEX_POINT ( 'NONE', #3928 ) ;
#4129 = CARTESIAN_POINT ( 'NONE',  ( -55.99999999999996447, -60.00000000000000000, -31.19999999999999574 ) ) ;
#4130 = VECTOR ( 'NONE', #5501, 1000.000000000000000 ) ;
#4131 = VERTEX_POINT ( 'NONE', #6650 ) ;
#4132 = DIRECTION ( 'NONE',  ( 0.000000000000000000, -1.000000000000000000, 0.000000000000000000 ) ) ;
#4133 = CARTESIAN_POINT ( 'NONE',  ( -61.99999999999997158, -105.0000000000000142, -49.99999999999999289 ) ) ;
#4134 = VERTEX_POINT ( 'NONE', #7975 ) ;
#4135 = LINE ( 'NONE', #788, #2157 ) ;
#4136 = AXIS2_PLACEMENT_3D ( 'NONE', #7535, #7626, #1492 ) ;
#4137 = LINE ( 'NONE', #924, #1893 ) ;
#4138 = AXIS2_PLACEMENT_3D ( 'NONE', #2956, #8334, #4991 ) ;
#4139 = EDGE_CURVE ( 'NONE', #5107, #4058, #1930, .T. ) ;
#4140 = CIRCLE ( 'NONE', #7943, 3.000000000000002665 ) ;
#4141 = FACE_OUTER_BOUND ( 'NONE', #7518, .T. ) ;
#4142 = ORIENTED_EDGE ( 'NONE', *, *, #6155, .F. ) ;
#4143 = CARTESIAN_POINT ( 'NONE',  ( -55.99999999999996447, -0.000000000000000000, 7.200000000000001954 ) ) ;
#4144 = ORIENTED_EDGE ( 'NONE', *, *, #575, .T. ) ;
#4145 = ORIENTED_EDGE ( 'NONE', *, *, #2352, .T. ) ;
#4146 = CARTESIAN_POINT ( 'NONE',  ( -41.74999999999999289, -45.00000000000000000, 46.99999999999999289 ) ) ;
#4147 = CARTESIAN_POINT ( 'NONE',  ( -52.00000000000004263, -98.00000000000000000, -42.75735931288070191 ) ) ;
#4148 = DIRECTION ( 'NONE',  ( 0.000000000000000000, 0.000000000000000000, 1.000000000000000000 ) ) ;
#4149 = EDGE_CURVE ( 'NONE', #1054, #5476, #3967, .T. ) ;
#4150 = VERTEX_POINT ( 'NONE', #4630 ) ;
#4151 = DIRECTION ( 'NONE',  ( -0.000000000000000000, -0.7071067811865524577, -0.7071067811865425767 ) ) ;
#4152 = ADVANCED_FACE ( 'NONE', ( #3435 ), #612, .F. ) ;
#4153 = VECTOR ( 'NONE', #2581, 1000.000000000000000 ) ;
#4154 = VECTOR ( 'NONE', #167, 1000.000000000000000 ) ;
#4155 = CARTESIAN_POINT ( 'NONE',  ( 49.00000000000000711, -90.50000000000001421, 41.00000000000002842 ) ) ;
#4156 = VERTEX_POINT ( 'NONE', #2060 ) ;
#4157 = DIRECTION ( 'NONE',  ( 0.000000000000000000, -0.000000000000000000, -1.000000000000000000 ) ) ;
#4158 = DIRECTION ( 'NONE',  ( 0.000000000000000000, -1.000000000000000000, 0.000000000000000000 ) ) ;
#4159 = ADVANCED_FACE ( 'NONE', ( #1359 ), #3259, .F. ) ;
#4160 = VECTOR ( 'NONE', #2318, 1000.000000000000000 ) ;
#4161 = EDGE_CURVE ( 'NONE', #5256, #6700, #4093, .T. ) ;
#4162 = EDGE_CURVE ( 'NONE', #5909, #6002, #7360, .T. ) ;
#4163 = ORIENTED_EDGE ( 'NONE', *, *, #2753, .T. ) ;
#4164 = FACE_OUTER_BOUND ( 'NONE', #7300, .T. ) ;
#4165 = VECTOR ( 'NONE', #4548, 1000.000000000000000 ) ;
#4166 = VERTEX_POINT ( 'NONE', #26 ) ;
#4167 = EDGE_LOOP ( 'NONE', ( #7391, #2949, #3040, #7698, #5090, #2213, #8527, #917 ) ) ;
#4168 = CIRCLE ( 'NONE', #4595, 1.750000000000001554 ) ;
#4169 = PLANE ( 'NONE',  #1876 ) ;
#4170 = EDGE_LOOP ( 'NONE', ( #8706, #1393 ) ) ;
#4171 = DIRECTION ( 'NONE',  ( 0.000000000000000000, 0.000000000000000000, -1.000000000000000000 ) ) ;
#4172 = CARTESIAN_POINT ( 'NONE',  ( 41.75000000000000711, -44.99999999999999289, 47.00000000000000711 ) ) ;
#4173 = EDGE_CURVE ( 'NONE', #4349, #321, #8494, .T. ) ;
#4174 = DIRECTION ( 'NONE',  ( 0.000000000000000000, 0.7071067811865549002, 0.7071067811865401342 ) ) ;
#4175 = CARTESIAN_POINT ( 'NONE',  ( -33.99999999999997158, -90.00000000000001421, -1.814787636406504524E-14 ) ) ;
#4176 = ORIENTED_EDGE ( 'NONE', *, *, #6444, .T. ) ;
#4177 = ADVANCED_FACE ( 'NONE', ( #4752 ), #6779, .T. ) ;
#4178 = EDGE_LOOP ( 'NONE', ( #6821, #160, #8560, #6589 ) ) ;
#4179 = DIRECTION ( 'NONE',  ( 1.000000000000000000, 0.000000000000000000, 5.595882180570346659E-17 ) ) ;
#4180 = ORIENTED_EDGE ( 'NONE', *, *, #6855, .T. ) ;
#4181 = LINE ( 'NONE', #6823, #742 ) ;
#4182 = CARTESIAN_POINT ( 'NONE',  ( -61.99999999999997158, -100.0000000000000000, -46.99999999999999289 ) ) ;
#4183 = FACE_OUTER_BOUND ( 'NONE', #280, .T. ) ;
#4184 = CARTESIAN_POINT ( 'NONE',  ( -8.626407040611047148E-15, -97.00000000000001421, 48.00000000000000711 ) ) ;
#4185 = FACE_OUTER_BOUND ( 'NONE', #2356, .T. ) ;
#4186 = CARTESIAN_POINT ( 'NONE',  ( 59.00000000000002132, -86.05025253169428368, -46.99999999999999289 ) ) ;
#4187 = VERTEX_POINT ( 'NONE', #4836 ) ;
#4188 = CARTESIAN_POINT ( 'NONE',  ( -55.00000000000002132, -90.00000000000001421, 2.935685882422289997E-14 ) ) ;
#4189 = ORIENTED_EDGE ( 'NONE', *, *, #4811, .F. ) ;
#4190 = ORIENTED_EDGE ( 'NONE', *, *, #3363, .F. ) ;
#4191 = PRESENTATION_LAYER_ASSIGNMENT (  '', '', ( #8682 ) ) ;
#4192 = CARTESIAN_POINT ( 'NONE',  ( -50.99999999999996447, -90.00000000000001421, 0.000000000000000000 ) ) ;
#4193 = DIRECTION ( 'NONE',  ( 0.000000000000000000, 0.000000000000000000, -1.000000000000000000 ) ) ;
#4194 = LINE ( 'NONE', #4103, #4714 ) ;
#4195 = EDGE_CURVE ( 'NONE', #442, #1862, #1075, .T. ) ;
#4196 = EDGE_LOOP ( 'NONE', ( #3772, #2715, #693, #130 ) ) ;
#4197 = CARTESIAN_POINT ( 'NONE',  ( -37.50000000000001421, 6.000000000000000000, -0.000000000000000000 ) ) ;
#4198 = CARTESIAN_POINT ( 'NONE',  ( -36.99999999999999289, -90.00000000000001421, 32.00000000000001421 ) ) ;
#4199 = VERTEX_POINT ( 'NONE', #834 ) ;
#4200 = DIRECTION ( 'NONE',  ( -0.000000000000000000, 1.000000000000000000, -0.000000000000000000 ) ) ;
#4201 =( LENGTH_UNIT ( ) NAMED_UNIT ( * ) SI_UNIT ( .MILLI., .METRE. ) );
#4202 = LINE ( 'NONE', #2209, #7787 ) ;
#4203 = CIRCLE ( 'NONE', #5190, 3.000000000000002665 ) ;
#4204 = CIRCLE ( 'NONE', #8000, 4.000000000000000000 ) ;
#4205 = ORIENTED_EDGE ( 'NONE', *, *, #1818, .F. ) ;
#4206 = CARTESIAN_POINT ( 'NONE',  ( 62.00000000000002842, -105.0000000000000142, 47.99999999999999289 ) ) ;
#4207 = CIRCLE ( 'NONE', #408, 1.000000000000000888 ) ;
#4208 = ADVANCED_FACE ( 'NONE', ( #2142 ), #8233, .F. ) ;
#4209 = VERTEX_POINT ( 'NONE', #2238 ) ;
#4210 = ORIENTED_EDGE ( 'NONE', *, *, #2691, .T. ) ;
#4211 = DIRECTION ( 'NONE',  ( 0.000000000000000000, 0.000000000000000000, -1.000000000000000000 ) ) ;
#4212 = ORIENTED_EDGE ( 'NONE', *, *, #383, .F. ) ;
#4213 = VECTOR ( 'NONE', #7103, 1000.000000000000000 ) ;
#4214 = CARTESIAN_POINT ( 'NONE',  ( 62.00000000000002842, -100.0000000000000000, 50.00000000000000711 ) ) ;
#4215 = CIRCLE ( 'NONE', #2654, 1.000000000000000888 ) ;
#4216 = LINE ( 'NONE', #1519, #6581 ) ;
#4217 = VECTOR ( 'NONE', #4814, 1000.000000000000000 ) ;
#4218 = CARTESIAN_POINT ( 'NONE',  ( -35.70000000000000995, 11.94974746830584600, 22.99999999999999645 ) ) ;
#4219 = FACE_OUTER_BOUND ( 'NONE', #2041, .T. ) ;
#4220 = EDGE_CURVE ( 'NONE', #2394, #867, #3021, .T. ) ;
#4221 = ORIENTED_EDGE ( 'NONE', *, *, #7568, .T. ) ;
#4222 = ORIENTED_EDGE ( 'NONE', *, *, #2802, .T. ) ;
#4223 = ORIENTED_EDGE ( 'NONE', *, *, #4914, .F. ) ;
#4224 = CARTESIAN_POINT ( 'NONE',  ( 49.00000000000000000, -90.50000000000001421, -23.24999999999997513 ) ) ;
#4225 = ORIENTED_EDGE ( 'NONE', *, *, #4509, .T. ) ;
#4226 = EDGE_CURVE ( 'NONE', #6199, #7204, #4137, .T. ) ;
#4227 = DIRECTION ( 'NONE',  ( 0.000000000000000000, 1.000000000000000000, -0.000000000000000000 ) ) ;
#4228 = DIRECTION ( 'NONE',  ( 1.000000000000000000, 0.000000000000000000, 0.000000000000000000 ) ) ;
#4229 = ADVANCED_FACE ( 'NONE', ( #4185 ), #4976, .T. ) ;
#4230 = DIRECTION ( 'NONE',  ( -1.000000000000000000, 0.000000000000000000, -0.000000000000000000 ) ) ;
#4231 = DIRECTION ( 'NONE',  ( 0.000000000000000000, 0.000000000000000000, -1.000000000000000000 ) ) ;
#4232 = FACE_OUTER_BOUND ( 'NONE', #2508, .T. ) ;
#4233 = PLANE ( 'NONE',  #1168 ) ;
#4234 = ORIENTED_EDGE ( 'NONE', *, *, #319, .F. ) ;
#4235 = CARTESIAN_POINT ( 'NONE',  ( 59.00000000000002132, -100.0000000000000000, 44.00000000000000711 ) ) ;
#4236 = ORIENTED_EDGE ( 'NONE', *, *, #7911, .F. ) ;
#4237 = ORIENTED_EDGE ( 'NONE', *, *, #3897, .T. ) ;
#4238 = LINE ( 'NONE', #7544, #6385 ) ;
#4239 = CARTESIAN_POINT ( 'NONE',  ( 0.000000000000000000, -100.0000000000000000, 38.00000000000000711 ) ) ;
#4240 = CARTESIAN_POINT ( 'NONE',  ( 47.29999999999998295, 6.000000000000000000, -0.000000000000000000 ) ) ;
#4241 = EDGE_LOOP ( 'NONE', ( #4144, #836, #4497, #103, #292, #6535, #6684, #28 ) ) ;
#4242 = CYLINDRICAL_SURFACE ( 'NONE', #1734, 4.000000000000003553 ) ;
#4243 = CARTESIAN_POINT ( 'NONE',  ( -27.50000000000000355, 7.000000000000000000, 35.00000000000001421 ) ) ;
#4244 = EDGE_CURVE ( 'NONE', #8537, #6613, #3525, .T. ) ;
#4245 = ORIENTED_EDGE ( 'NONE', *, *, #987, .F. ) ;
#4246 = CARTESIAN_POINT ( 'NONE',  ( 43.29999999999997584, 11.94974746830584600, 22.99999999999999645 ) ) ;
#4247 = DIRECTION ( 'NONE',  ( -0.000000000000000000, 1.000000000000000000, -0.000000000000000000 ) ) ;
#4248 = PLANE ( 'NONE',  #1999 ) ;
#4249 = ORIENTED_EDGE ( 'NONE', *, *, #2320, .T. ) ;
#4250 = EDGE_CURVE ( 'NONE', #8467, #5920, #6295, .T. ) ;
#4251 = DIRECTION ( 'NONE',  ( 0.000000000000000000, 1.000000000000000000, -0.000000000000000000 ) ) ;
#4252 = EDGE_LOOP ( 'NONE', ( #4825, #6565, #4673, #8720 ) ) ;
#4253 = ORIENTED_EDGE ( 'NONE', *, *, #3598, .F. ) ;
#4255 = EDGE_CURVE ( 'NONE', #7709, #8107, #3300, .T. ) ;
#4254 = CARTESIAN_POINT ( 'NONE',  ( 5.000000000000002665, -97.00000000000001421, 48.00000000000000711 ) ) ;
#4256 = ORIENTED_EDGE ( 'NONE', *, *, #5912, .F. ) ;
#4257 = CARTESIAN_POINT ( 'NONE',  ( 62.00000000000002842, -100.0000000000000000, 50.00000000000000711 ) ) ;
#4258 = ADVANCED_FACE ( 'NONE', ( #6159 ), #4882, .F. ) ;
#4259 = ADVANCED_FACE ( 'NONE', ( #252 ), #1537, .F. ) ;
#4260 = DIRECTION ( 'NONE',  ( 0.000000000000000000, 0.000000000000000000, -1.000000000000000000 ) ) ;
#4261 = CARTESIAN_POINT ( 'NONE',  ( -52.00000000000000711, -90.00000000000001421, 32.00000000000001421 ) ) ;
#4262 = ADVANCED_FACE ( 'NONE', ( #4232 ), #5495, .F. ) ;
#4263 = CARTESIAN_POINT ( 'NONE',  ( -9.299999999999995381, -90.00000000000001421, 41.50000000000000711 ) ) ;
#4264 = ORIENTED_EDGE ( 'NONE', *, *, #2690, .F. ) ;
#4265 = VERTEX_POINT ( 'NONE', #7491 ) ;
#4266 = LINE ( 'NONE', #1435, #4573 ) ;
#4267 = EDGE_LOOP ( 'NONE', ( #1978, #1728 ) ) ;
#4268 = DIRECTION ( 'NONE',  ( 0.000000000000000000, 0.000000000000000000, -1.000000000000000000 ) ) ;
#4269 = CARTESIAN_POINT ( 'NONE',  ( 47.29999999999998295, -4.000000000000000000, 25.99999999999999645 ) ) ;
#4270 = CARTESIAN_POINT ( 'NONE',  ( 62.00000000000002842, -98.00000000000000000, -36.99999999999999289 ) ) ;
#4271 = AXIS2_PLACEMENT_3D ( 'NONE', #5962, #3981, #7952 ) ;
#4272 = DIRECTION ( 'NONE',  ( -1.000000000000000000, 0.000000000000000000, -0.000000000000000000 ) ) ;
#4273 = VECTOR ( 'NONE', #2575, 999.9999999999998863 ) ;
#4274 = ADVANCED_FACE ( 'NONE', ( #2101 ), #3567, .T. ) ;
#4275 = CARTESIAN_POINT ( 'NONE',  ( 65.00000000000002842, -101.5358983848622927, -46.99999999999999289 ) ) ;
#4276 = LINE ( 'NONE', #3660, #5528 ) ;
#4277 = EDGE_CURVE ( 'NONE', #6544, #3469, #4300, .T. ) ;
#4278 = ORIENTED_EDGE ( 'NONE', *, *, #944, .F. ) ;
#4279 = CARTESIAN_POINT ( 'NONE',  ( -58.99999999999994316, -87.28768939877069499, -45.25000000000012790 ) ) ;
#4280 = VECTOR ( 'NONE', #6912, 1000.000000000000000 ) ;
#4281 = VERTEX_POINT ( 'NONE', #4275 ) ;
#4282 = ORIENTED_EDGE ( 'NONE', *, *, #4517, .F. ) ;
#4283 = DIRECTION ( 'NONE',  ( 0.000000000000000000, 0.000000000000000000, 1.000000000000000000 ) ) ;
#4284 = VECTOR ( 'NONE', #8673, 1000.000000000000000 ) ;
#4285 = LINE ( 'NONE', #8242, #3225 ) ;
#4286 = VECTOR ( 'NONE', #7163, 1000.000000000000000 ) ;
#4287 = DIRECTION ( 'NONE',  ( -0.000000000000000000, 1.000000000000000000, -0.000000000000000000 ) ) ;
#4288 = EDGE_LOOP ( 'NONE', ( #5053, #5057, #5917, #7016 ) ) ;
#4289 = LINE ( 'NONE', #6345, #3155 ) ;
#4290 = VECTOR ( 'NONE', #8546, 1000.000000000000000 ) ;
#4291 = AXIS2_PLACEMENT_3D ( 'NONE', #4937, #7632, #1628 ) ;
#4292 = CARTESIAN_POINT ( 'NONE',  ( -39.70000000000000995, -4.000000000000000000, 25.99999999999999645 ) ) ;
#4293 = ORIENTED_EDGE ( 'NONE', *, *, #6155, .T. ) ;
#4294 = DIRECTION ( 'NONE',  ( 0.000000000000000000, 0.000000000000000000, -1.000000000000000000 ) ) ;
#4295 = EDGE_CURVE ( 'NONE', #3105, #83, #2882, .T. ) ;
#4296 = CARTESIAN_POINT ( 'NONE',  ( -48.99999999999997158, -90.00000000000001421, 48.00000000000000711 ) ) ;
#4297 = DIRECTION ( 'NONE',  ( -0.7071067811865536790, 6.133173666733553252E-17, 0.7071067811865413555 ) ) ;
#4298 = ORIENTED_EDGE ( 'NONE', *, *, #3297, .T. ) ;
#4299 = DIRECTION ( 'NONE',  ( -0.000000000000000000, 1.000000000000000000, -0.000000000000000000 ) ) ;
#4300 = CIRCLE ( 'NONE', #5137, 3.000000000000002665 ) ;
#4301 = ORIENTED_EDGE ( 'NONE', *, *, #2112, .F. ) ;
#4302 = EDGE_LOOP ( 'NONE', ( #5463, #2899, #2815, #7561 ) ) ;
#4303 = AXIS2_PLACEMENT_3D ( 'NONE', #5491, #4878, #2763 ) ;
#4304 = DIRECTION ( 'NONE',  ( -0.5773502691896231775, -0.5773502691896231775, -0.5773502691896310601 ) ) ;
#4305 = VERTEX_POINT ( 'NONE', #3879 ) ;
#4306 =( LENGTH_UNIT ( ) NAMED_UNIT ( * ) SI_UNIT ( .MILLI., .METRE. ) );
#4307 = EDGE_CURVE ( 'NONE', #140, #1686, #1187, .T. ) ;
#4308 = DIRECTION ( 'NONE',  ( -0.000000000000000000, -0.000000000000000000, 1.000000000000000000 ) ) ;
#4309 = DIRECTION ( 'NONE',  ( 0.000000000000000000, 0.000000000000000000, 1.000000000000000000 ) ) ;
#4310 = DIRECTION ( 'NONE',  ( -0.5465658520092963046, 0.000000000000000000, -0.8374161267956046206 ) ) ;
#4311 = ORIENTED_EDGE ( 'NONE', *, *, #3887, .T. ) ;
#4312 = ADVANCED_FACE ( 'NONE', ( #691 ), #6600, .T. ) ;
#4313 = ADVANCED_FACE ( 'NONE', ( #604 ), #8667, .F. ) ;
#4314 = DIRECTION ( 'NONE',  ( 1.000000000000000000, 0.000000000000000000, 0.000000000000000000 ) ) ;
#4315 = ORIENTED_EDGE ( 'NONE', *, *, #7818, .F. ) ;
#4316 = PLANE ( 'NONE',  #6093 ) ;
#4317 = DIRECTION ( 'NONE',  ( -0.000000000000000000, 1.000000000000000000, -0.000000000000000000 ) ) ;
#4318 = DIRECTION ( 'NONE',  ( 0.000000000000000000, 0.000000000000000000, 1.000000000000000000 ) ) ;
#4319 = FACE_OUTER_BOUND ( 'NONE', #5646, .T. ) ;
#4320 = DIRECTION ( 'NONE',  ( 0.000000000000000000, 0.000000000000000000, -1.000000000000000000 ) ) ;
#4321 = CARTESIAN_POINT ( 'NONE',  ( 62.00000000000002842, -105.0000000000000142, 50.00000000000000711 ) ) ;
#4322 = PLANE ( 'NONE',  #5746 ) ;
#4323 = ORIENTED_EDGE ( 'NONE', *, *, #3788, .T. ) ;
#4324 = ORIENTED_EDGE ( 'NONE', *, *, #2211, .F. ) ;
#4325 = DIRECTION ( 'NONE',  ( 1.000000000000000000, 0.000000000000000000, 0.000000000000000000 ) ) ;
#4326 = EDGE_CURVE ( 'NONE', #1729, #6186, #5982, .T. ) ;
#4327 = CARTESIAN_POINT ( 'NONE',  ( 47.29999999999998295, -4.000000000000000000, 25.99999999999999645 ) ) ;
#4328 = DIRECTION ( 'NONE',  ( 0.000000000000000000, 0.000000000000000000, -1.000000000000000000 ) ) ;
#4329 = VERTEX_POINT ( 'NONE', #2624 ) ;
#4330 = DIRECTION ( 'NONE',  ( 0.000000000000000000, 0.000000000000000000, -1.000000000000000000 ) ) ;
#4331 = EDGE_CURVE ( 'NONE', #3592, #7744, #6020, .T. ) ;
#4332 = CARTESIAN_POINT ( 'NONE',  ( -48.99999999999997158, -103.0000000000000142, 46.00000000000001421 ) ) ;
#4333 = LINE ( 'NONE', #5600, #7870 ) ;
#4334 = EDGE_CURVE ( 'NONE', #2346, #3911, #2054, .T. ) ;
#4335 = AXIS2_PLACEMENT_3D ( 'NONE', #4500, #6348, #2619 ) ;
#4336 = ORIENTED_EDGE ( 'NONE', *, *, #4517, .T. ) ;
#4337 = LINE ( 'NONE', #850, #4391 ) ;
#4338 = CARTESIAN_POINT ( 'NONE',  ( 59.00000000000003553, -100.0000000000000000, -43.99999999999999289 ) ) ;
#4339 = CARTESIAN_POINT ( 'NONE',  ( -21.00000000000000000, -8.000000000000000000, 40.00000000000002132 ) ) ;
#4340 = CIRCLE ( 'NONE', #1237, 4.000000000000003553 ) ;
#4341 = ADVANCED_FACE ( 'NONE', ( #3961 ), #7221, .T. ) ;
#4342 = EDGE_CURVE ( 'NONE', #3911, #8109, #348, .T. ) ;
#4343 = ADVANCED_FACE ( 'NONE', ( #3335 ), #1923, .F. ) ;
#4344 = ORIENTED_EDGE ( 'NONE', *, *, #5830, .F. ) ;
#4345 = CARTESIAN_POINT ( 'NONE',  ( -35.69999999999999574, 0.000000000000000000, -44.75000000000001421 ) ) ;
#4346 = ORIENTED_EDGE ( 'NONE', *, *, #3559, .F. ) ;
#4347 = ORIENTED_EDGE ( 'NONE', *, *, #3334, .T. ) ;
#4348 = CARTESIAN_POINT ( 'NONE',  ( 62.00000000000002842, -101.5358983848622927, 47.00000000000000711 ) ) ;
#4349 = VERTEX_POINT ( 'NONE', #8012 ) ;
#4350 = DIRECTION ( 'NONE',  ( 0.000000000000000000, -1.000000000000000000, 0.000000000000000000 ) ) ;
#4351 = PLANE ( 'NONE',  #1948 ) ;
#4352 = DIRECTION ( 'NONE',  ( -0.000000000000000000, -1.000000000000000000, -0.000000000000000000 ) ) ;
#4353 = DIRECTION ( 'NONE',  ( 0.000000000000000000, 0.000000000000000000, 1.000000000000000000 ) ) ;
#4354 = EDGE_CURVE ( 'NONE', #3832, #5414, #6112, .T. ) ;
#4355 = ORIENTED_EDGE ( 'NONE', *, *, #3908, .F. ) ;
#4356 = VECTOR ( 'NONE', #2469, 1000.000000000000000 ) ;
#4357 = DIRECTION ( 'NONE',  ( -0.000000000000000000, -1.000000000000000000, -0.000000000000000000 ) ) ;
#4358 = ORIENTED_EDGE ( 'NONE', *, *, #5784, .T. ) ;
#4359 = DIRECTION ( 'NONE',  ( -0.000000000000000000, -1.000000000000000000, -0.000000000000000000 ) ) ;
#4360 = CARTESIAN_POINT ( 'NONE',  ( -36.50000000000001421, 7.000000000000000000, 15.49999999999998224 ) ) ;
#4361 = LINE ( 'NONE', #1532, #6253 ) ;
#4362 = CIRCLE ( 'NONE', #1110, 1.250000000000001110 ) ;
#4363 = FACE_OUTER_BOUND ( 'NONE', #6885, .T. ) ;
#4364 = DIRECTION ( 'NONE',  ( 0.000000000000000000, 0.000000000000000000, 1.000000000000000000 ) ) ;
#4365 = LINE ( 'NONE', #6384, #7868 ) ;
#4366 = ORIENTED_EDGE ( 'NONE', *, *, #8599, .F. ) ;
#4367 = ORIENTED_EDGE ( 'NONE', *, *, #1851, .F. ) ;
#4368 = DIRECTION ( 'NONE',  ( -0.000000000000000000, 1.000000000000000000, -0.000000000000000000 ) ) ;
#4369 = CARTESIAN_POINT ( 'NONE',  ( 63.00000000000002842, 7.000000000000000000, 0.000000000000000000 ) ) ;
#4370 = LINE ( 'NONE', #308, #2028 ) ;
#4371 = ORIENTED_EDGE ( 'NONE', *, *, #2650, .T. ) ;
#4372 = CARTESIAN_POINT ( 'NONE',  ( -61.99999999999995737, -85.10744349011218901, -45.33333333333339965 ) ) ;
#4373 = AXIS2_PLACEMENT_3D ( 'NONE', #8719, #7414, #7979 ) ;
#4374 = EDGE_CURVE ( 'NONE', #7927, #6513, #650, .T. ) ;
#4375 = DIRECTION ( 'NONE',  ( 0.000000000000000000, 1.000000000000000000, 0.000000000000000000 ) ) ;
#4376 = CYLINDRICAL_SURFACE ( 'NONE', #972, 1.750000000000001554 ) ;
#4377 = ORIENTED_EDGE ( 'NONE', *, *, #476, .F. ) ;
#4378 = LINE ( 'NONE', #7148, #8579 ) ;
#4379 = ADVANCED_FACE ( 'NONE', ( #2670 ), #522, .T. ) ;
#4380 = FILL_AREA_STYLE ('',( #1683 ) ) ;
#4381 = DIRECTION ( 'NONE',  ( -0.000000000000000000, -1.000000000000000000, -0.000000000000000000 ) ) ;
#4382 = EDGE_LOOP ( 'NONE', ( #5001, #8081, #7309, #3306 ) ) ;
#4383 = CARTESIAN_POINT ( 'NONE',  ( -35.70000000000000995, 11.94974746830584600, 22.99999999999999645 ) ) ;
#4384 = ORIENTED_EDGE ( 'NONE', *, *, #3240, .T. ) ;
#4385 = ORIENTED_EDGE ( 'NONE', *, *, #4606, .F. ) ;
#4386 = ADVANCED_FACE ( 'NONE', ( #5233 ), #2007, .F. ) ;
#4387 = FACE_OUTER_BOUND ( 'NONE', #518, .T. ) ;
#4388 = ORIENTED_EDGE ( 'NONE', *, *, #2368, .F. ) ;
#4389 = DIRECTION ( 'NONE',  ( 1.000000000000000000, 0.000000000000000000, 0.000000000000000000 ) ) ;
#4390 = DIRECTION ( 'NONE',  ( -0.000000000000000000, -1.000000000000000000, -0.000000000000000000 ) ) ;
#4391 = VECTOR ( 'NONE', #7598, 1000.000000000000000 ) ;
#4392 = ORIENTED_EDGE ( 'NONE', *, *, #995, .F. ) ;
#4393 = EDGE_CURVE ( 'NONE', #1855, #8564, #4044, .T. ) ;
#4394 = LINE ( 'NONE', #6459, #6831 ) ;
#4395 = ORIENTED_EDGE ( 'NONE', *, *, #979, .F. ) ;
#4396 = DIRECTION ( 'NONE',  ( -0.000000000000000000, -1.000000000000000000, -0.000000000000000000 ) ) ;
#4397 = DIRECTION ( 'NONE',  ( 0.000000000000000000, -0.000000000000000000, -1.000000000000000000 ) ) ;
#4398 = CARTESIAN_POINT ( 'NONE',  ( 43.29999999999997584, 0.000000000000000000, 24.75000000000000000 ) ) ;
#4399 = DIRECTION ( 'NONE',  ( 0.000000000000000000, 0.000000000000000000, -1.000000000000000000 ) ) ;
#4400 = PLANE ( 'NONE',  #240 ) ;
#4401 = DIRECTION ( 'NONE',  ( 0.000000000000000000, 0.000000000000000000, -1.000000000000000000 ) ) ;
#4402 = ORIENTED_EDGE ( 'NONE', *, *, #3317, .F. ) ;
#4403 = PLANE ( 'NONE',  #5323 ) ;
#4404 = VERTEX_POINT ( 'NONE', #3209 ) ;
#4405 = ORIENTED_EDGE ( 'NONE', *, *, #5823, .F. ) ;
#4406 = CARTESIAN_POINT ( 'NONE',  ( -64.99999999999997158, -100.0000000000000000, 47.00000000000000711 ) ) ;
#4407 = AXIS2_PLACEMENT_3D ( 'NONE', #715, #1419, #3454 ) ;
#4408 = ORIENTED_EDGE ( 'NONE', *, *, #7225, .F. ) ;
#4409 = CARTESIAN_POINT ( 'NONE',  ( -49.49999999999995737, -84.99999999999998579, -49.50000000000010658 ) ) ;
#4410 = DIRECTION ( 'NONE',  ( 0.000000000000000000, 0.000000000000000000, 1.000000000000000000 ) ) ;
#4411 = ORIENTED_EDGE ( 'NONE', *, *, #171, .T. ) ;
#4412 = CARTESIAN_POINT ( 'NONE',  ( -61.99999999999997158, -100.0000000000000000, 46.99999999999998579 ) ) ;
#4413 = ADVANCED_FACE ( 'NONE', ( #5900 ), #2540, .F. ) ;
#4414 = FACE_BOUND ( 'NONE', #3531, .T. ) ;
#4415 = CARTESIAN_POINT ( 'NONE',  ( 31.30000000000000782, -103.0000000000000142, 45.00000000000003553 ) ) ;
#4416 = ORIENTED_EDGE ( 'NONE', *, *, #3119, .F. ) ;
#4417 = CARTESIAN_POINT ( 'NONE',  ( -39.99999999999997158, -90.00000000000001421, 48.00000000000000711 ) ) ;
#4418 = VECTOR ( 'NONE', #8411, 1000.000000000000000 ) ;
#4419 = ADVANCED_FACE ( 'NONE', ( #3920 ), #2308, .T. ) ;
#4420 = CARTESIAN_POINT ( 'NONE',  ( 33.74999999999999289, 4.000000000000000000, 41.25000000000001421 ) ) ;
#4421 = VECTOR ( 'NONE', #7534, 1000.000000000000000 ) ;
#4422 = EDGE_CURVE ( 'NONE', #6817, #564, #916, .T. ) ;
#4423 = VECTOR ( 'NONE', #1472, 1000.000000000000000 ) ;
#4424 = EDGE_LOOP ( 'NONE', ( #1311, #5180, #1051, #849 ) ) ;
#4425 = AXIS2_PLACEMENT_3D ( 'NONE', #1703, #7796, #4399 ) ;
#4426 = CARTESIAN_POINT ( 'NONE',  ( -52.00000000000000711, -90.00000000000001421, 31.00000000000001776 ) ) ;
#4427 = ORIENTED_EDGE ( 'NONE', *, *, #8166, .T. ) ;
#4428 = VECTOR ( 'NONE', #4879, 1000.000000000000000 ) ;
#4429 = ORIENTED_EDGE ( 'NONE', *, *, #5622, .T. ) ;
#4430 = FACE_BOUND ( 'NONE', #4288, .T. ) ;
#4431 = AXIS2_PLACEMENT_3D ( 'NONE', #2552, #7461, #8026 ) ;
#4432 = ORIENTED_EDGE ( 'NONE', *, *, #6905, .F. ) ;
#4433 = ADVANCED_FACE ( 'NONE', ( #870 ), #8268, .F. ) ;
#4434 = EDGE_CURVE ( 'NONE', #5701, #8279, #3558, .T. ) ;
#4435 = VECTOR ( 'NONE', #6498, 1000.000000000000000 ) ;
#4436 = DIRECTION ( 'NONE',  ( 0.000000000000000000, 0.000000000000000000, -1.000000000000000000 ) ) ;
#4437 = LINE ( 'NONE', #4608, #4286 ) ;
#4438 = AXIS2_PLACEMENT_3D ( 'NONE', #7961, #6591, #3912 ) ;
#4439 = ORIENTED_EDGE ( 'NONE', *, *, #586, .F. ) ;
#4440 = LINE ( 'NONE', #5755, #6685 ) ;
#4441 = ORIENTED_EDGE ( 'NONE', *, *, #7175, .F. ) ;
#4442 = AXIS2_PLACEMENT_3D ( 'NONE', #1993, #3910, #2567 ) ;
#4443 = DIRECTION ( 'NONE',  ( -1.000000000000000000, 0.000000000000000000, -0.000000000000000000 ) ) ;
#4444 = FACE_OUTER_BOUND ( 'NONE', #7835, .T. ) ;
#4445 = DIRECTION ( 'NONE',  ( -0.000000000000000000, 1.000000000000000000, -0.000000000000000000 ) ) ;
#4446 = CIRCLE ( 'NONE', #5287, 3.500000000000003109 ) ;
#4447 = CARTESIAN_POINT ( 'NONE',  ( 62.00000000000002842, -105.0000000000000142, 47.00000000000000711 ) ) ;
#4448 = EDGE_CURVE ( 'NONE', #4765, #1563, #3609, .T. ) ;
#4449 = DIRECTION ( 'NONE',  ( -6.207711584730260660E-48, 1.000000000000000000, 3.697785493223491743E-32 ) ) ;
#4450 = LINE ( 'NONE', #4529, #2003 ) ;
#4451 = DIRECTION ( 'NONE',  ( -1.000000000000000000, 0.000000000000000000, 0.000000000000000000 ) ) ;
#4452 = VECTOR ( 'NONE', #578, 1000.000000000000000 ) ;
#4453 = ORIENTED_EDGE ( 'NONE', *, *, #1076, .F. ) ;
#4454 = VERTEX_POINT ( 'NONE', #2229 ) ;
#4455 = DIRECTION ( 'NONE',  ( 0.000000000000000000, -0.000000000000000000, -1.000000000000000000 ) ) ;
#4456 = EDGE_LOOP ( 'NONE', ( #6875, #11, #8610, #5487 ) ) ;
#4457 = DIRECTION ( 'NONE',  ( -6.938893903907232322E-16, -1.000000000000000000, 0.000000000000000000 ) ) ;
#4458 = CARTESIAN_POINT ( 'NONE',  ( -50.99999999999996447, -90.00000000000001421, 0.000000000000000000 ) ) ;
#4459 = ORIENTED_EDGE ( 'NONE', *, *, #6540, .F. ) ;
#4460 = CARTESIAN_POINT ( 'NONE',  ( 31.30000000000000782, -103.0000000000000142, 45.00000000000003553 ) ) ;
#4461 =( BOUNDED_CURVE ( )  B_SPLINE_CURVE ( 3, ( #558, #5932, #5395, #4616 ),
 .UNSPECIFIED., .F., .T. ) 
 B_SPLINE_CURVE_WITH_KNOTS ( ( 4, 4 ),
 ( 0.7853981633974451704, 3.926990816987238286 ),
 .UNSPECIFIED. ) 
 CURVE ( )  GEOMETRIC_REPRESENTATION_ITEM ( )  RATIONAL_B_SPLINE_CURVE ( ( 1.000000000000000000, 0.3333333333333333703, 0.3333333333333333703, 1.000000000000000000 ) ) 
 REPRESENTATION_ITEM ( '' )  );
#4462 = CARTESIAN_POINT ( 'NONE',  ( -61.99999999999997158, 7.000000000000000000, 48.00000000000000711 ) ) ;
#4463 = CARTESIAN_POINT ( 'NONE',  ( -31.70000000000001350, 0.000000000000000000, 25.99999999999999645 ) ) ;
#4464 = VERTEX_POINT ( 'NONE', #6819 ) ;
#4465 = CARTESIAN_POINT ( 'NONE',  ( -39.99999999999999289, -45.00000000000000000, 50.00000000000000711 ) ) ;
#4466 = EDGE_CURVE ( 'NONE', #6941, #2788, #7686, .T. ) ;
#4467 = PLANE ( 'NONE',  #6088 ) ;
#4468 = VERTEX_POINT ( 'NONE', #7484 ) ;
#4469 = DIRECTION ( 'NONE',  ( 0.4999999999999973355, -0.7071067811865516806, -0.4999999999999968359 ) ) ;
#4470 = ORIENTED_EDGE ( 'NONE', *, *, #4756, .F. ) ;
#4471 = ORIENTED_EDGE ( 'NONE', *, *, #631, .T. ) ;
#4472 = AXIS2_PLACEMENT_3D ( 'NONE', #5851, #7176, #1133 ) ;
#4473 = CARTESIAN_POINT ( 'NONE',  ( -33.99999999999998579, -90.00000000000001421, 32.00000000000001421 ) ) ;
#4474 = VERTEX_POINT ( 'NONE', #2937 ) ;
#4475 = ADVANCED_FACE ( 'NONE', ( #782 ), #5534, .T. ) ;
#4476 = CARTESIAN_POINT ( 'NONE',  ( -58.99999999999994316, -89.05545635173707808, -42.75000000000012790 ) ) ;
#4477 = VERTEX_POINT ( 'NONE', #4924 ) ;
#4478 = CARTESIAN_POINT ( 'NONE',  ( 49.00000000000000711, -83.50000000000000000, 41.00000000000002842 ) ) ;
#4479 = ORIENTED_EDGE ( 'NONE', *, *, #5844, .F. ) ;
#4480 = DIRECTION ( 'NONE',  ( 0.000000000000000000, -1.000000000000000000, 0.000000000000000000 ) ) ;
#4481 = CARTESIAN_POINT ( 'NONE',  ( -8.626407040611047148E-15, -90.00000000000001421, 50.00000000000002132 ) ) ;
#4482 = DIRECTION ( 'NONE',  ( -0.000000000000000000, -1.000000000000000000, -0.000000000000000000 ) ) ;
#4483 = VECTOR ( 'NONE', #3480, 1000.000000000000000 ) ;
#4484 = CARTESIAN_POINT ( 'NONE',  ( 42.30000000000000426, -1.737959181815040933E-30, 47.00000000000000000 ) ) ;
#4485 = LINE ( 'NONE', #2497, #1029 ) ;
#4486 = AXIS2_PLACEMENT_3D ( 'NONE', #4243, #5733, #4896 ) ;
#4487 = DIRECTION ( 'NONE',  ( 0.000000000000000000, 0.000000000000000000, 1.000000000000000000 ) ) ;
#4488 = EDGE_LOOP ( 'NONE', ( #552, #6983, #1099, #858 ) ) ;
#4489 = ORIENTED_EDGE ( 'NONE', *, *, #4579, .F. ) ;
#4490 = ADVANCED_FACE ( 'NONE', ( #8226, #2897, #6244, #199, #107, #6110, #4875, #7618, #5445, #7528 ), #6150, .T. ) ;
#4491 = EDGE_CURVE ( 'NONE', #7155, #398, #4266, .T. ) ;
#4492 = CARTESIAN_POINT ( 'NONE',  ( -39.99999999999990763, 2.775557561562885671E-14, 50.00000000000001421 ) ) ;
#4493 = AXIS2_PLACEMENT_3D ( 'NONE', #482, #7722, #4457 ) ;
#4494 = ORIENTED_EDGE ( 'NONE', *, *, #8101, .F. ) ;
#4495 = DIRECTION ( 'NONE',  ( 0.000000000000000000, -1.000000000000000000, 0.000000000000000000 ) ) ;
#4496 = LINE ( 'NONE', #6435, #4008 ) ;
#4497 = ORIENTED_EDGE ( 'NONE', *, *, #7225, .T. ) ;
#4498 = FACE_OUTER_BOUND ( 'NONE', #1185, .T. ) ;
#4499 = VECTOR ( 'NONE', #3589, 1000.000000000000000 ) ;
#4500 = CARTESIAN_POINT ( 'NONE',  ( -61.99999999999997158, -101.5358983848622927, -46.99999999999999289 ) ) ;
#4501 = DIRECTION ( 'NONE',  ( 0.000000000000000000, -1.000000000000000000, 0.000000000000000000 ) ) ;
#4502 = VERTEX_POINT ( 'NONE', #1483 ) ;
#4503 = FACE_OUTER_BOUND ( 'NONE', #6225, .T. ) ;
#4504 = AXIS2_PLACEMENT_3D ( 'NONE', #7560, #984, #138 ) ;
#4505 = VERTEX_POINT ( 'NONE', #8135 ) ;
#4506 = AXIS2_PLACEMENT_3D ( 'NONE', #4465, #404, #3097 ) ;
#4507 = DIRECTION ( 'NONE',  ( -0.000000000000000000, -1.000000000000000000, -0.000000000000000000 ) ) ;
#4508 =( NAMED_UNIT ( * ) SI_UNIT ( $, .STERADIAN. ) SOLID_ANGLE_UNIT ( ) );
#4509 = EDGE_CURVE ( 'NONE', #3736, #3662, #246, .T. ) ;
#4510 = APPLICATION_CONTEXT ( 'automotive_design' ) ;
#4511 = ORIENTED_EDGE ( 'NONE', *, *, #1693, .F. ) ;
#4512 = CARTESIAN_POINT ( 'NONE',  ( -53.74264068711932651, -84.99999999999998579, 53.74264068711948283 ) ) ;
#4513 = ORIENTED_EDGE ( 'NONE', *, *, #5021, .T. ) ;
#4514 = ORIENTED_EDGE ( 'NONE', *, *, #7675, .F. ) ;
#4515 = FACE_OUTER_BOUND ( 'NONE', #142, .T. ) ;
#4516 = ORIENTED_EDGE ( 'NONE', *, *, #7908, .T. ) ;
#4517 = EDGE_CURVE ( 'NONE', #1028, #464, #7443, .T. ) ;
#4518 = CARTESIAN_POINT ( 'NONE',  ( 49.00000000000000000, -83.50000000000000000, -25.99999999999998224 ) ) ;
#4519 = EDGE_LOOP ( 'NONE', ( #4114, #7268, #7211, #958, #6008 ) ) ;
#4520 = EDGE_CURVE ( 'NONE', #1454, #7026, #4087, .T. ) ;
#4521 = ADVANCED_FACE ( 'NONE', ( #1573 ), #6952, .F. ) ;
#4522 = DIRECTION ( 'NONE',  ( 0.000000000000000000, 1.000000000000000000, 0.000000000000000000 ) ) ;
#4523 = ORIENTED_EDGE ( 'NONE', *, *, #6528, .F. ) ;
#4524 = LINE ( 'NONE', #7752, #468 ) ;
#4525 = DIRECTION ( 'NONE',  ( -0.000000000000000000, 1.000000000000000000, -0.000000000000000000 ) ) ;
#4526 = EDGE_CURVE ( 'NONE', #1768, #5805, #3426, .T. ) ;
#4527 = AXIS2_PLACEMENT_3D ( 'NONE', #1506, #2290, #4294 ) ;
#4528 = CARTESIAN_POINT ( 'NONE',  ( 43.29999999999997584, -4.000000000000000000, 22.99999999999999645 ) ) ;
#4529 = CARTESIAN_POINT ( 'NONE',  ( 55.99018758282583264, -88.17851130197759346, -46.99999999999999289 ) ) ;
#4530 = DIRECTION ( 'NONE',  ( -0.000000000000000000, 1.000000000000000000, -0.000000000000000000 ) ) ;
#4531 = ORIENTED_EDGE ( 'NONE', *, *, #4277, .T. ) ;
#4532 = ORIENTED_EDGE ( 'NONE', *, *, #944, .T. ) ;
#4533 = PLANE ( 'NONE',  #4700 ) ;
#4534 = ORIENTED_EDGE ( 'NONE', *, *, #3687, .T. ) ;
#4535 = PLANE ( 'NONE',  #4493 ) ;
#4536 = CARTESIAN_POINT ( 'NONE',  ( -39.70000000000000995, 7.000000000000000000, 18.99999999999999645 ) ) ;
#4537 = EDGE_LOOP ( 'NONE', ( #2547, #7803, #4940, #5380 ) ) ;
#4538 = CARTESIAN_POINT ( 'NONE',  ( -61.99999999999997158, -100.0000000000000000, 48.00000000000004974 ) ) ;
#4539 = EDGE_CURVE ( 'NONE', #7475, #8616, #5795, .T. ) ;
#4540 = EDGE_CURVE ( 'NONE', #6908, #6081, #293, .T. ) ;
#4541 = DIRECTION ( 'NONE',  ( 0.000000000000000000, 0.000000000000000000, -1.000000000000000000 ) ) ;
#4542 = ORIENTED_EDGE ( 'NONE', *, *, #282, .F. ) ;
#4543 = CARTESIAN_POINT ( 'NONE',  ( -52.00000000000005684, -91.00000000000009948, -47.00000000000000000 ) ) ;
#4544 = VECTOR ( 'NONE', #5124, 1000.000000000000000 ) ;
#4545 = EDGE_LOOP ( 'NONE', ( #3898, #7968, #8402, #5531, #1968, #225, #6021, #2916, #4746, #8693, #4706 ) ) ;
#4546 = DIRECTION ( 'NONE',  ( 1.901066822988281950E-16, 0.000000000000000000, -1.000000000000000000 ) ) ;
#4547 = DIRECTION ( 'NONE',  ( -1.000000000000000000, -0.000000000000000000, -0.000000000000000000 ) ) ;
#4548 = DIRECTION ( 'NONE',  ( -1.000000000000000000, 0.000000000000000000, 0.000000000000000000 ) ) ;
#4549 = VECTOR ( 'NONE', #3117, 1000.000000000000000 ) ;
#4550 = AXIS2_PLACEMENT_3D ( 'NONE', #2474, #447, #7861 ) ;
#4551 = EDGE_CURVE ( 'NONE', #4556, #6094, #1616, .T. ) ;
#4552 = AXIS2_PLACEMENT_3D ( 'NONE', #1918, #4618, #686 ) ;
#4553 = EDGE_LOOP ( 'NONE', ( #1863, #3210, #1091, #6264 ) ) ;
#4554 = EDGE_CURVE ( 'NONE', #6818, #8038, #5016, .T. ) ;
#4555 = LINE ( 'NONE', #7153, #2522 ) ;
#4556 = VERTEX_POINT ( 'NONE', #3070 ) ;
#4557 = EDGE_LOOP ( 'NONE', ( #2050, #2030, #7847, #727 ) ) ;
#4558 = AXIS2_PLACEMENT_3D ( 'NONE', #6461, #998, #4443 ) ;
#4559 = CARTESIAN_POINT ( 'NONE',  ( -52.00000000000000711, -100.0000000000000000, 31.00000000000001776 ) ) ;
#4560 = ORIENTED_EDGE ( 'NONE', *, *, #8343, .T. ) ;
#4561 = AXIS2_PLACEMENT_3D ( 'NONE', #5369, #7274, #8715 ) ;
#4562 = AXIS2_PLACEMENT_3D ( 'NONE', #8566, #5095, #7874 ) ;
#4563 = AXIS2_PLACEMENT_3D ( 'NONE', #6265, #2156, #1548 ) ;
#4564 = CIRCLE ( 'NONE', #7802, 1.750000000000001554 ) ;
#4565 = CARTESIAN_POINT ( 'NONE',  ( 52.00000000000004263, -98.00000000000000000, -42.75735931288070191 ) ) ;
#4566 = ORIENTED_EDGE ( 'NONE', *, *, #6364, .F. ) ;
#4567 = EDGE_CURVE ( 'NONE', #7987, #6630, #3822, .T. ) ;
#4568 = DIRECTION ( 'NONE',  ( 1.678764654171103998E-16, -0.000000000000000000, -1.000000000000000000 ) ) ;
#4569 = ORIENTED_EDGE ( 'NONE', *, *, #637, .F. ) ;
#4570 = CARTESIAN_POINT ( 'NONE',  ( -6.999999999999994671, -104.0000000000000142, -6.746146851020911000E-16 ) ) ;
#4571 = DIRECTION ( 'NONE',  ( 0.000000000000000000, 0.000000000000000000, -1.000000000000000000 ) ) ;
#4572 = CARTESIAN_POINT ( 'NONE',  ( 49.00000000000000000, -83.50000000000000000, -17.99999999999997513 ) ) ;
#4573 = VECTOR ( 'NONE', #2760, 1000.000000000000000 ) ;
#4574 = VECTOR ( 'NONE', #886, 1000.000000000000000 ) ;
#4575 = CARTESIAN_POINT ( 'NONE',  ( -16.50000000000001421, 10.53553390593273775, 35.00000000000002842 ) ) ;
#4576 = DIRECTION ( 'NONE',  ( -1.678764654171103998E-16, -0.000000000000000000, 1.000000000000000000 ) ) ;
#4577 = ORIENTED_EDGE ( 'NONE', *, *, #4785, .F. ) ;
#4578 = DIRECTION ( 'NONE',  ( 0.000000000000000000, 0.000000000000000000, 1.000000000000000000 ) ) ;
#4579 = EDGE_CURVE ( 'NONE', #3393, #603, #8360, .T. ) ;
#4580 = ORIENTED_EDGE ( 'NONE', *, *, #6895, .F. ) ;
#4581 = AXIS2_PLACEMENT_3D ( 'NONE', #3370, #4522, #5184 ) ;
#4582 = DIRECTION ( 'NONE',  ( -0.7071067811865486830, 0.000000000000000000, -0.7071067811865464625 ) ) ;
#4583 = VECTOR ( 'NONE', #2188, 1000.000000000000000 ) ;
#4584 = ORIENTED_EDGE ( 'NONE', *, *, #510, .F. ) ;
#4585 = DIRECTION ( 'NONE',  ( -0.000000000000000000, -1.000000000000000000, -0.000000000000000000 ) ) ;
#4586 = DIRECTION ( 'NONE',  ( -0.000000000000000000, -1.000000000000000000, -0.000000000000000000 ) ) ;
#4587 = EDGE_LOOP ( 'NONE', ( #930, #6121, #1817, #6851, #6097 ) ) ;
#4588 = DIRECTION ( 'NONE',  ( 0.000000000000000000, 0.000000000000000000, -1.000000000000000000 ) ) ;
#4589 = DIRECTION ( 'NONE',  ( 0.000000000000000000, -1.000000000000000000, 0.000000000000000000 ) ) ;
#4590 = CONICAL_SURFACE ( 'NONE', #5421, 0.9999999999999870104, 0.5235987755983070313 ) ;
#4591 = DIRECTION ( 'NONE',  ( 0.000000000000000000, 0.000000000000000000, -1.000000000000000000 ) ) ;
#4592 = EDGE_LOOP ( 'NONE', ( #7433, #6451, #4346, #5626 ) ) ;
#4593 = CARTESIAN_POINT ( 'NONE',  ( -61.99999999999997158, -60.00000000000000000, -37.20000000000006679 ) ) ;
#4594 = ORIENTED_EDGE ( 'NONE', *, *, #4226, .F. ) ;
#4595 = AXIS2_PLACEMENT_3D ( 'NONE', #8042, #7302, #1385 ) ;
#4596 = EDGE_CURVE ( 'NONE', #3090, #5275, #5713, .T. ) ;
#4597 =( NAMED_UNIT ( * ) PLANE_ANGLE_UNIT ( ) SI_UNIT ( $, .RADIAN. ) );
#4598 = CARTESIAN_POINT ( 'NONE',  ( -4.666666666666694496, -92.33333333333332860, 45.66666666666667140 ) ) ;
#4599 = DIRECTION ( 'NONE',  ( 0.000000000000000000, 0.000000000000000000, 1.000000000000000000 ) ) ;
#4600 = DIRECTION ( 'NONE',  ( -0.7071067811865459074, -0.7071067811865491270, 0.000000000000000000 ) ) ;
#4601 = ORIENTED_EDGE ( 'NONE', *, *, #6413, .F. ) ;
#4602 = PLANE ( 'NONE',  #3126 ) ;
#4603 = ORIENTED_EDGE ( 'NONE', *, *, #1253, .T. ) ;
#4604 = LINE ( 'NONE', #6135, #1865 ) ;
#4605 = EDGE_CURVE ( 'NONE', #4959, #5712, #2982, .T. ) ;
#4606 = EDGE_CURVE ( 'NONE', #149, #5545, #1698, .T. ) ;
#4607 = ADVANCED_FACE ( 'NONE', ( #3159 ), #5845, .F. ) ;
#4608 = CARTESIAN_POINT ( 'NONE',  ( -57.99999999999997868, -60.00000000000000000, -26.19999999999999574 ) ) ;
#4609 = VECTOR ( 'NONE', #5732, 1000.000000000000000 ) ;
#4610 = ORIENTED_EDGE ( 'NONE', *, *, #5571, .T. ) ;
#4611 = CARTESIAN_POINT ( 'NONE',  ( 0.000000000000000000, -90.00000000000001421, 32.00000000000001421 ) ) ;
#4612 = VERTEX_POINT ( 'NONE', #7167 ) ;
#4613 = CARTESIAN_POINT ( 'NONE',  ( 27.49999999999999645, 5.999999999999985789, 38.50000000000001421 ) ) ;
#4614 = DIRECTION ( 'NONE',  ( -0.000000000000000000, 1.000000000000000000, -0.000000000000000000 ) ) ;
#4615 = VECTOR ( 'NONE', #7479, 1000.000000000000000 ) ;
#4616 = CARTESIAN_POINT ( 'NONE',  ( 59.00000000000002132, -87.28768939877066657, 45.25000000000000711 ) ) ;
#4617 = EDGE_CURVE ( 'NONE', #534, #152, #2445, .T. ) ;
#4618 = DIRECTION ( 'NONE',  ( 0.000000000000000000, -1.000000000000000000, 0.000000000000000000 ) ) ;
#4619 = EDGE_LOOP ( 'NONE', ( #60, #8327 ) ) ;
#4620 = CARTESIAN_POINT ( 'NONE',  ( 52.00000000000004263, -98.00000000000000000, -47.00000000000000000 ) ) ;
#4621 = ORIENTED_EDGE ( 'NONE', *, *, #1947, .F. ) ;
#4622 = CARTESIAN_POINT ( 'NONE',  ( 33.74999999999999289, 26.09188309203678102, 41.25000000000001421 ) ) ;
#4623 = ORIENTED_EDGE ( 'NONE', *, *, #2192, .T. ) ;
#4624 = CARTESIAN_POINT ( 'NONE',  ( 43.29999999999999005, 0.000000000000000000, -44.75000000000001421 ) ) ;
#4625 = CARTESIAN_POINT ( 'NONE',  ( -57.99999999999997158, -60.00000000000000000, -25.19999999999999574 ) ) ;
#4626 = VECTOR ( 'NONE', #7495, 1000.000000000000114 ) ;
#4627 = LINE ( 'NONE', #24, #907 ) ;
#4628 = CARTESIAN_POINT ( 'NONE',  ( 26.33333333333302306, -63.66666666666696983, 14.66666666666648133 ) ) ;
#4629 = CIRCLE ( 'NONE', #5608, 1.250000000000007994 ) ;
#4630 = CARTESIAN_POINT ( 'NONE',  ( 45.30000000000001847, -100.0000000000000000, 48.00000000000004974 ) ) ;
#4631 = EDGE_CURVE ( 'NONE', #7857, #4134, #4440, .T. ) ;
#4632 = DIRECTION ( 'NONE',  ( 1.000000000000000000, 0.000000000000000000, 0.000000000000000000 ) ) ;
#4633 = ORIENTED_EDGE ( 'NONE', *, *, #2571, .F. ) ;
#4634 = DIRECTION ( 'NONE',  ( -6.938893903907246521E-15, -0.000000000000000000, -1.000000000000000000 ) ) ;
#4635 = EDGE_LOOP ( 'NONE', ( #6447, #800, #543, #4367 ) ) ;
#4636 = AXIS2_PLACEMENT_3D ( 'NONE', #3260, #6482, #5080 ) ;
#4637 = FACE_OUTER_BOUND ( 'NONE', #7494, .T. ) ;
#4638 = CARTESIAN_POINT ( 'NONE',  ( 27.49999999999999645, 7.000000000000000000, 35.00000000000000711 ) ) ;
#4639 = EDGE_CURVE ( 'NONE', #2373, #7960, #4394, .T. ) ;
#4640 = FACE_OUTER_BOUND ( 'NONE', #2502, .T. ) ;
#4641 = AXIS2_PLACEMENT_3D ( 'NONE', #7020, #2254, #5648 ) ;
#4642 = CIRCLE ( 'NONE', #8016, 1.750000000000001554 ) ;
#4643 = EDGE_CURVE ( 'NONE', #1391, #8425, #957, .T. ) ;
#4644 = CARTESIAN_POINT ( 'NONE',  ( -58.99999999999994316, -100.0000000000000000, -44.00000000000012790 ) ) ;
#4645 = EDGE_LOOP ( 'NONE', ( #7699, #8314, #6859, #7497, #5185, #3799, #2148, #2481 ) ) ;
#4646 = LINE ( 'NONE', #7332, #2980 ) ;
#4647 = ORIENTED_EDGE ( 'NONE', *, *, #3122, .T. ) ;
#4648 = CYLINDRICAL_SURFACE ( 'NONE', #8347, 1.750000000000001554 ) ;
#4649 = EDGE_CURVE ( 'NONE', #5221, #7897, #3652, .T. ) ;
#4650 = VECTOR ( 'NONE', #4634, 1000.000000000000000 ) ;
#4651 = LINE ( 'NONE', #6137, #7235 ) ;
#4652 = EDGE_LOOP ( 'NONE', ( #4744, #5442, #6687, #3399 ) ) ;
#4653 = EDGE_LOOP ( 'NONE', ( #1256, #6724 ) ) ;
#4654 = PLANE ( 'NONE',  #3740 ) ;
#4655 = ORIENTED_EDGE ( 'NONE', *, *, #4696, .T. ) ;
#4656 = DIRECTION ( 'NONE',  ( 0.000000000000000000, -1.000000000000000000, 0.000000000000000000 ) ) ;
#4657 = DIRECTION ( 'NONE',  ( 6.938893903907232322E-16, 1.000000000000000000, 1.568993278667914202E-31 ) ) ;
#4658 = DIRECTION ( 'NONE',  ( 0.000000000000000000, 0.000000000000000000, -1.000000000000000000 ) ) ;
#4659 = EDGE_CURVE ( 'NONE', #7124, #4477, #5097, .T. ) ;
#4660 = DIRECTION ( 'NONE',  ( -1.000000000000000000, 0.000000000000000000, 0.000000000000000000 ) ) ;
#4661 = LINE ( 'NONE', #7305, #2864 ) ;
#4662 = ORIENTED_EDGE ( 'NONE', *, *, #5867, .T. ) ;
#4663 = LINE ( 'NONE', #6558, #3217 ) ;
#4664 = ORIENTED_EDGE ( 'NONE', *, *, #7399, .T. ) ;
#4665 = CARTESIAN_POINT ( 'NONE',  ( 62.00000000000002842, 7.000000000000000000, -46.99999999999999289 ) ) ;
#4666 = ORIENTED_EDGE ( 'NONE', *, *, #4139, .F. ) ;
#4667 = CARTESIAN_POINT ( 'NONE',  ( -36.50000000000001421, 6.000000000000000000, -34.50000000000000000 ) ) ;
#4668 = FACE_BOUND ( 'NONE', #3071, .T. ) ;
#4669 = DIRECTION ( 'NONE',  ( -0.000000000000000000, 1.000000000000000000, -0.000000000000000000 ) ) ;
#4670 = CARTESIAN_POINT ( 'NONE',  ( -61.99999999999997158, -105.0000000000000142, -47.99999999999997868 ) ) ;
#4671 = DIRECTION ( 'NONE',  ( -0.000000000000000000, 1.000000000000000000, -0.000000000000000000 ) ) ;
#4672 = CARTESIAN_POINT ( 'NONE',  ( -36.99999999999995737, -100.0000000000000000, 45.00000000000001421 ) ) ;
#4673 = ORIENTED_EDGE ( 'NONE', *, *, #8190, .T. ) ;
#4674 = LINE ( 'NONE', #1239, #4650 ) ;
#4675 = VERTEX_POINT ( 'NONE', #3738 ) ;
#4676 = DIRECTION ( 'NONE',  ( -1.000000000000000000, 0.000000000000000000, 0.000000000000000000 ) ) ;
#4677 = CARTESIAN_POINT ( 'NONE',  ( -59.99999999999997868, -60.00000000000000000, 0.2000000000000057288 ) ) ;
#4678 = ADVANCED_FACE ( 'NONE', ( #6418 ), #8446, .F. ) ;
#4679 = UNCERTAINTY_MEASURE_WITH_UNIT (LENGTH_MEASURE( 1.000000000000000082E-05 ), #4201, 'distance_accuracy_value', 'NONE');
#4680 = CARTESIAN_POINT ( 'NONE',  ( -38.50000000000000711, 10.53553390593273775, 35.00000000000002132 ) ) ;
#4681 = PLANE ( 'NONE',  #5749 ) ;
#4682 = ORIENTED_EDGE ( 'NONE', *, *, #6572, .F. ) ;
#4683 = DIRECTION ( 'NONE',  ( 0.000000000000000000, 0.000000000000000000, -1.000000000000000000 ) ) ;
#4684 = EDGE_CURVE ( 'NONE', #75, #3090, #1080, .T. ) ;
#4685 = EDGE_CURVE ( 'NONE', #3468, #5045, #5981, .T. ) ;
#4686 = AXIS2_PLACEMENT_3D ( 'NONE', #6423, #7045, #1001 ) ;
#4687 = VECTOR ( 'NONE', #1837, 1000.000000000000000 ) ;
#4688 = CARTESIAN_POINT ( 'NONE',  ( 47.29999999999998295, 7.000000000000000000, 18.99999999999999645 ) ) ;
#4689 = VECTOR ( 'NONE', #7407, 1000.000000000000000 ) ;
#4690 = EDGE_LOOP ( 'NONE', ( #5030, #7355, #4004, #7738 ) ) ;
#4691 = ORIENTED_EDGE ( 'NONE', *, *, #7283, .F. ) ;
#4692 = AXIS2_PLACEMENT_3D ( 'NONE', #5634, #8182, #7673 ) ;
#4693 = ADVANCED_FACE ( 'NONE', ( #7210 ), #7255, .F. ) ;
#4694 = CARTESIAN_POINT ( 'NONE',  ( 43.29999999999999005, 0.000000000000000000, -41.25000000000000711 ) ) ;
#4695 = ORIENTED_EDGE ( 'NONE', *, *, #1420, .T. ) ;
#4696 = EDGE_CURVE ( 'NONE', #413, #3572, #1343, .T. ) ;
#4697 = CARTESIAN_POINT ( 'NONE',  ( -58.99999999999994316, -105.0000000000000142, -44.00000000000012790 ) ) ;
#4698 = AXIS2_PLACEMENT_3D ( 'NONE', #4460, #1100, #2420 ) ;
#4699 = LINE ( 'NONE', #682, #2230 ) ;
#4700 = AXIS2_PLACEMENT_3D ( 'NONE', #967, #6341, #8375 ) ;
#4701 = DIRECTION ( 'NONE',  ( -0.000000000000000000, 1.000000000000000000, -0.000000000000000000 ) ) ;
#4702 = FACE_OUTER_BOUND ( 'NONE', #891, .T. ) ;
#4703 = LINE ( 'NONE', #6681, #7797 ) ;
#4704 = ORIENTED_EDGE ( 'NONE', *, *, #3193, .T. ) ;
#4705 = FACE_OUTER_BOUND ( 'NONE', #8538, .T. ) ;
#4706 = ORIENTED_EDGE ( 'NONE', *, *, #8373, .T. ) ;
#4707 = AXIS2_PLACEMENT_3D ( 'NONE', #7712, #6292, #4318 ) ;
#4708 = DIRECTION ( 'NONE',  ( -0.000000000000000000, -1.000000000000000000, -0.000000000000000000 ) ) ;
#4709 = EDGE_LOOP ( 'NONE', ( #1213, #1525, #7209, #5263, #926, #7400 ) ) ;
#4710 = CARTESIAN_POINT ( 'NONE',  ( 65.00000000000002842, -100.0000000000000000, -46.99999999999999289 ) ) ;
#4711 = CARTESIAN_POINT ( 'NONE',  ( -62.99999999999995737, -105.0000000000000142, -46.99999999999999289 ) ) ;
#4712 = EDGE_CURVE ( 'NONE', #1843, #5275, #7959, .T. ) ;
#4713 = ORIENTED_EDGE ( 'NONE', *, *, #7466, .T. ) ;
#4714 = VECTOR ( 'NONE', #2778, 1000.000000000000000 ) ;
#4715 = FACE_OUTER_BOUND ( 'NONE', #4690, .T. ) ;
#4716 = CARTESIAN_POINT ( 'NONE',  ( 43.29999999999997584, 0.000000000000000000, 22.99999999999999645 ) ) ;
#4717 = CARTESIAN_POINT ( 'NONE',  ( -48.99999999999997158, -105.0000000000000142, 46.00000000000001421 ) ) ;
#4718 = VECTOR ( 'NONE', #7078, 1000.000000000000000 ) ;
#4719 = ORIENTED_EDGE ( 'NONE', *, *, #1414, .T. ) ;
#4720 = LINE ( 'NONE', #4056, #1403 ) ;
#4721 = ORIENTED_EDGE ( 'NONE', *, *, #1199, .T. ) ;
#4722 = VERTEX_POINT ( 'NONE', #591 ) ;
#4723 = DIRECTION ( 'NONE',  ( -1.000000000000000000, 0.000000000000000000, 2.312964634635740985E-16 ) ) ;
#4724 = CARTESIAN_POINT ( 'NONE',  ( -24.99999999999999645, -90.00000000000001421, 47.00000000000000711 ) ) ;
#4725 = ORIENTED_EDGE ( 'NONE', *, *, #6366, .T. ) ;
#4726 = LINE ( 'NONE', #7983, #2467 ) ;
#4727 = CIRCLE ( 'NONE', #7260, 3.500000000000003109 ) ;
#4728 = CARTESIAN_POINT ( 'NONE',  ( 49.00000000000000711, -100.0000000000000000, 41.00000000000002842 ) ) ;
#4729 = VERTEX_POINT ( 'NONE', #5264 ) ;
#4730 = CARTESIAN_POINT ( 'NONE',  ( 0.000000000000000000, -60.00000000000000000, 0.000000000000000000 ) ) ;
#4731 = CARTESIAN_POINT ( 'NONE',  ( -39.99999999999997158, -103.0000000000000142, 38.00000000000001421 ) ) ;
#4732 = DIRECTION ( 'NONE',  ( -0.000000000000000000, -1.000000000000000000, -0.000000000000000000 ) ) ;
#4733 = VERTEX_POINT ( 'NONE', #8570 ) ;
#4734 = ORIENTED_EDGE ( 'NONE', *, *, #8561, .F. ) ;
#4735 = ORIENTED_EDGE ( 'NONE', *, *, #7467, .F. ) ;
#4736 = DIRECTION ( 'NONE',  ( 0.000000000000000000, 0.000000000000000000, -1.000000000000000000 ) ) ;
#4737 = EDGE_CURVE ( 'NONE', #8520, #6935, #1170, .T. ) ;
#4738 = DIRECTION ( 'NONE',  ( 0.000000000000000000, -1.000000000000000000, 0.000000000000000000 ) ) ;
#4739 = AXIS2_PLACEMENT_3D ( 'NONE', #2046, #8004, #8613 ) ;
#4740 = DIRECTION ( 'NONE',  ( 0.000000000000000000, -1.000000000000000000, 0.000000000000000000 ) ) ;
#4741 = DIRECTION ( 'NONE',  ( -0.000000000000000000, -1.000000000000000000, -0.000000000000000000 ) ) ;
#4742 = FACE_OUTER_BOUND ( 'NONE', #294, .T. ) ;
#4743 = ORIENTED_EDGE ( 'NONE', *, *, #7726, .F. ) ;
#4744 = ORIENTED_EDGE ( 'NONE', *, *, #9, .F. ) ;
#4745 = DIRECTION ( 'NONE',  ( 0.000000000000000000, 0.000000000000000000, -1.000000000000000000 ) ) ;
#4746 = ORIENTED_EDGE ( 'NONE', *, *, #4326, .F. ) ;
#4747 = AXIS2_PLACEMENT_3D ( 'NONE', #4779, #1610, #191 ) ;
#4748 = CARTESIAN_POINT ( 'NONE',  ( 62.00000000000002842, 0.000000000000000000, -43.99999999999999289 ) ) ;
#4749 = PLANE ( 'NONE',  #205 ) ;
#4750 = DIRECTION ( 'NONE',  ( 0.000000000000000000, 1.000000000000000000, 0.000000000000000000 ) ) ;
#4751 = PLANE ( 'NONE',  #4992 ) ;
#4752 = FACE_OUTER_BOUND ( 'NONE', #5836, .T. ) ;
#4753 = LINE ( 'NONE', #7453, #5754 ) ;
#4754 = EDGE_LOOP ( 'NONE', ( #8305, #2093, #5128, #1514 ) ) ;
#4755 = DIRECTION ( 'NONE',  ( 0.000000000000000000, 0.000000000000000000, 1.000000000000000000 ) ) ;
#4756 = EDGE_CURVE ( 'NONE', #355, #2804, #3321, .T. ) ;
#4757 = ORIENTED_EDGE ( 'NONE', *, *, #4805, .F. ) ;
#4758 = ORIENTED_EDGE ( 'NONE', *, *, #2802, .F. ) ;
#4759 = LINE ( 'NONE', #1410, #112 ) ;
#4760 = DIRECTION ( 'NONE',  ( 0.000000000000000000, -1.000000000000000000, 0.000000000000000000 ) ) ;
#4761 = ORIENTED_EDGE ( 'NONE', *, *, #1681, .F. ) ;
#4762 = DIRECTION ( 'NONE',  ( -0.000000000000000000, -1.000000000000000000, -0.000000000000000000 ) ) ;
#4763 = AXIS2_PLACEMENT_3D ( 'NONE', #5455, #256, #5636 ) ;
#4764 = CARTESIAN_POINT ( 'NONE',  ( -48.99999999999997158, -105.0000000000000142, 38.00000000000001421 ) ) ;
#4765 = VERTEX_POINT ( 'NONE', #2488 ) ;
#4766 = DIRECTION ( 'NONE',  ( 0.000000000000000000, 0.000000000000000000, -1.000000000000000000 ) ) ;
#4767 = EDGE_CURVE ( 'NONE', #7112, #5545, #6120, .T. ) ;
#4768 = CIRCLE ( 'NONE', #1664, 1.750000000000001554 ) ;
#4769 = CARTESIAN_POINT ( 'NONE',  ( 59.00000000000002132, -105.0000000000000142, 44.00000000000000711 ) ) ;
#4770 = VECTOR ( 'NONE', #6434, 1000.000000000000000 ) ;
#4771 = CARTESIAN_POINT ( 'NONE',  ( -13.00000000000000888, -8.000000000000000000, 30.00000000000002132 ) ) ;
#4772 = ORIENTED_EDGE ( 'NONE', *, *, #4639, .T. ) ;
#4773 = ORIENTED_EDGE ( 'NONE', *, *, #5586, .F. ) ;
#4774 = VERTEX_POINT ( 'NONE', #7340 ) ;
#4775 = CARTESIAN_POINT ( 'NONE',  ( -62.99999999999995737, -105.0000000000000142, 47.00000000000000711 ) ) ;
#4776 = CIRCLE ( 'NONE', #7039, 1.750000000000001554 ) ;
#4777 = ADVANCED_FACE ( 'NONE', ( #6549 ), #1871, .F. ) ;
#4778 = DIRECTION ( 'NONE',  ( -0.7071067811865486830, 0.000000000000000000, 0.7071067811865464625 ) ) ;
#4779 = CARTESIAN_POINT ( 'NONE',  ( 0.000000000000000000, -60.00000000000000000, 0.000000000000000000 ) ) ;
#4780 = CARTESIAN_POINT ( 'NONE',  ( 19.00000000000000000, -100.0000000000000000, -25.99999999999997868 ) ) ;
#4781 = LINE ( 'NONE', #5397, #8063 ) ;
#4782 = EDGE_LOOP ( 'NONE', ( #7219, #7444, #6344, #3727 ) ) ;
#4783 = EDGE_CURVE ( 'NONE', #1271, #5536, #5927, .T. ) ;
#4784 = ORIENTED_EDGE ( 'NONE', *, *, #5835, .F. ) ;
#4785 = EDGE_CURVE ( 'NONE', #6151, #2018, #8609, .T. ) ;
#4786 = CARTESIAN_POINT ( 'NONE',  ( 62.00000000000002842, 7.000000000000000000, 47.00000000000000711 ) ) ;
#4787 = ORIENTED_EDGE ( 'NONE', *, *, #5436, .F. ) ;
#4788 = LINE ( 'NONE', #6247, #2714 ) ;
#4789 = DIRECTION ( 'NONE',  ( -0.000000000000000000, 1.000000000000000000, -0.000000000000000000 ) ) ;
#4790 = DIRECTION ( 'NONE',  ( 0.000000000000000000, 0.000000000000000000, -1.000000000000000000 ) ) ;
#4791 = LINE ( 'NONE', #8181, #7100 ) ;
#4792 = CARTESIAN_POINT ( 'NONE',  ( 0.000000000000000000, 5.000000000000000000, 0.000000000000000000 ) ) ;
#4793 = CARTESIAN_POINT ( 'NONE',  ( 0.000000000000000000, 7.000000000000000000, -47.99999999999999289 ) ) ;
#4794 = VERTEX_POINT ( 'NONE', #1217 ) ;
#4795 = DIRECTION ( 'NONE',  ( -1.000000000000000000, 0.000000000000000000, 0.000000000000000000 ) ) ;
#4796 = ADVANCED_FACE ( 'NONE', ( #677 ), #1913, .F. ) ;
#4797 = VERTEX_POINT ( 'NONE', #7299 ) ;
#4798 = EDGE_LOOP ( 'NONE', ( #7469, #7995, #3530, #8529 ) ) ;
#4799 = DIRECTION ( 'NONE',  ( -0.000000000000000000, -1.000000000000000000, 0.000000000000000000 ) ) ;
#4800 = EDGE_CURVE ( 'NONE', #4128, #211, #1259, .T. ) ;
#4801 = LINE ( 'NONE', #664, #2235 ) ;
#4802 = DIRECTION ( 'NONE',  ( 0.000000000000000000, -1.000000000000000000, 0.000000000000000000 ) ) ;
#4803 = ORIENTED_EDGE ( 'NONE', *, *, #43, .F. ) ;
#4804 =( NAMED_UNIT ( * ) PLANE_ANGLE_UNIT ( ) SI_UNIT ( $, .RADIAN. ) );
#4805 = EDGE_CURVE ( 'NONE', #347, #7865, #5970, .T. ) ;
#4806 = DIRECTION ( 'NONE',  ( 0.000000000000000000, 1.000000000000000000, 0.000000000000000000 ) ) ;
#4807 = CIRCLE ( 'NONE', #2123, 0.9999999999999991118 ) ;
#4808 = ORIENTED_EDGE ( 'NONE', *, *, #6628, .T. ) ;
#4809 = DIRECTION ( 'NONE',  ( 0.000000000000000000, -1.000000000000000000, 0.000000000000000000 ) ) ;
#4810 = DIRECTION ( 'NONE',  ( 0.000000000000000000, 0.000000000000000000, -1.000000000000000000 ) ) ;
#4811 = EDGE_CURVE ( 'NONE', #883, #6802, #3453, .T. ) ;
#4812 = ADVANCED_FACE ( 'NONE', ( #1958 ), #4654, .F. ) ;
#4813 = ORIENTED_EDGE ( 'NONE', *, *, #4930, .T. ) ;
#4814 = DIRECTION ( 'NONE',  ( -0.000000000000000000, -1.000000000000000000, -0.000000000000000000 ) ) ;
#4815 = ORIENTED_EDGE ( 'NONE', *, *, #449, .F. ) ;
#4816 = VERTEX_POINT ( 'NONE', #6010 ) ;
#4817 = EDGE_LOOP ( 'NONE', ( #4936, #6735 ) ) ;
#4818 = DIRECTION ( 'NONE',  ( -0.000000000000000000, -1.000000000000000000, -0.000000000000000000 ) ) ;
#4819 = LINE ( 'NONE', #3463, #3828 ) ;
#4820 = AXIS2_PLACEMENT_3D ( 'NONE', #66, #2940, #4268 ) ;
#4821 = CARTESIAN_POINT ( 'NONE',  ( 49.00000000000000000, -90.50000000000001421, -21.99999999999997868 ) ) ;
#4822 = CARTESIAN_POINT ( 'NONE',  ( -6.655711229775227444, -100.0000000000000000, 34.99999999999999289 ) ) ;
#4823 = CARTESIAN_POINT ( 'NONE',  ( 62.00000000000002842, 7.000000000000000000, 50.00000000000000711 ) ) ;
#4824 = CIRCLE ( 'NONE', #5956, 1.250000000000007994 ) ;
#4825 = ORIENTED_EDGE ( 'NONE', *, *, #2485, .F. ) ;
#4826 = EDGE_CURVE ( 'NONE', #3192, #7071, #4856, .T. ) ;
#4827 = ORIENTED_EDGE ( 'NONE', *, *, #2748, .T. ) ;
#4828 = VECTOR ( 'NONE', #2377, 1000.000000000000000 ) ;
#4829 = DIRECTION ( 'NONE',  ( 0.000000000000000000, 0.000000000000000000, -1.000000000000000000 ) ) ;
#4830 = AXIS2_PLACEMENT_3D ( 'NONE', #7763, #7137, #1711 ) ;
#4831 = ORIENTED_EDGE ( 'NONE', *, *, #1732, .F. ) ;
#4832 = DIRECTION ( 'NONE',  ( 0.000000000000000000, 1.000000000000000000, 0.000000000000000000 ) ) ;
#4833 = DIRECTION ( 'NONE',  ( 0.000000000000000000, 0.000000000000000000, 1.000000000000000000 ) ) ;
#4834 = DIRECTION ( 'NONE',  ( 0.000000000000000000, 0.000000000000000000, 1.000000000000000000 ) ) ;
#4835 = DIRECTION ( 'NONE',  ( -0.000000000000000000, -1.000000000000000000, -0.000000000000000000 ) ) ;
#4836 = CARTESIAN_POINT ( 'NONE',  ( -27.50000000000000355, 7.000000000000000000, 42.00000000000002132 ) ) ;
#4837 = VECTOR ( 'NONE', #735, 1000.000000000000000 ) ;
#4838 = VECTOR ( 'NONE', #3150, 1000.000000000000000 ) ;
#4839 = CARTESIAN_POINT ( 'NONE',  ( -39.70000000000000995, 6.000000000000000000, -0.000000000000000000 ) ) ;
#4840 = ORIENTED_EDGE ( 'NONE', *, *, #7467, .T. ) ;
#4841 = CARTESIAN_POINT ( 'NONE',  ( -61.99999999999997158, -60.00000000000000000, 0.2000000000000057288 ) ) ;
#4842 = ORIENTED_EDGE ( 'NONE', *, *, #4955, .T. ) ;
#4843 = ORIENTED_EDGE ( 'NONE', *, *, #6696, .F. ) ;
#4844 = CARTESIAN_POINT ( 'NONE',  ( 49.00000000000000711, -90.50000000000001421, 41.00000000000002842 ) ) ;
#4845 = AXIS2_PLACEMENT_3D ( 'NONE', #6476, #437, #3129 ) ;
#4846 = CARTESIAN_POINT ( 'NONE',  ( 59.00000000000002132, -100.0000000000000000, 45.75000000000000711 ) ) ;
#4847 = DIRECTION ( 'NONE',  ( 0.000000000000000000, 0.000000000000000000, -1.000000000000000000 ) ) ;
#4848 = VERTEX_POINT ( 'NONE', #4694 ) ;
#4849 = DIRECTION ( 'NONE',  ( 0.000000000000000000, 0.000000000000000000, -1.000000000000000000 ) ) ;
#4850 = ADVANCED_FACE ( 'NONE', ( #6932 ), #3675, .F. ) ;
#4851 = AXIS2_PLACEMENT_3D ( 'NONE', #8582, #4708, #7354 ) ;
#4852 = AXIS2_PLACEMENT_3D ( 'NONE', #3798, #5729, #8544 ) ;
#4853 = FACE_OUTER_BOUND ( 'NONE', #8447, .T. ) ;
#4854 = ORIENTED_EDGE ( 'NONE', *, *, #1654, .T. ) ;
#4855 = CARTESIAN_POINT ( 'NONE',  ( -6.999999999999987566, 6.071532165918793276E-16, 46.99999999999999289 ) ) ;
#4856 = CIRCLE ( 'NONE', #7116, 1.250000000000001110 ) ;
#4857 = DIRECTION ( 'NONE',  ( 0.000000000000000000, 1.000000000000000000, -0.000000000000000000 ) ) ;
#4858 = EDGE_CURVE ( 'NONE', #6195, #5864, #6221, .T. ) ;
#4859 = ORIENTED_EDGE ( 'NONE', *, *, #5722, .T. ) ;
#4860 = DIRECTION ( 'NONE',  ( 0.000000000000000000, -1.000000000000000000, 0.000000000000000000 ) ) ;
#4861 = VECTOR ( 'NONE', #2751, 1000.000000000000000 ) ;
#4862 = EDGE_LOOP ( 'NONE', ( #7678, #1753, #2006, #6730 ) ) ;
#4863 = EDGE_CURVE ( 'NONE', #4166, #8709, #2964, .T. ) ;
#4864 = VERTEX_POINT ( 'NONE', #6177 ) ;
#4865 = EDGE_CURVE ( 'NONE', #2788, #4281, #176, .T. ) ;
#4866 = DIRECTION ( 'NONE',  ( 0.000000000000000000, 1.000000000000000000, 0.000000000000000000 ) ) ;
#4867 = ORIENTED_EDGE ( 'NONE', *, *, #6355, .F. ) ;
#4868 = CARTESIAN_POINT ( 'NONE',  ( 19.00000000000000000, -100.0000000000000000, -17.99999999999997868 ) ) ;
#4869 = CARTESIAN_POINT ( 'NONE',  ( -39.70000000000000995, 0.000000000000000000, 18.99999999999999645 ) ) ;
#4870 = DIRECTION ( 'NONE',  ( 0.000000000000000000, 0.000000000000000000, -1.000000000000000000 ) ) ;
#4871 = PLANE ( 'NONE',  #8205 ) ;
#4872 = ORIENTED_EDGE ( 'NONE', *, *, #7378, .T. ) ;
#4873 = EDGE_LOOP ( 'NONE', ( #1204, #502, #6276, #4633 ) ) ;
#4874 = EDGE_LOOP ( 'NONE', ( #2604, #5247, #433, #3873 ) ) ;
#4875 = FACE_BOUND ( 'NONE', #8436, .T. ) ;
#4876 = ORIENTED_EDGE ( 'NONE', *, *, #2924, .F. ) ;
#4877 = FACE_OUTER_BOUND ( 'NONE', #5273, .T. ) ;
#4878 = DIRECTION ( 'NONE',  ( -1.000000000000000000, 0.000000000000000000, 0.000000000000000000 ) ) ;
#4879 = DIRECTION ( 'NONE',  ( 0.000000000000000000, -1.000000000000000000, 0.000000000000000000 ) ) ;
#4880 = CARTESIAN_POINT ( 'NONE',  ( 43.29999999999999005, 0.000000000000000000, -43.00000000000000711 ) ) ;
#4881 = EDGE_CURVE ( 'NONE', #1454, #730, #3094, .T. ) ;
#4882 = CYLINDRICAL_SURFACE ( 'NONE', #6676, 1.000000000000000888 ) ;
#4883 = CARTESIAN_POINT ( 'NONE',  ( -41.57526077778262419, -90.00000000000001421, 32.00000000000001421 ) ) ;
#4884 = ORIENTED_EDGE ( 'NONE', *, *, #4800, .F. ) ;
#4885 = DIRECTION ( 'NONE',  ( -0.000000000000000000, -1.000000000000000000, -0.000000000000000000 ) ) ;
#4886 = ORIENTED_EDGE ( 'NONE', *, *, #5830, .T. ) ;
#4887 = ORIENTED_EDGE ( 'NONE', *, *, #6999, .T. ) ;
#4888 = VECTOR ( 'NONE', #4449, 1000.000000000000000 ) ;
#4889 = CARTESIAN_POINT ( 'NONE',  ( -24.99999999999999289, -100.0000000000000000, 38.00000000000000711 ) ) ;
#4890 = CARTESIAN_POINT ( 'NONE',  ( 43.29999999999999005, 11.94974746830584600, -41.25000000000000711 ) ) ;
#4891 = DIRECTION ( 'NONE',  ( 0.000000000000000000, 1.000000000000000000, -0.000000000000000000 ) ) ;
#4892 = ORIENTED_EDGE ( 'NONE', *, *, #8453, .T. ) ;
#4893 = DIRECTION ( 'NONE',  ( 0.000000000000000000, -1.000000000000000000, -0.000000000000000000 ) ) ;
#4894 = EDGE_CURVE ( 'NONE', #6613, #1914, #1953, .T. ) ;
#4895 = ADVANCED_FACE ( 'NONE', ( #3636 ), #272, .F. ) ;
#4896 = DIRECTION ( 'NONE',  ( 0.000000000000000000, 0.000000000000000000, -1.000000000000000000 ) ) ;
#4897 = ORIENTED_EDGE ( 'NONE', *, *, #7652, .T. ) ;
#4898 = DIRECTION ( 'NONE',  ( -0.000000000000000000, 1.000000000000000000, -0.000000000000000000 ) ) ;
#4899 = EDGE_CURVE ( 'NONE', #6392, #4474, #4215, .T. ) ;
#4900 = DIRECTION ( 'NONE',  ( 0.000000000000000000, 0.000000000000000000, 1.000000000000000000 ) ) ;
#4901 = CARTESIAN_POINT ( 'NONE',  ( 5.000000000000004441, -105.0000000000000142, 47.00000000000000711 ) ) ;
#4902 = EDGE_CURVE ( 'NONE', #51, #1924, #7600, .T. ) ;
#4903 = CIRCLE ( 'NONE', #3355, 1.750000000000005107 ) ;
#4904 = ADVANCED_FACE ( 'NONE', ( #980 ), #6977, .F. ) ;
#4905 = VECTOR ( 'NONE', #3051, 1000.000000000000000 ) ;
#4906 = VERTEX_POINT ( 'NONE', #3007 ) ;
#4907 = FACE_BOUND ( 'NONE', #7663, .T. ) ;
#4908 = AXIS2_PLACEMENT_3D ( 'NONE', #2533, #4445, #6553 ) ;
#4909 = ORIENTED_EDGE ( 'NONE', *, *, #8309, .T. ) ;
#4910 = ORIENTED_EDGE ( 'NONE', *, *, #2485, .T. ) ;
#4911 = STYLED_ITEM ( 'NONE', ( #5826 ), #5032 ) ;
#4912 = CARTESIAN_POINT ( 'NONE',  ( 59.00000000000002132, -100.0000000000000000, 44.00000000000000711 ) ) ;
#4913 = EDGE_LOOP ( 'NONE', ( #6300, #1365, #3017, #1692 ) ) ;
#4914 = EDGE_CURVE ( 'NONE', #7429, #6712, #1597, .T. ) ;
#4915 = VECTOR ( 'NONE', #701, 1000.000000000000000 ) ;
#4916 = LINE ( 'NONE', #7610, #4861 ) ;
#4917 = ADVANCED_FACE ( 'NONE', ( #8339 ), #6464, .F. ) ;
#4918 = DIRECTION ( 'NONE',  ( 0.000000000000000000, 0.000000000000000000, -1.000000000000000000 ) ) ;
#4919 = VECTOR ( 'NONE', #4299, 1000.000000000000000 ) ;
#4920 = DIRECTION ( 'NONE',  ( 0.000000000000000000, 0.000000000000000000, -1.000000000000000000 ) ) ;
#4921 = DIRECTION ( 'NONE',  ( 0.000000000000000000, 1.000000000000000000, 0.000000000000000000 ) ) ;
#4922 = ORIENTED_EDGE ( 'NONE', *, *, #4326, .T. ) ;
#4923 = ORIENTED_EDGE ( 'NONE', *, *, #2100, .T. ) ;
#4924 = CARTESIAN_POINT ( 'NONE',  ( -62.99999999999997158, 7.000000000000000000, 47.00000000000000711 ) ) ;
#4925 = ORIENTED_EDGE ( 'NONE', *, *, #7450, .T. ) ;
#4926 = LINE ( 'NONE', #6290, #5670 ) ;
#4927 = DIRECTION ( 'NONE',  ( 0.000000000000000000, -0.000000000000000000, -1.000000000000000000 ) ) ;
#4928 = CARTESIAN_POINT ( 'NONE',  ( -58.99999999999997158, -84.99999999999998579, 45.25000000000009948 ) ) ;
#4929 = DIRECTION ( 'NONE',  ( -1.000000000000000000, 0.000000000000000000, 0.000000000000000000 ) ) ;
#4930 = EDGE_CURVE ( 'NONE', #1768, #6017, #5603, .T. ) ;
#4931 = DIRECTION ( 'NONE',  ( 0.000000000000000000, 0.000000000000000000, -1.000000000000000000 ) ) ;
#4932 = CARTESIAN_POINT ( 'NONE',  ( 49.00000000000000711, -90.50000000000001421, 42.25000000000003553 ) ) ;
#4933 = EDGE_LOOP ( 'NONE', ( #7476, #4395, #3948, #6409 ) ) ;
#4934 = LINE ( 'NONE', #7676, #259 ) ;
#4935 = ORIENTED_EDGE ( 'NONE', *, *, #3518, .T. ) ;
#4936 = ORIENTED_EDGE ( 'NONE', *, *, #848, .T. ) ;
#4937 = CARTESIAN_POINT ( 'NONE',  ( -36.50000000000001421, 7.000000000000000000, 14.49999999999998401 ) ) ;
#4938 = DIRECTION ( 'NONE',  ( -9.505334114941409750E-17, 0.000000000000000000, 1.000000000000000000 ) ) ;
#4939 = DIRECTION ( 'NONE',  ( -0.000000000000000000, 1.000000000000000000, -0.000000000000000000 ) ) ;
#4940 = ORIENTED_EDGE ( 'NONE', *, *, #5480, .T. ) ;
#4941 =( LENGTH_UNIT ( ) NAMED_UNIT ( * ) SI_UNIT ( .MILLI., .METRE. ) );
#4942 = AXIS2_PLACEMENT_3D ( 'NONE', #4218, #1696, #1035 ) ;
#4943 = CLOSED_SHELL ( 'NONE', ( #6181, #657, #2473, #583, #6692, #2732, #5973, #6699, #8127, #1510, #1017, #2340, #7605, #4413, #7557, #6030, #6318, #165, #418, #503, #2697, #7747, #1705, #3349, #3340, #1020, #1682, #3496, #1804, #6430, #5065, #3006, #7185, #1786, #8422, #91, #8589, #3884, #7842, #3875, #5804, #8456, #3949, #6192, #4895, #6745, #6431, #8678, #3618, #122, #3945, #209, #1789, #1844, #6631, #6541, #6780, #3983, #8206, #4208, #7449, #780, #4259, #3955, #2036, #5870, #4159, #3542, #8338, #7385, #6275, #590, #3301, #4607, #6757, #197, #1169, #1087, #7417, #5296, #5283, #8705, #2053, #3027, #8632, #2976, #2839, #2173, #3233, #85, #4796, #7125, #7195, #5127, #8274, #3644, #7550, #4094, #1132, #6526, #2495, #1507, #1179, #2783, #716, #484, #7759, #5244, #4312, #5793, #4229, #3998, #2828, #1782, #70, #3325, #7345, #8648, #7832, #5989 ) ) ;
#4944 = CARTESIAN_POINT ( 'NONE',  ( -59.99999999999997868, -60.00000000000000000, 0.2000000000000057288 ) ) ;
#4945 = ORIENTED_EDGE ( 'NONE', *, *, #7734, .T. ) ;
#4946 = CARTESIAN_POINT ( 'NONE',  ( -15.66666666666693963, -63.66666666666699825, 14.66666666666650798 ) ) ;
#4947 = EDGE_CURVE ( 'NONE', #8048, #7068, #852, .T. ) ;
#4948 = DIRECTION ( 'NONE',  ( 0.000000000000000000, 1.000000000000000000, 0.000000000000000000 ) ) ;
#4949 = DIRECTION ( 'NONE',  ( -0.7071067811865524577, 0.000000000000000000, -0.7071067811865425767 ) ) ;
#4950 = EDGE_CURVE ( 'NONE', #603, #4265, #2342, .T. ) ;
#4951 = AXIS2_PLACEMENT_3D ( 'NONE', #5481, #8167, #2127 ) ;
#4952 = MANIFOLD_SOLID_BREP ( 'Cut-Extrude10', #6764 ) ;
#4953 = ORIENTED_EDGE ( 'NONE', *, *, #7001, .F. ) ;
#4954 = CARTESIAN_POINT ( 'NONE',  ( 33.74999999999999289, 0.000000000000000000, 41.25000000000001421 ) ) ;
#4955 = EDGE_CURVE ( 'NONE', #3189, #6197, #3366, .T. ) ;
#4956 = VERTEX_POINT ( 'NONE', #3054 ) ;
#4957 = ORIENTED_EDGE ( 'NONE', *, *, #2323, .F. ) ;
#4958 = DIRECTION ( 'NONE',  ( 0.000000000000000000, 0.000000000000000000, -1.000000000000000000 ) ) ;
#4959 = VERTEX_POINT ( 'NONE', #5248 ) ;
#4960 = CARTESIAN_POINT ( 'NONE',  ( 47.29999999999998295, 6.000000000000000000, -39.00000000000000711 ) ) ;
#4961 = CARTESIAN_POINT ( 'NONE',  ( -59.99999999999997868, 0.000000000000000000, -24.19999999999999929 ) ) ;
#4962 = DIRECTION ( 'NONE',  ( -0.000000000000000000, -1.000000000000000000, -0.000000000000000000 ) ) ;
#4963 = CARTESIAN_POINT ( 'NONE',  ( -8.122777644359711832E-15, -97.00000000000001421, 46.99999999999999289 ) ) ;
#4964 = EDGE_CURVE ( 'NONE', #2544, #2761, #5760, .T. ) ;
#4965 = ORIENTED_EDGE ( 'NONE', *, *, #4914, .T. ) ;
#4966 = ADVANCED_FACE ( 'NONE', ( #446 ), #7197, .F. ) ;
#4967 = DIRECTION ( 'NONE',  ( 1.000000000000000000, 0.000000000000000000, 0.000000000000000000 ) ) ;
#4968 = ORIENTED_EDGE ( 'NONE', *, *, #7175, .T. ) ;
#4969 = DIRECTION ( 'NONE',  ( 0.000000000000000000, 0.000000000000000000, 1.000000000000000000 ) ) ;
#4970 = CARTESIAN_POINT ( 'NONE',  ( -58.99999999999997158, -89.05545635173707808, 42.75000000000009948 ) ) ;
#4971 = DIRECTION ( 'NONE',  ( -1.000000000000000000, 0.000000000000000000, 0.000000000000000000 ) ) ;
#4972 = AXIS2_PLACEMENT_3D ( 'NONE', #5869, #3846, #1723 ) ;
#4973 = LINE ( 'NONE', #6158, #4837 ) ;
#4974 = EDGE_CURVE ( 'NONE', #8485, #5642, #8594, .T. ) ;
#4975 = VECTOR ( 'NONE', #5228, 1000.000000000000000 ) ;
#4976 = PLANE ( 'NONE',  #1466 ) ;
#4977 = LINE ( 'NONE', #4839, #327 ) ;
#4978 = CARTESIAN_POINT ( 'NONE',  ( 62.00000000000002842, 0.000000000000000000, 44.00000000000000711 ) ) ;
#4979 = VECTOR ( 'NONE', #6065, 1000.000000000000000 ) ;
#4980 = ORIENTED_EDGE ( 'NONE', *, *, #915, .F. ) ;
#4981 = VERTEX_POINT ( 'NONE', #5781 ) ;
#4982 = EDGE_CURVE ( 'NONE', #5712, #8718, #7107, .T. ) ;
#4983 = ADVANCED_FACE ( 'NONE', ( #1898 ), #1857, .F. ) ;
#4984 = CARTESIAN_POINT ( 'NONE',  ( -61.99999999999997158, -105.0000000000000142, 47.99999999999999289 ) ) ;
#4985 = EDGE_CURVE ( 'NONE', #730, #1454, #5061, .T. ) ;
#4986 = AXIS2_PLACEMENT_3D ( 'NONE', #4716, #6609, #2014 ) ;
#4987 = DIRECTION ( 'NONE',  ( 0.000000000000000000, -0.000000000000000000, -1.000000000000000000 ) ) ;
#4988 = VECTOR ( 'NONE', #2610, 1000.000000000000000 ) ;
#4989 = DIRECTION ( 'NONE',  ( -0.7071067811865439090, 0.000000000000000000, 0.7071067811865511255 ) ) ;
#4990 = ORIENTED_EDGE ( 'NONE', *, *, #7298, .T. ) ;
#4991 = DIRECTION ( 'NONE',  ( 0.000000000000000000, 0.000000000000000000, 1.000000000000000000 ) ) ;
#4992 = AXIS2_PLACEMENT_3D ( 'NONE', #1319, #1974, #5943 ) ;
#4993 = AXIS2_PLACEMENT_3D ( 'NONE', #8539, #4368, #5726 ) ;
#4994 = CARTESIAN_POINT ( 'NONE',  ( 59.00000000000002132, -100.0000000000000000, 45.25000000000000711 ) ) ;
#4995 = ORIENTED_EDGE ( 'NONE', *, *, #4826, .T. ) ;
#4996 = PLANE ( 'NONE',  #7064 ) ;
#4997 = DIRECTION ( 'NONE',  ( 0.000000000000000000, 1.000000000000000000, -0.000000000000000000 ) ) ;
#4998 = FACE_OUTER_BOUND ( 'NONE', #5291, .T. ) ;
#4999 = VECTOR ( 'NONE', #3617, 1000.000000000000000 ) ;
#5000 = CONICAL_SURFACE ( 'NONE', #3448, 1.000000000000000888, 0.5235987755983001479 ) ;
#5001 = ORIENTED_EDGE ( 'NONE', *, *, #7141, .T. ) ;
#5002 = DIRECTION ( 'NONE',  ( 0.000000000000000000, 0.000000000000000000, 1.000000000000000000 ) ) ;
#5003 = VECTOR ( 'NONE', #6588, 1000.000000000000000 ) ;
#5004 = ORIENTED_EDGE ( 'NONE', *, *, #8445, .T. ) ;
#5005 = ORIENTED_EDGE ( 'NONE', *, *, #2483, .F. ) ;
#5006 = AXIS2_PLACEMENT_3D ( 'NONE', #2361, #3073, #5667 ) ;
#5007 = PLANE ( 'NONE',  #1605 ) ;
#5008 = ORIENTED_EDGE ( 'NONE', *, *, #1146, .F. ) ;
#5009 = DIRECTION ( 'NONE',  ( 0.000000000000000000, 1.000000000000000000, 0.000000000000000000 ) ) ;
#5010 = PRESENTATION_LAYER_ASSIGNMENT (  '', '', ( #3889 ) ) ;
#5011 = LINE ( 'NONE', #7703, #7160 ) ;
#5012 = CARTESIAN_POINT ( 'NONE',  ( -52.00000000000000711, -90.00000000000001421, 32.00000000000001421 ) ) ;
#5013 = CARTESIAN_POINT ( 'NONE',  ( 62.00000000000002842, -100.0000000000000000, -46.99999999999999289 ) ) ;
#5014 = ORIENTED_EDGE ( 'NONE', *, *, #5, .T. ) ;
#5015 = EDGE_CURVE ( 'NONE', #8256, #6949, #5123, .T. ) ;
#5016 = LINE ( 'NONE', #2358, #2592 ) ;
#5017 = VERTEX_POINT ( 'NONE', #6486 ) ;
#5018 = LINE ( 'NONE', #2404, #5818 ) ;
#5019 = DIRECTION ( 'NONE',  ( -0.000000000000000000, -1.000000000000000000, 0.000000000000000000 ) ) ;
#5020 = PLANE ( 'NONE',  #3160 ) ;
#5021 = EDGE_CURVE ( 'NONE', #545, #7677, #406, .T. ) ;
#5022 = CARTESIAN_POINT ( 'NONE',  ( 19.00000000000000000, -83.50000000000000000, -21.99999999999997868 ) ) ;
#5023 = DIRECTION ( 'NONE',  ( 0.000000000000000000, 0.000000000000000000, -1.000000000000000000 ) ) ;
#5024 = CARTESIAN_POINT ( 'NONE',  ( 43.29999999999999005, 0.000000000000000000, -43.00000000000000711 ) ) ;
#5025 = EDGE_LOOP ( 'NONE', ( #2519, #4923, #784, #8413, #4532 ) ) ;
#5026 = ORIENTED_EDGE ( 'NONE', *, *, #6266, .F. ) ;
#5027 = FACE_OUTER_BOUND ( 'NONE', #7852, .T. ) ;
#5028 = DIRECTION ( 'NONE',  ( 0.000000000000000000, 0.000000000000000000, -1.000000000000000000 ) ) ;
#5029 = CARTESIAN_POINT ( 'NONE',  ( 47.29999999999998295, -4.000000000000000000, 25.99999999999999645 ) ) ;
#5030 = ORIENTED_EDGE ( 'NONE', *, *, #5177, .F. ) ;
#5031 = DIRECTION ( 'NONE',  ( 0.000000000000000000, -1.000000000000000000, 0.000000000000000000 ) ) ;
#5032 = MANIFOLD_SOLID_BREP ( 'Chamfer6', #4943 ) ;
#5033 = ADVANCED_FACE ( 'NONE', ( #5868 ), #3845, .F. ) ;
#5034 = CARTESIAN_POINT ( 'NONE',  ( 59.00000000000003553, -105.0000000000000142, -45.74999999999999289 ) ) ;
#5035 = LINE ( 'NONE', #2288, #7023 ) ;
#5036 = VECTOR ( 'NONE', #7688, 1000.000000000000000 ) ;
#5037 = ORIENTED_EDGE ( 'NONE', *, *, #4422, .T. ) ;
#5038 = DIRECTION ( 'NONE',  ( -0.000000000000000000, -0.000000000000000000, 1.000000000000000000 ) ) ;
#5039 = CARTESIAN_POINT ( 'NONE',  ( -48.99999999999997158, -1.737959181815040933E-30, 46.99999999999998579 ) ) ;
#5040 = FACE_OUTER_BOUND ( 'NONE', #2182, .T. ) ;
#5041 = VECTOR ( 'NONE', #4308, 1000.000000000000000 ) ;
#5042 = ADVANCED_FACE ( 'NONE', ( #8636, #620 ), #4060, .T. ) ;
#5043 = ORIENTED_EDGE ( 'NONE', *, *, #1031, .F. ) ;
#5044 = DIRECTION ( 'NONE',  ( 0.000000000000000000, 0.000000000000000000, 1.000000000000000000 ) ) ;
#5045 = VERTEX_POINT ( 'NONE', #3397 ) ;
#5046 = ORIENTED_EDGE ( 'NONE', *, *, #3243, .T. ) ;
#5047 = CARTESIAN_POINT ( 'NONE',  ( -58.99999999999997158, -100.0000000000000000, 44.00000000000009948 ) ) ;
#5048 = ORIENTED_EDGE ( 'NONE', *, *, #1555, .T. ) ;
#5049 = CIRCLE ( 'NONE', #2936, 1.000000000000000888 ) ;
#5050 = DIRECTION ( 'NONE',  ( 0.000000000000000000, 0.000000000000000000, -1.000000000000000000 ) ) ;
#5051 = CARTESIAN_POINT ( 'NONE',  ( 59.00000000000003553, -84.99999999999998579, -45.24999999999999289 ) ) ;
#5052 = AXIS2_PLACEMENT_3D ( 'NONE', #5997, #5375, #707 ) ;
#5053 = ORIENTED_EDGE ( 'NONE', *, *, #1835, .F. ) ;
#5054 = AXIS2_PLACEMENT_3D ( 'NONE', #4054, #8717, #6031 ) ;
#5055 = EDGE_CURVE ( 'NONE', #3917, #4468, #1282, .T. ) ;
#5056 = DIRECTION ( 'NONE',  ( -0.000000000000000000, -0.000000000000000000, -1.000000000000000000 ) ) ;
#5057 = ORIENTED_EDGE ( 'NONE', *, *, #3518, .F. ) ;
#5058 = CARTESIAN_POINT ( 'NONE',  ( -61.99999999999997158, -100.0000000000000000, 47.00000000000000711 ) ) ;
#5059 = FACE_BOUND ( 'NONE', #4170, .T. ) ;
#5060 = CARTESIAN_POINT ( 'NONE',  ( -61.99999999999997158, 7.000000000000000000, 50.00000000000000711 ) ) ;
#5061 = CIRCLE ( 'NONE', #2380, 1.249999999999997558 ) ;
#5062 = FACE_OUTER_BOUND ( 'NONE', #1417, .T. ) ;
#5063 = VECTOR ( 'NONE', #1023, 1000.000000000000000 ) ;
#5064 = DIRECTION ( 'NONE',  ( 0.000000000000000000, 0.000000000000000000, 1.000000000000000000 ) ) ;
#5065 = ADVANCED_FACE ( 'NONE', ( #3934 ), #2777, .F. ) ;
#5066 = CARTESIAN_POINT ( 'NONE',  ( 59.00000000000003553, -105.0000000000000142, -42.24999999999998579 ) ) ;
#5067 = FACE_OUTER_BOUND ( 'NONE', #5025, .T. ) ;
#5068 = EDGE_CURVE ( 'NONE', #1617, #5654, #7164, .T. ) ;
#5069 = VERTEX_POINT ( 'NONE', #6786 ) ;
#5070 = ORIENTED_EDGE ( 'NONE', *, *, #8525, .T. ) ;
#5071 = CARTESIAN_POINT ( 'NONE',  ( 20.86666666666677017, -73.06666666666676235, 58.43333333333337265 ) ) ;
#5072 = ORIENTED_EDGE ( 'NONE', *, *, #7620, .T. ) ;
#5073 = CARTESIAN_POINT ( 'NONE',  ( -16.50000000000001421, 0.000000000000000000, 35.00000000000002842 ) ) ;
#5074 = FACE_OUTER_BOUND ( 'NONE', #5939, .T. ) ;
#5075 = ORIENTED_EDGE ( 'NONE', *, *, #6240, .F. ) ;
#5076 = DIRECTION ( 'NONE',  ( -1.850371707708594316E-16, 0.000000000000000000, -1.000000000000000000 ) ) ;
#5077 = AXIS2_PLACEMENT_3D ( 'NONE', #7455, #4013, #3346 ) ;
#5078 = EDGE_CURVE ( 'NONE', #5971, #3333, #8025, .T. ) ;
#5079 = CARTESIAN_POINT ( 'NONE',  ( -64.99999999999997158, -105.0000000000000142, -46.99999999999999289 ) ) ;
#5080 = DIRECTION ( 'NONE',  ( 0.000000000000000000, 0.000000000000000000, -1.000000000000000000 ) ) ;
#5081 = ORIENTED_EDGE ( 'NONE', *, *, #4863, .F. ) ;
#5082 = FACE_OUTER_BOUND ( 'NONE', #1197, .T. ) ;
#5083 = EDGE_CURVE ( 'NONE', #4058, #3083, #4801, .T. ) ;
#5084 = CIRCLE ( 'NONE', #1276, 3.000000000000002665 ) ;
#5085 = EDGE_CURVE ( 'NONE', #3158, #3108, #7981, .T. ) ;
#5086 = CARTESIAN_POINT ( 'NONE',  ( -8.626407040611047148E-15, -97.00000000000001421, 50.00000000000002132 ) ) ;
#5087 = ORIENTED_EDGE ( 'NONE', *, *, #3897, .F. ) ;
#5088 = PLANE ( 'NONE',  #1544 ) ;
#5089 = EDGE_LOOP ( 'NONE', ( #3248, #4621 ) ) ;
#5090 = ORIENTED_EDGE ( 'NONE', *, *, #5990, .F. ) ;
#5091 = DIRECTION ( 'NONE',  ( 0.000000000000000000, 0.000000000000000000, 1.000000000000000000 ) ) ;
#5092 = ADVANCED_FACE ( 'NONE', ( #4637 ), #3307, .F. ) ;
#5093 = VERTEX_POINT ( 'NONE', #7418 ) ;
#5094 = DIRECTION ( 'NONE',  ( 0.000000000000000000, 0.000000000000000000, -1.000000000000000000 ) ) ;
#5095 = DIRECTION ( 'NONE',  ( 0.000000000000000000, -1.000000000000000000, 0.000000000000000000 ) ) ;
#5096 = EDGE_LOOP ( 'NONE', ( #5284, #3853, #6207, #3460, #6850, #956, #4655, #4293, #7764, #6123, #2065, #3063, #2681 ) ) ;
#5097 = LINE ( 'NONE', #6372, #3030 ) ;
#5098 = ORIENTED_EDGE ( 'NONE', *, *, #5229, .F. ) ;
#5099 = DIRECTION ( 'NONE',  ( -0.5773502691896266192, 0.5773502691896240657, -0.5773502691896266192 ) ) ;
#5100 = DIRECTION ( 'NONE',  ( 1.000000000000000000, 0.000000000000000000, 0.000000000000000000 ) ) ;
#5101 = FACE_OUTER_BOUND ( 'NONE', #8285, .T. ) ;
#5102 = FACE_OUTER_BOUND ( 'NONE', #3695, .T. ) ;
#5103 = CARTESIAN_POINT ( 'NONE',  ( 47.29999999999998295, 0.000000000000000000, 18.99999999999999645 ) ) ;
#5104 = ADVANCED_FACE ( 'NONE', ( #2685 ), #1981, .T. ) ;
#5105 = DIRECTION ( 'NONE',  ( 6.814637407481677627E-17, -0.7071067811865459074, -0.7071067811865491270 ) ) ;
#5106 = PLANE ( 'NONE',  #5891 ) ;
#5107 = VERTEX_POINT ( 'NONE', #2730 ) ;
#5108 = ORIENTED_EDGE ( 'NONE', *, *, #3896, .T. ) ;
#5109 = DIRECTION ( 'NONE',  ( 0.000000000000000000, 0.000000000000000000, 1.000000000000000000 ) ) ;
#5110 = AXIS2_PLACEMENT_3D ( 'NONE', #1337, #1293, #2034 ) ;
#5111 = ORIENTED_EDGE ( 'NONE', *, *, #7872, .F. ) ;
#5112 = DIRECTION ( 'NONE',  ( -1.000000000000000000, 0.000000000000000000, -0.000000000000000000 ) ) ;
#5113 = FACE_OUTER_BOUND ( 'NONE', #4652, .T. ) ;
#5114 = ORIENTED_EDGE ( 'NONE', *, *, #1157, .F. ) ;
#5115 = DIRECTION ( 'NONE',  ( 0.000000000000000000, -1.000000000000000000, 0.000000000000000000 ) ) ;
#5116 = VECTOR ( 'NONE', #8053, 1000.000000000000000 ) ;
#5117 = FACE_OUTER_BOUND ( 'NONE', #2412, .T. ) ;
#5118 = CARTESIAN_POINT ( 'NONE',  ( 47.29999999999998295, -4.000000000000000000, 25.99999999999999645 ) ) ;
#5119 = ORIENTED_EDGE ( 'NONE', *, *, #2410, .T. ) ;
#5120 = LINE ( 'NONE', #7816, #2249 ) ;
#5121 = CIRCLE ( 'NONE', #1759, 0.9999999999999991118 ) ;
#5122 = CIRCLE ( 'NONE', #6660, 1.000000000000000888 ) ;
#5123 = LINE ( 'NONE', #2387, #2797 ) ;
#5124 = DIRECTION ( 'NONE',  ( -0.000000000000000000, -1.000000000000000000, -0.000000000000000000 ) ) ;
#5125 = AXIS2_PLACEMENT_3D ( 'NONE', #3614, #832, #4231 ) ;
#5126 = CIRCLE ( 'NONE', #4291, 0.9999999999999991118 ) ;
#5127 = ADVANCED_FACE ( 'NONE', ( #6656 ), #8679, .F. ) ;
#5128 = ORIENTED_EDGE ( 'NONE', *, *, #5624, .F. ) ;
#5129 = DIRECTION ( 'NONE',  ( 0.000000000000000000, -0.000000000000000000, 1.000000000000000000 ) ) ;
#5130 = ORIENTED_EDGE ( 'NONE', *, *, #2112, .T. ) ;
#5131 = VECTOR ( 'NONE', #4971, 1000.000000000000000 ) ;
#5132 = ORIENTED_EDGE ( 'NONE', *, *, #7095, .T. ) ;
#5133 = FACE_BOUND ( 'NONE', #7431, .T. ) ;
#5134 = AXIS2_PLACEMENT_3D ( 'NONE', #2912, #8153, #6263 ) ;
#5135 = EDGE_LOOP ( 'NONE', ( #3289, #2749, #4569, #3881 ) ) ;
#5136 = EDGE_CURVE ( 'NONE', #6559, #7050, #2068, .T. ) ;
#5137 = AXIS2_PLACEMENT_3D ( 'NONE', #5585, #1580, #4931 ) ;
#5138 = EDGE_CURVE ( 'NONE', #4128, #7005, #6078, .T. ) ;
#5139 = EDGE_CURVE ( 'NONE', #4794, #5886, #8431, .T. ) ;
#5140 = CARTESIAN_POINT ( 'NONE',  ( 5.000000000000005329, -105.0000000000000142, 38.00000000000000711 ) ) ;
#5141 = CIRCLE ( 'NONE', #3744, 1.250000000000001110 ) ;
#5142 = ORIENTED_EDGE ( 'NONE', *, *, #6467, .T. ) ;
#5143 = DIRECTION ( 'NONE',  ( -6.938893903907232322E-16, -1.000000000000000000, 0.000000000000000000 ) ) ;
#5144 = VERTEX_POINT ( 'NONE', #8112 ) ;
#5145 = LINE ( 'NONE', #7838, #3274 ) ;
#5146 = CARTESIAN_POINT ( 'NONE',  ( -58.99999999999997158, -87.28768939877072341, 45.25000000000009948 ) ) ;
#5147 = CARTESIAN_POINT ( 'NONE',  ( -61.99999999999997158, -105.0000000000000142, -46.99999999999999289 ) ) ;
#5148 = MECHANICAL_DESIGN_GEOMETRIC_PRESENTATION_REPRESENTATION (  '', ( #3889 ), #3458 ) ;
#5149 = DIRECTION ( 'NONE',  ( -0.000000000000000000, 0.000000000000000000, 1.000000000000000000 ) ) ;
#5150 = CARTESIAN_POINT ( 'NONE',  ( 42.30000000000000426, -83.50000000000000000, 50.00000000000002842 ) ) ;
#5151 = CARTESIAN_POINT ( 'NONE',  ( -64.99999999999997158, -101.5358983848622927, -46.99999999999999289 ) ) ;
#5152 = DIRECTION ( 'NONE',  ( -0.000000000000000000, -1.000000000000000000, -0.000000000000000000 ) ) ;
#5153 = MECHANICAL_DESIGN_GEOMETRIC_PRESENTATION_REPRESENTATION (  '', ( #3315 ), #7088 ) ;
#5154 = EDGE_LOOP ( 'NONE', ( #2668, #7830, #3823, #3256 ) ) ;
#5155 = ORIENTED_EDGE ( 'NONE', *, *, #5503, .T. ) ;
#5156 = CARTESIAN_POINT ( 'NONE',  ( -35.69999999999999574, -4.000000000000000000, -43.00000000000000711 ) ) ;
#5157 = ORIENTED_EDGE ( 'NONE', *, *, #4520, .F. ) ;
#5158 = EDGE_CURVE ( 'NONE', #4722, #8485, #4759, .T. ) ;
#5159 = DIRECTION ( 'NONE',  ( 0.000000000000000000, 0.000000000000000000, -1.000000000000000000 ) ) ;
#5160 = CARTESIAN_POINT ( 'NONE',  ( -39.70000000000000995, 0.000000000000000000, 18.99999999999999645 ) ) ;
#5161 = ORIENTED_EDGE ( 'NONE', *, *, #5586, .T. ) ;
#5162 = CARTESIAN_POINT ( 'NONE',  ( 0.000000000000000000, 0.000000000000000000, 0.000000000000000000 ) ) ;
#5163 = CARTESIAN_POINT ( 'NONE',  ( 60.75735931288074454, -84.80761184457490742, 47.00000000000000711 ) ) ;
#5164 = ORIENTED_EDGE ( 'NONE', *, *, #700, .F. ) ;
#5165 = DIRECTION ( 'NONE',  ( 0.000000000000000000, 0.000000000000000000, -1.000000000000000000 ) ) ;
#5166 = ORIENTED_EDGE ( 'NONE', *, *, #8555, .F. ) ;
#5167 = CARTESIAN_POINT ( 'NONE',  ( -61.99999999999997158, -100.0000000000000000, 46.99999999999998579 ) ) ;
#5168 = EDGE_CURVE ( 'NONE', #6199, #4058, #1241, .T. ) ;
#5169 =( NAMED_UNIT ( * ) PLANE_ANGLE_UNIT ( ) SI_UNIT ( $, .RADIAN. ) );
#5170 = VECTOR ( 'NONE', #2324, 1000.000000000000000 ) ;
#5171 = EDGE_CURVE ( 'NONE', #152, #1467, #5951, .T. ) ;
#5172 = ORIENTED_EDGE ( 'NONE', *, *, #6622, .T. ) ;
#5173 = FACE_OUTER_BOUND ( 'NONE', #5431, .T. ) ;
#5174 = EDGE_CURVE ( 'NONE', #949, #5920, #6879, .T. ) ;
#5175 = EDGE_LOOP ( 'NONE', ( #3573, #8663, #7719, #6339 ) ) ;
#5176 = ORIENTED_EDGE ( 'NONE', *, *, #4805, .T. ) ;
#5177 = EDGE_CURVE ( 'NONE', #7333, #7724, #6924, .T. ) ;
#5178 = CIRCLE ( 'NONE', #3638, 1.000000000000000888 ) ;
#5179 = PLANE ( 'NONE',  #6801 ) ;
#5180 = ORIENTED_EDGE ( 'NONE', *, *, #4434, .F. ) ;
#5181 = CARTESIAN_POINT ( 'NONE',  ( -34.00000000000000000, -4.000000000000000000, 30.00000000000002132 ) ) ;
#5182 = VERTEX_POINT ( 'NONE', #6262 ) ;
#5183 = EDGE_CURVE ( 'NONE', #5994, #6603, #4285, .T. ) ;
#5184 = DIRECTION ( 'NONE',  ( 0.000000000000000000, 0.000000000000000000, 1.000000000000000000 ) ) ;
#5185 = ORIENTED_EDGE ( 'NONE', *, *, #5302, .T. ) ;
#5186 = EDGE_CURVE ( 'NONE', #5657, #7353, #3362, .T. ) ;
#5187 = CARTESIAN_POINT ( 'NONE',  ( 43.29999999999997584, 11.94974746830584600, 24.75000000000000000 ) ) ;
#5188 = LINE ( 'NONE', #6501, #5850 ) ;
#5189 = CARTESIAN_POINT ( 'NONE',  ( -39.70000000000000995, 7.000000000000000000, -39.00000000000000711 ) ) ;
#5190 = AXIS2_PLACEMENT_3D ( 'NONE', #3959, #1967, #2622 ) ;
#5191 = DIRECTION ( 'NONE',  ( -1.678764654171103998E-16, -0.000000000000000000, 1.000000000000000000 ) ) ;
#5192 = DIRECTION ( 'NONE',  ( 0.000000000000000000, -1.000000000000000000, 0.000000000000000000 ) ) ;
#5193 = VECTOR ( 'NONE', #312, 1000.000000000000000 ) ;
#5194 = CARTESIAN_POINT ( 'NONE',  ( 31.30000000000000782, -103.0000000000000142, 45.00000000000003553 ) ) ;
#5195 = ORIENTED_EDGE ( 'NONE', *, *, #4111, .F. ) ;
#5196 = VERTEX_POINT ( 'NONE', #261 ) ;
#5197 = FACE_OUTER_BOUND ( 'NONE', #8457, .T. ) ;
#5198 = VERTEX_POINT ( 'NONE', #124 ) ;
#5199 = CARTESIAN_POINT ( 'NONE',  ( 45.30000000000001847, -100.0000000000000000, 42.51986841535715911 ) ) ;
#5200 = CARTESIAN_POINT ( 'NONE',  ( 62.00000000000002842, -100.0000000000000000, 47.00000000000000711 ) ) ;
#5201 = ADVANCED_FACE ( 'NONE', ( #8191 ), #3626, .F. ) ;
#5202 = ORIENTED_EDGE ( 'NONE', *, *, #1818, .T. ) ;
#5203 = LINE ( 'NONE', #4538, #7511 ) ;
#5204 = ORIENTED_EDGE ( 'NONE', *, *, #3044, .T. ) ;
#5205 = DIRECTION ( 'NONE',  ( 0.000000000000000000, -1.000000000000000000, 0.000000000000000000 ) ) ;
#5206 = VECTOR ( 'NONE', #5002, 1000.000000000000000 ) ;
#5207 = ORIENTED_EDGE ( 'NONE', *, *, #3719, .T. ) ;
#5208 = DIRECTION ( 'NONE',  ( 0.000000000000000000, 0.000000000000000000, -1.000000000000000000 ) ) ;
#5209 = AXIS2_PLACEMENT_3D ( 'NONE', #6399, #362, #8468 ) ;
#5210 = CARTESIAN_POINT ( 'NONE',  ( -57.75735931288073743, -98.00000000000000000, -36.99999999999999289 ) ) ;
#5211 = DIRECTION ( 'NONE',  ( 1.678764654171103998E-16, -0.000000000000000000, -1.000000000000000000 ) ) ;
#5212 = VERTEX_POINT ( 'NONE', #4846 ) ;
#5213 = EDGE_CURVE ( 'NONE', #8608, #3751, #3534, .T. ) ;
#5214 = FACE_BOUND ( 'NONE', #2256, .T. ) ;
#5215 = ORIENTED_EDGE ( 'NONE', *, *, #3243, .F. ) ;
#5216 = ORIENTED_EDGE ( 'NONE', *, *, #3659, .T. ) ;
#5217 = DIRECTION ( 'NONE',  ( 0.000000000000000000, 0.000000000000000000, -1.000000000000000000 ) ) ;
#5218 = ORIENTED_EDGE ( 'NONE', *, *, #658, .F. ) ;
#5219 = EDGE_CURVE ( 'NONE', #7416, #3459, #1415, .T. ) ;
#5220 = CARTESIAN_POINT ( 'NONE',  ( -61.99999999999995737, 0.000000000000000000, -47.00000000000000000 ) ) ;
#5221 = VERTEX_POINT ( 'NONE', #2866 ) ;
#5222 = DIRECTION ( 'NONE',  ( 1.000000000000000000, 0.000000000000000000, 0.000000000000000000 ) ) ;
#5223 = ORIENTED_EDGE ( 'NONE', *, *, #4955, .F. ) ;
#5224 = DIRECTION ( 'NONE',  ( -0.000000000000000000, -1.000000000000000000, -0.000000000000000000 ) ) ;
#5225 = CARTESIAN_POINT ( 'NONE',  ( 31.30000000000000782, -83.50000000000000000, 47.00000000000000000 ) ) ;
#5226 = DIRECTION ( 'NONE',  ( 0.000000000000000000, 0.000000000000000000, 1.000000000000000000 ) ) ;
#5227 = DIRECTION ( 'NONE',  ( 0.000000000000000000, 0.000000000000000000, 1.000000000000000000 ) ) ;
#5228 = DIRECTION ( 'NONE',  ( -0.000000000000000000, 1.000000000000000000, -0.000000000000000000 ) ) ;
#5229 = EDGE_CURVE ( 'NONE', #6412, #1366, #968, .T. ) ;
#5230 = ORIENTED_EDGE ( 'NONE', *, *, #4617, .T. ) ;
#5231 = LINE ( 'NONE', #8617, #2509 ) ;
#5232 = EDGE_LOOP ( 'NONE', ( #767, #1342, #6522, #4980 ) ) ;
#5233 = FACE_OUTER_BOUND ( 'NONE', #1362, .T. ) ;
#5234 = ORIENTED_EDGE ( 'NONE', *, *, #6999, .F. ) ;
#5235 = EDGE_CURVE ( 'NONE', #7182, #5457, #7009, .T. ) ;
#5236 = LINE ( 'NONE', #5940, #6232 ) ;
#5237 = LINE ( 'NONE', #1846, #7253 ) ;
#5238 = EDGE_LOOP ( 'NONE', ( #5161, #5466, #2226, #2981 ) ) ;
#5239 = LINE ( 'NONE', #2675, #3012 ) ;
#5240 = CARTESIAN_POINT ( 'NONE',  ( -36.99999999999999289, -90.00000000000001421, 32.00000000000001421 ) ) ;
#5241 = ORIENTED_EDGE ( 'NONE', *, *, #6413, .T. ) ;
#5242 = EDGE_CURVE ( 'NONE', #2520, #7603, #4362, .T. ) ;
#5243 = CARTESIAN_POINT ( 'NONE',  ( -48.99999999999997158, -1.737959181815040933E-30, 50.00000000000001421 ) ) ;
#5244 = ADVANCED_FACE ( 'NONE', ( #2283 ), #7500, .T. ) ;
#5245 = AXIS2_PLACEMENT_3D ( 'NONE', #3903, #7742, #5091 ) ;
#5246 = EDGE_CURVE ( 'NONE', #1248, #7182, #6342, .T. ) ;
#5247 = ORIENTED_EDGE ( 'NONE', *, *, #8203, .T. ) ;
#5248 = CARTESIAN_POINT ( 'NONE',  ( -42.00000000000000711, 0.000000000000000000, 40.00000000000002132 ) ) ;
#5249 = CARTESIAN_POINT ( 'NONE',  ( -62.00000000000002842, -100.0000000000000000, -36.99999999999999289 ) ) ;
#5250 = FACE_OUTER_BOUND ( 'NONE', #935, .T. ) ;
#5251 = AXIS2_PLACEMENT_3D ( 'NONE', #2232, #3561, #6994 ) ;
#5252 = CYLINDRICAL_SURFACE ( 'NONE', #6882, 1.750000000000001554 ) ;
#5253 = VECTOR ( 'NONE', #101, 1000.000000000000000 ) ;
#5254 = ORIENTED_EDGE ( 'NONE', *, *, #4579, .T. ) ;
#5255 = DIRECTION ( 'NONE',  ( 0.000000000000000000, 0.000000000000000000, -1.000000000000000000 ) ) ;
#5256 = VERTEX_POINT ( 'NONE', #2246 ) ;
#5257 = AXIS2_PLACEMENT_3D ( 'NONE', #4492, #5856, #7183 ) ;
#5258 = LINE ( 'NONE', #629, #734 ) ;
#5259 = VECTOR ( 'NONE', #4671, 1000.000000000000000 ) ;
#5260 = ADVANCED_FACE ( 'NONE', ( #8283 ), #2953, .T. ) ;
#5261 = CIRCLE ( 'NONE', #7522, 5.999999999999998224 ) ;
#5262 = PLANE ( 'NONE',  #5682 ) ;
#5263 = ORIENTED_EDGE ( 'NONE', *, *, #1290, .F. ) ;
#5264 = CARTESIAN_POINT ( 'NONE',  ( 62.00000000000002842, -100.0000000000000000, -36.99999999999999289 ) ) ;
#5265 = ORIENTED_EDGE ( 'NONE', *, *, #7283, .T. ) ;
#5266 = LINE ( 'NONE', #6635, #505 ) ;
#5267 = EDGE_CURVE ( 'NONE', #7402, #3592, #1629, .T. ) ;
#5268 = DIRECTION ( 'NONE',  ( 0.000000000000000000, -1.000000000000000000, 0.000000000000000000 ) ) ;
#5269 = AXIS2_PLACEMENT_3D ( 'NONE', #4792, #1442, #6251 ) ;
#5270 = CIRCLE ( 'NONE', #1045, 1.250000000000001110 ) ;
#5271 = CARTESIAN_POINT ( 'NONE',  ( -59.99999999999997868, -60.00000000000000000, 2.200000000000002398 ) ) ;
#5272 = LINE ( 'NONE', #3997, #33 ) ;
#5273 = EDGE_LOOP ( 'NONE', ( #6876, #1380, #2419, #3275 ) ) ;
#5274 = CARTESIAN_POINT ( 'NONE',  ( -27.50000000000000355, 7.000000000000000000, 28.00000000000001066 ) ) ;
#5275 = VERTEX_POINT ( 'NONE', #5681 ) ;
#5276 = VECTOR ( 'NONE', #5222, 1000.000000000000000 ) ;
#5277 = DIRECTION ( 'NONE',  ( -0.000000000000000000, 1.000000000000000000, -0.000000000000000000 ) ) ;
#5278 = AXIS2_PLACEMENT_3D ( 'NONE', #4182, #7446, #1398 ) ;
#5279 = ORIENTED_EDGE ( 'NONE', *, *, #1469, .T. ) ;
#5280 = CARTESIAN_POINT ( 'NONE',  ( -55.99999999999996447, -60.00000000000000000, 7.200000000000002842 ) ) ;
#5281 = ADVANCED_BREP_SHAPE_REPRESENTATION ( 'Controllerv2 housing', ( #7871, #8111, #2219, #5032, #4952, #595 ), #3142 ) ;
#5282 = PLANE ( 'NONE',  #6973 ) ;
#5283 = ADVANCED_FACE ( 'NONE', ( #2332 ), #1452, .F. ) ;
#5284 = ORIENTED_EDGE ( 'NONE', *, *, #1392, .F. ) ;
#5285 = LINE ( 'NONE', #8056, #7238 ) ;
#5286 = DIRECTION ( 'NONE',  ( 0.000000000000000000, 0.8660254037844344888, -0.5000000000000069944 ) ) ;
#5287 = AXIS2_PLACEMENT_3D ( 'NONE', #2351, #5009, #990 ) ;
#5288 = CARTESIAN_POINT ( 'NONE',  ( 59.00000000000003553, -89.05545635173706387, -42.74999999999999289 ) ) ;
#5289 = ORIENTED_EDGE ( 'NONE', *, *, #5560, .F. ) ;
#5290 = PLANE ( 'NONE',  #4373 ) ;
#5291 = EDGE_LOOP ( 'NONE', ( #5773, #4603, #7406, #7154, #2712, #3704, #7165, #5216, #8341, #2252, #5037 ) ) ;
#5292 = CIRCLE ( 'NONE', #1491, 1.750000000000001554 ) ;
#5293 = CARTESIAN_POINT ( 'NONE',  ( 6.707597440443649891E-15, -90.00000000000001421, 29.00000000000000000 ) ) ;
#5294 = CARTESIAN_POINT ( 'NONE',  ( -57.99999999999997158, -60.00000000000000000, -25.19999999999999574 ) ) ;
#5295 = DIRECTION ( 'NONE',  ( 0.000000000000000000, 0.000000000000000000, 1.000000000000000000 ) ) ;
#5296 = ADVANCED_FACE ( 'NONE', ( #2374 ), #3088, .F. ) ;
#5297 = CARTESIAN_POINT ( 'NONE',  ( -27.50000000000000355, 4.000000000000000000, 35.00000000000001421 ) ) ;
#5298 = EDGE_LOOP ( 'NONE', ( #6799, #3600, #3096, #7420 ) ) ;
#5299 = CARTESIAN_POINT ( 'NONE',  ( 47.29999999999999005, -4.000000000000000000, -47.00000000000000000 ) ) ;
#5300 = ORIENTED_EDGE ( 'NONE', *, *, #2878, .F. ) ;
#5301 = CARTESIAN_POINT ( 'NONE',  ( 19.00000000000000000, -90.50000000000001421, -23.24999999999997868 ) ) ;
#5302 = EDGE_CURVE ( 'NONE', #6949, #5344, #1097, .T. ) ;
#5303 = DIRECTION ( 'NONE',  ( 0.000000000000000000, 0.000000000000000000, 1.000000000000000000 ) ) ;
#5304 = ORIENTED_EDGE ( 'NONE', *, *, #2551, .F. ) ;
#5305 = AXIS2_PLACEMENT_3D ( 'NONE', #3700, #6468, #2408 ) ;
#5306 = EDGE_LOOP ( 'NONE', ( #709, #4249, #639, #1529 ) ) ;
#5307 = CARTESIAN_POINT ( 'NONE',  ( 19.00000000000000711, -100.0000000000000000, 41.00000000000002842 ) ) ;
#5308 = ORIENTED_EDGE ( 'NONE', *, *, #4567, .F. ) ;
#5309 = LINE ( 'NONE', #7301, #1765 ) ;
#5310 = FACE_OUTER_BOUND ( 'NONE', #2064, .T. ) ;
#5311 = CARTESIAN_POINT ( 'NONE',  ( 0.000000000000000000, 0.000000000000000000, 0.000000000000000000 ) ) ;
#5312 = CARTESIAN_POINT ( 'NONE',  ( -37.50000000000001421, 7.000000000000000000, -34.50000000000000000 ) ) ;
#5313 = DIRECTION ( 'NONE',  ( 0.000000000000000000, -0.8660254037844377084, -0.5000000000000015543 ) ) ;
#5314 = DIRECTION ( 'NONE',  ( 0.000000000000000000, -1.000000000000000000, 0.000000000000000000 ) ) ;
#5315 = EDGE_LOOP ( 'NONE', ( #2262, #3893, #3947 ) ) ;
#5316 = FACE_OUTER_BOUND ( 'NONE', #2447, .T. ) ;
#5317 = EDGE_CURVE ( 'NONE', #6448, #149, #3503, .T. ) ;
#5318 = ORIENTED_EDGE ( 'NONE', *, *, #5766, .T. ) ;
#5319 = CARTESIAN_POINT ( 'NONE',  ( 0.000000000000000000, 5.000000000000000000, 0.000000000000000000 ) ) ;
#5320 = VERTEX_POINT ( 'NONE', #3128 ) ;
#5321 = DIRECTION ( 'NONE',  ( 0.000000000000000000, 1.000000000000000000, 0.000000000000000000 ) ) ;
#5322 = CARTESIAN_POINT ( 'NONE',  ( 47.29999999999999005, 0.000000000000000000, -47.00000000000000000 ) ) ;
#5323 = AXIS2_PLACEMENT_3D ( 'NONE', #7760, #3037, #2367 ) ;
#5324 = DIRECTION ( 'NONE',  ( 0.000000000000000000, 1.000000000000000000, 0.000000000000000000 ) ) ;
#5325 = DIRECTION ( 'NONE',  ( 0.000000000000000000, 0.000000000000000000, 1.000000000000000000 ) ) ;
#5326 = EDGE_CURVE ( 'NONE', #5855, #7155, #3175, .T. ) ;
#5327 = AXIS2_PLACEMENT_3D ( 'NONE', #6001, #802, #3490 ) ;
#5328 = CARTESIAN_POINT ( 'NONE',  ( 42.30000000000000426, -93.50000000000000000, 47.99999999999997868 ) ) ;
#5329 = EDGE_CURVE ( 'NONE', #8425, #8258, #8289, .T. ) ;
#5330 = VECTOR ( 'NONE', #1702, 1000.000000000000000 ) ;
#5331 = DIRECTION ( 'NONE',  ( -0.7071067811865440200, 0.000000000000000000, 0.7071067811865511255 ) ) ;
#5332 = VERTEX_POINT ( 'NONE', #6390 ) ;
#5333 = FACE_OUTER_BOUND ( 'NONE', #1607, .T. ) ;
#5334 = VECTOR ( 'NONE', #2996, 1000.000000000000000 ) ;
#5335 = ORIENTED_EDGE ( 'NONE', *, *, #5171, .T. ) ;
#5336 = VECTOR ( 'NONE', #1444, 999.9999999999998863 ) ;
#5337 = CARTESIAN_POINT ( 'NONE',  ( -35.70000000000000995, 0.000000000000000000, 22.99999999999999645 ) ) ;
#5338 = DIRECTION ( 'NONE',  ( 0.000000000000000000, -0.8660254037844344888, 0.5000000000000069944 ) ) ;
#5339 = PLANE ( 'NONE',  #6694 ) ;
#5340 = VECTOR ( 'NONE', #6353, 1000.000000000000000 ) ;
#5341 = AXIS2_PLACEMENT_3D ( 'NONE', #232, #279, #5698 ) ;
#5342 = DIRECTION ( 'NONE',  ( 0.8660254037844378194, -0.5000000000000015543, 0.000000000000000000 ) ) ;
#5343 = ADVANCED_FACE ( 'NONE', ( #1009 ), #4535, .T. ) ;
#5344 = VERTEX_POINT ( 'NONE', #7850 ) ;
#5345 = DIRECTION ( 'NONE',  ( 0.000000000000000000, 1.000000000000000000, 0.000000000000000000 ) ) ;
#5346 = EDGE_CURVE ( 'NONE', #8107, #7709, #683, .T. ) ;
#5347 = CYLINDRICAL_SURFACE ( 'NONE', #5110, 1.250000000000001110 ) ;
#5348 = CARTESIAN_POINT ( 'NONE',  ( -52.99999999999995026, -90.00000000000001421, 45.00000000000001421 ) ) ;
#5349 = EDGE_LOOP ( 'NONE', ( #1647, #4757, #2950, #8144 ) ) ;
#5350 = EDGE_LOOP ( 'NONE', ( #7181, #4459, #1970, #1688 ) ) ;
#5351 = ADVANCED_FACE ( 'NONE', ( #3754, #7223 ), #7139, .T. ) ;
#5352 = DIRECTION ( 'NONE',  ( -0.000000000000000000, 1.000000000000000000, -0.000000000000000000 ) ) ;
#5353 = ORIENTED_EDGE ( 'NONE', *, *, #809, .T. ) ;
#5354 = CARTESIAN_POINT ( 'NONE',  ( -16.50000000000001421, 5.000000000000000000, 35.00000000000002842 ) ) ;
#5355 = CARTESIAN_POINT ( 'NONE',  ( 59.00000000000003553, -105.0000000000000142, -45.74999999999999289 ) ) ;
#5356 = LINE ( 'NONE', #597, #2920 ) ;
#5357 = CARTESIAN_POINT ( 'NONE',  ( 42.30000000000000426, -83.50000000000000000, 47.00000000000000000 ) ) ;
#5358 = DIRECTION ( 'NONE',  ( 0.000000000000000000, 1.000000000000000000, -0.000000000000000000 ) ) ;
#5359 = ORIENTED_EDGE ( 'NONE', *, *, #4342, .T. ) ;
#5360 = CARTESIAN_POINT ( 'NONE',  ( -48.99999999999997158, -103.0000000000000142, 46.00000000000001421 ) ) ;
#5361 = ORIENTED_EDGE ( 'NONE', *, *, #3403, .T. ) ;
#5362 = DIRECTION ( 'NONE',  ( 0.000000000000000000, -1.000000000000000000, 0.000000000000000000 ) ) ;
#5363 = VERTEX_POINT ( 'NONE', #8543 ) ;
#5364 = CARTESIAN_POINT ( 'NONE',  ( -37.99999999999996447, -101.0000000000000000, 46.00000000000001421 ) ) ;
#5365 = FACE_BOUND ( 'NONE', #6832, .T. ) ;
#5366 = ORIENTED_EDGE ( 'NONE', *, *, #1093, .F. ) ;
#5367 = FACE_OUTER_BOUND ( 'NONE', #6644, .T. ) ;
#5368 = ADVANCED_FACE ( 'NONE', ( #5810 ), #6475, .T. ) ;
#5369 = CARTESIAN_POINT ( 'NONE',  ( -16.50000000000001421, -8.000000000000000000, 35.00000000000002842 ) ) ;
#5370 = DIRECTION ( 'NONE',  ( -0.000000000000000000, -1.000000000000000000, -0.000000000000000000 ) ) ;
#5371 = VERTEX_POINT ( 'NONE', #3708 ) ;
#5372 = CARTESIAN_POINT ( 'NONE',  ( -24.99999999999998224, -90.00000000000001421, -9.637352644315587256E-15 ) ) ;
#5373 = ORIENTED_EDGE ( 'NONE', *, *, #1199, .F. ) ;
#5374 = ORIENTED_EDGE ( 'NONE', *, *, #6458, .F. ) ;
#5375 = DIRECTION ( 'NONE',  ( -0.000000000000000000, -1.000000000000000000, 0.000000000000000000 ) ) ;
#5376 = DIRECTION ( 'NONE',  ( 1.901066822988281950E-16, 0.000000000000000000, -1.000000000000000000 ) ) ;
#5377 = ORIENTED_EDGE ( 'NONE', *, *, #2870, .F. ) ;
#5378 = DIRECTION ( 'NONE',  ( -0.000000000000000000, 1.000000000000000000, -0.000000000000000000 ) ) ;
#5379 = DIRECTION ( 'NONE',  ( 0.000000000000000000, 0.000000000000000000, -1.000000000000000000 ) ) ;
#5380 = ORIENTED_EDGE ( 'NONE', *, *, #1517, .T. ) ;
#5381 = CARTESIAN_POINT ( 'NONE',  ( 43.29999999999997584, 11.94974746830584600, 22.99999999999999645 ) ) ;
#5382 = DIRECTION ( 'NONE',  ( 0.000000000000000000, -1.000000000000000000, 0.000000000000000000 ) ) ;
#5383 = CIRCLE ( 'NONE', #894, 1.750000000000001554 ) ;
#5384 = CYLINDRICAL_SURFACE ( 'NONE', #6466, 4.000000000000003553 ) ;
#5385 = CIRCLE ( 'NONE', #4122, 1.000000000000000888 ) ;
#5386 = ORIENTED_EDGE ( 'NONE', *, *, #3, .F. ) ;
#5387 = ORIENTED_EDGE ( 'NONE', *, *, #6000, .F. ) ;
#5388 = VECTOR ( 'NONE', #2399, 1000.000000000000000 ) ;
#5389 = EDGE_LOOP ( 'NONE', ( #3528, #5794, #420, #4077 ) ) ;
#5390 = FACE_OUTER_BOUND ( 'NONE', #2671, .T. ) ;
#5391 = CIRCLE ( 'NONE', #8208, 3.000000000000002665 ) ;
#5392 = DIRECTION ( 'NONE',  ( -0.000000000000000000, 1.000000000000000000, -0.000000000000000000 ) ) ;
#5393 = VECTOR ( 'NONE', #6511, 1000.000000000000000 ) ;
#5394 = EDGE_CURVE ( 'NONE', #1229, #6392, #2462, .T. ) ;
#5395 = CARTESIAN_POINT ( 'NONE',  ( 61.50000000000002842, -85.51992244580429769, 45.25000000000000000 ) ) ;
#5396 = CARTESIAN_POINT ( 'NONE',  ( -37.50000000000001421, 6.000000000000000000, -34.50000000000000000 ) ) ;
#5397 = CARTESIAN_POINT ( 'NONE',  ( -61.99999999999995737, 0.000000000000000000, -44.00000000000000000 ) ) ;
#5398 = ORIENTED_EDGE ( 'NONE', *, *, #3774, .T. ) ;
#5399 = DIRECTION ( 'NONE',  ( -0.8660254037844378194, -0.5000000000000015543, -0.000000000000000000 ) ) ;
#5400 = ORIENTED_EDGE ( 'NONE', *, *, #7769, .F. ) ;
#5401 = CARTESIAN_POINT ( 'NONE',  ( 43.29999999999999005, 11.94974746830584600, -43.00000000000000711 ) ) ;
#5402 = ORIENTED_EDGE ( 'NONE', *, *, #5394, .T. ) ;
#5403 = DIRECTION ( 'NONE',  ( -0.000000000000000000, 1.000000000000000000, -0.000000000000000000 ) ) ;
#5404 = CARTESIAN_POINT ( 'NONE',  ( -13.00000000000000888, 0.000000000000000000, 30.00000000000002132 ) ) ;
#5405 = CARTESIAN_POINT ( 'NONE',  ( -61.99999999999997158, -60.00000000000000000, 0.2000000000000057288 ) ) ;
#5406 = AXIS2_PLACEMENT_3D ( 'NONE', #364, #4507, #3055 ) ;
#5407 = CARTESIAN_POINT ( 'NONE',  ( 19.00000000000000711, -90.50000000000001421, 41.00000000000002842 ) ) ;
#5408 = CARTESIAN_POINT ( 'NONE',  ( 52.00000000000004263, -100.0000000000000000, -47.00000000000000000 ) ) ;
#5409 = DIRECTION ( 'NONE',  ( 0.000000000000000000, -1.000000000000000000, 0.000000000000000000 ) ) ;
#5410 = AXIS2_PLACEMENT_3D ( 'NONE', #5319, #6686, #7404 ) ;
#5411 = ORIENTED_EDGE ( 'NONE', *, *, #1662, .T. ) ;
#5412 = DIRECTION ( 'NONE',  ( 0.000000000000000000, 1.000000000000000000, 0.000000000000000000 ) ) ;
#5413 = VECTOR ( 'NONE', #6775, 1000.000000000000000 ) ;
#5414 = VERTEX_POINT ( 'NONE', #3882 ) ;
#5415 = VERTEX_POINT ( 'NONE', #5199 ) ;
#5416 = EDGE_CURVE ( 'NONE', #8109, #5657, #6563, .T. ) ;
#5417 = CARTESIAN_POINT ( 'NONE',  ( 0.000000000000000000, 4.000000000000000000, 0.000000000000000000 ) ) ;
#5418 = DIRECTION ( 'NONE',  ( -0.000000000000000000, -1.000000000000000000, -0.000000000000000000 ) ) ;
#5419 = ORIENTED_EDGE ( 'NONE', *, *, #6922, .F. ) ;
#5420 = SURFACE_SIDE_STYLE ('',( #2734 ) ) ;
#5421 = AXIS2_PLACEMENT_3D ( 'NONE', #189, #815, #6854 ) ;
#5422 = DIRECTION ( 'NONE',  ( 0.000000000000000000, 0.000000000000000000, -1.000000000000000000 ) ) ;
#5423 = ORIENTED_EDGE ( 'NONE', *, *, #7789, .F. ) ;
#5424 = DIRECTION ( 'NONE',  ( -0.000000000000000000, 1.000000000000000000, -0.000000000000000000 ) ) ;
#5425 = ADVANCED_FACE ( 'NONE', ( #396 ), #2503, .T. ) ;
#5426 = DIRECTION ( 'NONE',  ( 0.000000000000000000, 0.000000000000000000, 1.000000000000000000 ) ) ;
#5427 = EDGE_CURVE ( 'NONE', #2315, #6440, #1714, .T. ) ;
#5428 = EDGE_CURVE ( 'NONE', #2846, #6788, #7795, .T. ) ;
#5429 = CARTESIAN_POINT ( 'NONE',  ( -59.99999999999997868, 0.000000000000000000, 2.200000000000002398 ) ) ;
#5430 = ADVANCED_FACE ( 'NONE', ( #7186 ), #1142, .F. ) ;
#5431 = EDGE_LOOP ( 'NONE', ( #4876, #1820, #1881, #5744 ) ) ;
#5432 = ORIENTED_EDGE ( 'NONE', *, *, #2368, .T. ) ;
#5433 = VERTEX_POINT ( 'NONE', #731 ) ;
#5434 = CARTESIAN_POINT ( 'NONE',  ( -57.99999999999997868, -60.00000000000000000, 2.200000000000002398 ) ) ;
#5435 = CARTESIAN_POINT ( 'NONE',  ( -6.999999999999996447, -97.00000000000001421, 46.99999999999999289 ) ) ;
#5436 = EDGE_CURVE ( 'NONE', #398, #4468, #8710, .T. ) ;
#5437 = AXIS2_PLACEMENT_3D ( 'NONE', #3375, #5227, #7304 ) ;
#5438 = CARTESIAN_POINT ( 'NONE',  ( -6.999999999999998224, -104.0000000000000142, 35.50000000000000711 ) ) ;
#5439 = DIRECTION ( 'NONE',  ( 0.000000000000000000, 0.000000000000000000, 1.000000000000000000 ) ) ;
#5440 = PLANE ( 'NONE',  #7932 ) ;
#5441 = EDGE_CURVE ( 'NONE', #5363, #3515, #8669, .T. ) ;
#5442 = ORIENTED_EDGE ( 'NONE', *, *, #8224, .F. ) ;
#5443 = ORIENTED_EDGE ( 'NONE', *, *, #4605, .F. ) ;
#5444 = EDGE_CURVE ( 'NONE', #3469, #3978, #7269, .T. ) ;
#5445 = FACE_BOUND ( 'NONE', #4382, .T. ) ;
#5446 = EDGE_LOOP ( 'NONE', ( #7628, #5674, #7729, #857 ) ) ;
#5447 = CIRCLE ( 'NONE', #7291, 1.750000000000001554 ) ;
#5448 = CYLINDRICAL_SURFACE ( 'NONE', #6377, 3.000000000000002665 ) ;
#5449 = CYLINDRICAL_SURFACE ( 'NONE', #358, 1.250000000000001110 ) ;
#5450 = DIRECTION ( 'NONE',  ( 0.000000000000000000, -1.000000000000000000, 0.000000000000000000 ) ) ;
#5451 = FACE_OUTER_BOUND ( 'NONE', #1445, .T. ) ;
#5452 = LINE ( 'NONE', #8019, #5259 ) ;
#5453 = CARTESIAN_POINT ( 'NONE',  ( -52.00000000000000711, -90.00000000000001421, 33.00000000000001421 ) ) ;
#5454 = ORIENTED_EDGE ( 'NONE', *, *, #776, .F. ) ;
#5455 = CARTESIAN_POINT ( 'NONE',  ( -61.99999999999997158, 3.535898384862256716, -46.99999999999999289 ) ) ;
#5456 = ORIENTED_EDGE ( 'NONE', *, *, #3044, .F. ) ;
#5457 = VERTEX_POINT ( 'NONE', #607 ) ;
#5458 = ADVANCED_FACE ( 'NONE', ( #2627 ), #652, .F. ) ;
#5459 = DIRECTION ( 'NONE',  ( 0.000000000000000000, 0.000000000000000000, 1.000000000000000000 ) ) ;
#5460 = DIRECTION ( 'NONE',  ( 0.000000000000000000, 0.000000000000000000, -1.000000000000000000 ) ) ;
#5461 = DIRECTION ( 'NONE',  ( 0.000000000000000000, 0.000000000000000000, -1.000000000000000000 ) ) ;
#5462 = EDGE_CURVE ( 'NONE', #3271, #3136, #7928, .T. ) ;
#5463 = ORIENTED_EDGE ( 'NONE', *, *, #374, .T. ) ;
#5464 = PLANE ( 'NONE',  #5828 ) ;
#5465 = LINE ( 'NONE', #6843, #6452 ) ;
#5466 = ORIENTED_EDGE ( 'NONE', *, *, #4342, .F. ) ;
#5467 = CYLINDRICAL_SURFACE ( 'NONE', #1425, 1.750000000000005107 ) ;
#5468 = VECTOR ( 'NONE', #8724, 1000.000000000000000 ) ;
#5469 = CARTESIAN_POINT ( 'NONE',  ( -6.999999999999991118, -90.00000000000001421, -6.746146851020908042E-16 ) ) ;
#5470 = VECTOR ( 'NONE', #7545, 1000.000000000000000 ) ;
#5471 = VECTOR ( 'NONE', #5313, 1000.000000000000114 ) ;
#5472 = EDGE_CURVE ( 'NONE', #1116, #1855, #1315, .T. ) ;
#5473 = ORIENTED_EDGE ( 'NONE', *, *, #556, .T. ) ;
#5474 = CARTESIAN_POINT ( 'NONE',  ( 59.00000000000002132, -105.0000000000000142, 44.00000000000000711 ) ) ;
#5475 = EDGE_LOOP ( 'NONE', ( #1752, #3445, #5896, #5241 ) ) ;
#5476 = VERTEX_POINT ( 'NONE', #3253 ) ;
#5477 = ORIENTED_EDGE ( 'NONE', *, *, #8020, .T. ) ;
#5478 = CARTESIAN_POINT ( 'NONE',  ( -48.99999999999997158, -105.0000000000000142, 46.00000000000001421 ) ) ;
#5479 = VECTOR ( 'NONE', #3529, 1000.000000000000000 ) ;
#5480 = EDGE_CURVE ( 'NONE', #6308, #377, #6604, .T. ) ;
#5481 = CARTESIAN_POINT ( 'NONE',  ( -61.99999999999997158, -100.0000000000000000, 47.00000000000000711 ) ) ;
#5482 = CARTESIAN_POINT ( 'NONE',  ( -21.00000000000000000, -30.38477631085023489, 41.50000000000001421 ) ) ;
#5483 = LINE ( 'NONE', #7438, #7757 ) ;
#5484 = DIRECTION ( 'NONE',  ( 0.000000000000000000, 0.000000000000000000, -1.000000000000000000 ) ) ;
#5485 = ORIENTED_EDGE ( 'NONE', *, *, #105, .T. ) ;
#5486 = VECTOR ( 'NONE', #7349, 1000.000000000000114 ) ;
#5487 = ORIENTED_EDGE ( 'NONE', *, *, #2114, .T. ) ;
#5488 = DIRECTION ( 'NONE',  ( 6.938893903907228378E-15, 0.000000000000000000, -1.000000000000000000 ) ) ;
#5489 = ORIENTED_EDGE ( 'NONE', *, *, #6173, .T. ) ;
#5490 = DIRECTION ( 'NONE',  ( 0.7071067811865474617, 0.000000000000000000, -0.7071067811865474617 ) ) ;
#5491 = CARTESIAN_POINT ( 'NONE',  ( -37.99999999999996447, -90.00000000000001421, 0.000000000000000000 ) ) ;
#5492 = DIRECTION ( 'NONE',  ( -0.000000000000000000, -1.000000000000000000, -0.000000000000000000 ) ) ;
#5493 = DIRECTION ( 'NONE',  ( 0.000000000000000000, 0.000000000000000000, -1.000000000000000000 ) ) ;
#5494 = EDGE_CURVE ( 'NONE', #148, #8458, #7356, .T. ) ;
#5495 = CYLINDRICAL_SURFACE ( 'NONE', #7110, 1.750000000000001554 ) ;
#5496 = CARTESIAN_POINT ( 'NONE',  ( -64.99999999999997158, -101.5358983848622927, 47.00000000000000711 ) ) ;
#5497 = VERTEX_POINT ( 'NONE', #4748 ) ;
#5498 = CARTESIAN_POINT ( 'NONE',  ( -58.99999999999994316, -100.0000000000000000, -45.75000000000012790 ) ) ;
#5499 = ORIENTED_EDGE ( 'NONE', *, *, #3324, .F. ) ;
#5500 = ORIENTED_EDGE ( 'NONE', *, *, #3056, .F. ) ;
#5501 = DIRECTION ( 'NONE',  ( 1.000000000000000000, -0.000000000000000000, 0.000000000000000000 ) ) ;
#5502 =( BOUNDED_CURVE ( )  B_SPLINE_CURVE ( 3, ( #2810, #8055, #2011, #1400 ),
 .UNSPECIFIED., .F., .F. ) 
 B_SPLINE_CURVE_WITH_KNOTS ( ( 4, 4 ),
 ( 2.356194490192344837, 3.926990816987240951 ),
 .UNSPECIFIED. ) 
 CURVE ( )  GEOMETRIC_REPRESENTATION_ITEM ( )  RATIONAL_B_SPLINE_CURVE ( ( 1.000000000000000000, 0.8047378541243650485, 0.8047378541243650485, 1.000000000000000000 ) ) 
 REPRESENTATION_ITEM ( '' )  );
#5503 = EDGE_CURVE ( 'NONE', #6907, #6314, #3293, .T. ) ;
#5504 = DIRECTION ( 'NONE',  ( -0.000000000000000000, 0.000000000000000000, -1.000000000000000000 ) ) ;
#5505 = CYLINDRICAL_SURFACE ( 'NONE', #5134, 1.750000000000005107 ) ;
#5506 = ORIENTED_EDGE ( 'NONE', *, *, #1579, .F. ) ;
#5507 = LINE ( 'NONE', #6840, #6242 ) ;
#5508 = EDGE_CURVE ( 'NONE', #5093, #582, #5385, .T. ) ;
#5509 = FACE_OUTER_BOUND ( 'NONE', #2396, .T. ) ;
#5510 = VECTOR ( 'NONE', #2, 1000.000000000000000 ) ;
#5511 = ORIENTED_EDGE ( 'NONE', *, *, #5892, .T. ) ;
#5512 = DIRECTION ( 'NONE',  ( 0.000000000000000000, 0.000000000000000000, -1.000000000000000000 ) ) ;
#5513 = CARTESIAN_POINT ( 'NONE',  ( -39.69999999999999574, -4.000000000000000000, -47.00000000000000000 ) ) ;
#5514 = DIRECTION ( 'NONE',  ( -1.000000000000000000, 0.000000000000000000, -9.637352644315594010E-17 ) ) ;
#5515 = ORIENTED_EDGE ( 'NONE', *, *, #6675, .F. ) ;
#5516 = DIRECTION ( 'NONE',  ( 0.000000000000000000, 0.000000000000000000, -1.000000000000000000 ) ) ;
#5517 = ORIENTED_EDGE ( 'NONE', *, *, #374, .F. ) ;
#5518 = ORIENTED_EDGE ( 'NONE', *, *, #1223, .F. ) ;
#5519 = VECTOR ( 'NONE', #6273, 1000.000000000000000 ) ;
#5520 = EDGE_CURVE ( 'NONE', #6360, #7032, #4047, .T. ) ;
#5521 = FACE_BOUND ( 'NONE', #4817, .T. ) ;
#5522 = VERTEX_POINT ( 'NONE', #694 ) ;
#5523 = CYLINDRICAL_SURFACE ( 'NONE', #6554, 4.000000000000003553 ) ;
#5524 = AXIS2_PLACEMENT_3D ( 'NONE', #785, #4832, #6200 ) ;
#5525 = DIRECTION ( 'NONE',  ( 0.000000000000000000, -1.000000000000000000, 0.000000000000000000 ) ) ;
#5526 = DIRECTION ( 'NONE',  ( 1.000000000000000000, 0.000000000000000000, 0.000000000000000000 ) ) ;
#5527 = FACE_OUTER_BOUND ( 'NONE', #1560, .T. ) ;
#5528 = VECTOR ( 'NONE', #8324, 1000.000000000000000 ) ;
#5529 = ORIENTED_EDGE ( 'NONE', *, *, #4737, .F. ) ;
#5530 = VERTEX_POINT ( 'NONE', #3922 ) ;
#5531 = ORIENTED_EDGE ( 'NONE', *, *, #3284, .T. ) ;
#5532 = EDGE_CURVE ( 'NONE', #810, #8608, #7445, .T. ) ;
#5533 = VECTOR ( 'NONE', #6203, 1000.000000000000000 ) ;
#5534 = PLANE ( 'NONE',  #6267 ) ;
#5535 = VECTOR ( 'NONE', #4799, 1000.000000000000000 ) ;
#5536 = VERTEX_POINT ( 'NONE', #2584 ) ;
#5537 = DIRECTION ( 'NONE',  ( 0.000000000000000000, 0.000000000000000000, -1.000000000000000000 ) ) ;
#5538 = FACE_OUTER_BOUND ( 'NONE', #3367, .T. ) ;
#5539 = CARTESIAN_POINT ( 'NONE',  ( 19.00000000000000000, -90.50000000000001421, -20.74999999999997513 ) ) ;
#5540 = DIRECTION ( 'NONE',  ( -0.5773502691896225114, -0.5773502691896233996, 0.5773502691896312822 ) ) ;
#5541 = DIRECTION ( 'NONE',  ( 0.000000000000000000, 0.000000000000000000, -1.000000000000000000 ) ) ;
#5542 = EDGE_CURVE ( 'NONE', #3459, #7416, #6586, .T. ) ;
#5543 = DIRECTION ( 'NONE',  ( 0.000000000000000000, -1.000000000000000000, 0.000000000000000000 ) ) ;
#5544 = VECTOR ( 'NONE', #7670, 1000.000000000000000 ) ;
#5545 = VERTEX_POINT ( 'NONE', #2716 ) ;
#5546 = CYLINDRICAL_SURFACE ( 'NONE', #1381, 1.250000000000001110 ) ;
#5547 = ORIENTED_EDGE ( 'NONE', *, *, #8172, .F. ) ;
#5548 = ORIENTED_EDGE ( 'NONE', *, *, #6400, .F. ) ;
#5549 = EDGE_CURVE ( 'NONE', #902, #534, #6022, .T. ) ;
#5550 = DIRECTION ( 'NONE',  ( -0.000000000000000000, -1.000000000000000000, -0.000000000000000000 ) ) ;
#5551 = CARTESIAN_POINT ( 'NONE',  ( -6.999999999999996447, -90.00000000000001421, 50.00000000000002132 ) ) ;
#5552 = CARTESIAN_POINT ( 'NONE',  ( -58.99999999999997158, -86.05025253169436894, 46.99999999999998579 ) ) ;
#5553 = ORIENTED_EDGE ( 'NONE', *, *, #290, .T. ) ;
#5554 = DIRECTION ( 'NONE',  ( 0.000000000000000000, -0.000000000000000000, -1.000000000000000000 ) ) ;
#5555 = AXIS2_PLACEMENT_3D ( 'NONE', #4786, #5579, #4745 ) ;
#5556 = AXIS2_PLACEMENT_3D ( 'NONE', #4536, #23, #1273 ) ;
#5557 = DIRECTION ( 'NONE',  ( 0.000000000000000000, -1.000000000000000000, 0.000000000000000000 ) ) ;
#5558 = ORIENTED_EDGE ( 'NONE', *, *, #7639, .T. ) ;
#5559 = CYLINDRICAL_SURFACE ( 'NONE', #1008, 7.500000000000000000 ) ;
#5560 = EDGE_CURVE ( 'NONE', #1382, #7136, #8099, .T. ) ;
#5561 = VECTOR ( 'NONE', #7040, 1000.000000000000000 ) ;
#5562 = CARTESIAN_POINT ( 'NONE',  ( 49.00000000000000000, -90.50000000000001421, -21.99999999999997868 ) ) ;
#5563 = CARTESIAN_POINT ( 'NONE',  ( -39.70000000000000995, 6.000000000000000000, -39.00000000000000711 ) ) ;
#5564 = VECTOR ( 'NONE', #4033, 1000.000000000000000 ) ;
#5565 = EDGE_LOOP ( 'NONE', ( #478, #5456, #5699, #1326 ) ) ;
#5566 = DIRECTION ( 'NONE',  ( 0.000000000000000000, -1.000000000000000000, 0.000000000000000000 ) ) ;
#5567 = CIRCLE ( 'NONE', #7833, 3.000000000000002665 ) ;
#5568 = ORIENTED_EDGE ( 'NONE', *, *, #5880, .T. ) ;
#5569 = ORIENTED_EDGE ( 'NONE', *, *, #151, .F. ) ;
#5570 = CARTESIAN_POINT ( 'NONE',  ( -52.00000000000000711, -100.0000000000000000, 29.00000000000001066 ) ) ;
#5571 = EDGE_CURVE ( 'NONE', #4209, #7779, #5236, .T. ) ;
#5572 = ORIENTED_EDGE ( 'NONE', *, *, #3690, .T. ) ;
#5573 = FACE_OUTER_BOUND ( 'NONE', #3383, .T. ) ;
#5574 = LINE ( 'NONE', #7658, #5041 ) ;
#5575 = FACE_OUTER_BOUND ( 'NONE', #6184, .T. ) ;
#5576 = DIRECTION ( 'NONE',  ( 0.000000000000000000, 0.000000000000000000, -1.000000000000000000 ) ) ;
#5577 = ORIENTED_EDGE ( 'NONE', *, *, #2389, .F. ) ;
#5578 = VERTEX_POINT ( 'NONE', #4624 ) ;
#5579 = DIRECTION ( 'NONE',  ( 0.000000000000000000, -1.000000000000000000, 0.000000000000000000 ) ) ;
#5580 = ORIENTED_EDGE ( 'NONE', *, *, #8687, .T. ) ;
#5581 = LINE ( 'NONE', #7576, #6944 ) ;
#5582 = CARTESIAN_POINT ( 'NONE',  ( -61.99999999999997158, -100.0000000000000000, 47.00000000000000711 ) ) ;
#5583 = DIRECTION ( 'NONE',  ( -0.000000000000000000, 1.000000000000000000, -0.000000000000000000 ) ) ;
#5584 = CARTESIAN_POINT ( 'NONE',  ( 63.00000000000002842, 7.000000000000000000, -46.99999999999999289 ) ) ;
#5585 = CARTESIAN_POINT ( 'NONE',  ( 62.00000000000002842, -100.0000000000000000, -46.99999999999999289 ) ) ;
#5586 = EDGE_CURVE ( 'NONE', #19, #8109, #7313, .T. ) ;
#5587 = FACE_OUTER_BOUND ( 'NONE', #4553, .T. ) ;
#5588 = ORIENTED_EDGE ( 'NONE', *, *, #5138, .F. ) ;
#5589 = CARTESIAN_POINT ( 'NONE',  ( -37.50000000000001421, 6.000000000000000000, -34.50000000000000000 ) ) ;
#5590 = ORIENTED_EDGE ( 'NONE', *, *, #2795, .T. ) ;
#5591 = ORIENTED_EDGE ( 'NONE', *, *, #7590, .T. ) ;
#5592 = VECTOR ( 'NONE', #644, 1000.000000000000000 ) ;
#5593 = DIRECTION ( 'NONE',  ( -1.000000000000000000, 0.000000000000000000, 0.000000000000000000 ) ) ;
#5594 = CARTESIAN_POINT ( 'NONE',  ( -6.999999999999996447, -90.00000000000001421, 48.00000000000000711 ) ) ;
#5595 = CARTESIAN_POINT ( 'NONE',  ( -16.50000000000001421, 5.000000000000000000, 35.00000000000002842 ) ) ;
#5596 = EDGE_CURVE ( 'NONE', #8420, #6908, #2436, .T. ) ;
#5597 = ORIENTED_EDGE ( 'NONE', *, *, #6625, .F. ) ;
#5598 = SURFACE_STYLE_USAGE ( .BOTH. , #5420 ) ;
#5599 = EDGE_CURVE ( 'NONE', #1028, #2699, #7372, .T. ) ;
#5600 = CARTESIAN_POINT ( 'NONE',  ( 31.30000000000000782, -103.0000000000000142, 45.00000000000003553 ) ) ;
#5601 = ORIENTED_EDGE ( 'NONE', *, *, #405, .F. ) ;
#5602 = DIRECTION ( 'NONE',  ( 1.000000000000000000, 0.000000000000000000, 0.000000000000000000 ) ) ;
#5603 = LINE ( 'NONE', #4296, #1541 ) ;
#5604 = LINE ( 'NONE', #134, #8484 ) ;
#5605 = AXIS2_PLACEMENT_3D ( 'NONE', #18, #8010, #4578 ) ;
#5606 = ADVANCED_FACE ( 'NONE', ( #4877 ), #2096, .F. ) ;
#5607 = ADVANCED_FACE ( 'NONE', ( #3521 ), #5448, .T. ) ;
#5608 = AXIS2_PLACEMENT_3D ( 'NONE', #4155, #4806, #3312 ) ;
#5609 = ORIENTED_EDGE ( 'NONE', *, *, #2632, .T. ) ;
#5610 = LINE ( 'NONE', #7025, #5206 ) ;
#5611 = VECTOR ( 'NONE', #2362, 1000.000000000000000 ) ;
#5612 = ORIENTED_EDGE ( 'NONE', *, *, #5472, .T. ) ;
#5613 = ORIENTED_EDGE ( 'NONE', *, *, #4712, .T. ) ;
#5614 = AXIS2_PLACEMENT_3D ( 'NONE', #6702, #746, #7326 ) ;
#5615 = EDGE_CURVE ( 'NONE', #1271, #5363, #4788, .T. ) ;
#5616 = FACE_OUTER_BOUND ( 'NONE', #6714, .T. ) ;
#5617 = ORIENTED_EDGE ( 'NONE', *, *, #2307, .F. ) ;
#5618 = AXIS2_PLACEMENT_3D ( 'NONE', #2546, #1062, #4591 ) ;
#5619 = VECTOR ( 'NONE', #4546, 1000.000000000000000 ) ;
#5620 = DIRECTION ( 'NONE',  ( 0.000000000000000000, 1.000000000000000000, -0.000000000000000000 ) ) ;
#5621 = AXIS2_PLACEMENT_3D ( 'NONE', #6981, #4251, #900 ) ;
#5622 = EDGE_CURVE ( 'NONE', #4281, #712, #7229, .T. ) ;
#5623 = CARTESIAN_POINT ( 'NONE',  ( -35.69999999999999574, 11.94974746830584600, -41.25000000000000711 ) ) ;
#5624 = EDGE_CURVE ( 'NONE', #2456, #413, #5581, .T. ) ;
#5625 = FACE_OUTER_BOUND ( 'NONE', #5306, .T. ) ;
#5626 = ORIENTED_EDGE ( 'NONE', *, *, #7432, .T. ) ;
#5627 = ORIENTED_EDGE ( 'NONE', *, *, #6534, .T. ) ;
#5628 = DIRECTION ( 'NONE',  ( -0.7071067811865513475, 0.000000000000000000, 0.7071067811865437980 ) ) ;
#5629 = VERTEX_POINT ( 'NONE', #7486 ) ;
#5630 = CARTESIAN_POINT ( 'NONE',  ( -61.99999999999997158, 7.000000000000000000, 47.00000000000000711 ) ) ;
#5631 = DIRECTION ( 'NONE',  ( -0.000000000000000000, 0.000000000000000000, -1.000000000000000000 ) ) ;
#5632 = DIRECTION ( 'NONE',  ( 0.000000000000000000, 0.000000000000000000, -1.000000000000000000 ) ) ;
#5633 = CARTESIAN_POINT ( 'NONE',  ( 39.30000000000000426, 0.000000000000000000, -47.00000000000000000 ) ) ;
#5634 = CARTESIAN_POINT ( 'NONE',  ( -61.99999999999997158, -100.0000000000000000, 47.00000000000000711 ) ) ;
#5635 = CARTESIAN_POINT ( 'NONE',  ( 5.000000000000012434, -4.336808689942055207E-16, 46.99999999999999289 ) ) ;
#5636 = DIRECTION ( 'NONE',  ( 0.000000000000000000, 0.000000000000000000, -1.000000000000000000 ) ) ;
#5637 = ORIENTED_EDGE ( 'NONE', *, *, #2582, .F. ) ;
#5638 = ORIENTED_EDGE ( 'NONE', *, *, #3415, .F. ) ;
#5639 = CARTESIAN_POINT ( 'NONE',  ( -6.999999999999993783, -103.0000000000000142, 47.00000000000000711 ) ) ;
#5640 = DIRECTION ( 'NONE',  ( 0.000000000000000000, -1.000000000000000000, 0.000000000000000000 ) ) ;
#5641 = DIRECTION ( 'NONE',  ( -0.000000000000000000, 1.000000000000000000, -0.000000000000000000 ) ) ;
#5642 = VERTEX_POINT ( 'NONE', #6865 ) ;
#5643 = CARTESIAN_POINT ( 'NONE',  ( -61.99999999999996447, -91.00000000000009948, -37.00000000000013500 ) ) ;
#5644 = CLOSED_SHELL ( 'NONE', ( #4966, #737, #7507, #4850, #7945, #8665, #276, #8259, #1298, #4386 ) ) ;
#5645 = FACE_OUTER_BOUND ( 'NONE', #3103, .T. ) ;
#5646 = EDGE_LOOP ( 'NONE', ( #7957, #7115, #6483, #8478 ) ) ;
#5647 = CARTESIAN_POINT ( 'NONE',  ( 52.00000000000004263, -98.00000000000000000, -47.00000000000000000 ) ) ;
#5648 = DIRECTION ( 'NONE',  ( 0.000000000000000000, 0.000000000000000000, -1.000000000000000000 ) ) ;
#5649 = CYLINDRICAL_SURFACE ( 'NONE', #2140, 1.000000000000000888 ) ;
#5650 = EDGE_LOOP ( 'NONE', ( #5613, #2260, #2934, #1912 ) ) ;
#5651 = ADVANCED_FACE ( 'NONE', ( #248 ), #8228, .F. ) ;
#5652 = CARTESIAN_POINT ( 'NONE',  ( -57.99999999999997158, -60.00000000000000000, 1.200000000000002176 ) ) ;
#5653 = VERTEX_POINT ( 'NONE', #7531 ) ;
#5654 = VERTEX_POINT ( 'NONE', #8137 ) ;
#5655 = CARTESIAN_POINT ( 'NONE',  ( -32.93482030204174293, -90.00000000000001421, 39.25019041640337747 ) ) ;
#5656 = ADVANCED_FACE ( 'NONE', ( #202 ), #4316, .F. ) ;
#5657 = VERTEX_POINT ( 'NONE', #1530 ) ;
#5658 = PLANE ( 'NONE',  #2177 ) ;
#5659 = DIRECTION ( 'NONE',  ( -1.000000000000000000, 0.000000000000000000, 0.000000000000000000 ) ) ;
#5660 = DIRECTION ( 'NONE',  ( -0.000000000000000000, -1.000000000000000000, -0.000000000000000000 ) ) ;
#5661 = AXIS2_PLACEMENT_3D ( 'NONE', #1376, #4, #3408 ) ;
#5662 = DIRECTION ( 'NONE',  ( 0.000000000000000000, 0.000000000000000000, 1.000000000000000000 ) ) ;
#5663 = VERTEX_POINT ( 'NONE', #1437 ) ;
#5664 = CARTESIAN_POINT ( 'NONE',  ( 31.30000000000000782, -105.0000000000000142, 37.00000000000003553 ) ) ;
#5665 = ORIENTED_EDGE ( 'NONE', *, *, #4605, .T. ) ;
#5666 = LINE ( 'NONE', #1657, #897 ) ;
#5667 = DIRECTION ( 'NONE',  ( -0.7071067811865474617, 0.000000000000000000, 0.7071067811865474617 ) ) ;
#5668 = EDGE_CURVE ( 'NONE', #8095, #7784, #4181, .T. ) ;
#5669 = DIRECTION ( 'NONE',  ( 1.000000000000000000, 0.000000000000000000, 0.000000000000000000 ) ) ;
#5670 = VECTOR ( 'NONE', #7621, 1000.000000000000000 ) ;
#5671 = AXIS2_PLACEMENT_3D ( 'NONE', #6059, #7439, #1390 ) ;
#5672 = DIRECTION ( 'NONE',  ( 0.7071067811865489050, -0.000000000000000000, 0.7071067811865462405 ) ) ;
#5673 = DIRECTION ( 'NONE',  ( 0.000000000000000000, 0.000000000000000000, 1.000000000000000000 ) ) ;
#5674 = ORIENTED_EDGE ( 'NONE', *, *, #2767, .F. ) ;
#5675 = CARTESIAN_POINT ( 'NONE',  ( 59.00000000000002132, -105.0000000000000142, 45.75000000000000711 ) ) ;
#5676 = AXIS2_PLACEMENT_3D ( 'NONE', #1619, #959, #1486 ) ;
#5677 = ORIENTED_EDGE ( 'NONE', *, *, #4982, .T. ) ;
#5678 = VERTEX_POINT ( 'NONE', #2900 ) ;
#5679 = DIRECTION ( 'NONE',  ( -0.000000000000000000, 1.000000000000000000, -0.000000000000000000 ) ) ;
#5680 = AXIS2_PLACEMENT_3D ( 'NONE', #866, #2933, #6193 ) ;
#5681 = CARTESIAN_POINT ( 'NONE',  ( -59.99999999999997868, -0.000000000000000000, 0.2000000000000057288 ) ) ;
#5682 = AXIS2_PLACEMENT_3D ( 'NONE', #3776, #7955, #1254 ) ;
#5683 = DIRECTION ( 'NONE',  ( -1.678764654171103998E-16, 0.000000000000000000, 1.000000000000000000 ) ) ;
#5684 = ADVANCED_FACE ( 'NONE', ( #827, #3654 ), #6955, .F. ) ;
#5685 = ORIENTED_EDGE ( 'NONE', *, *, #945, .T. ) ;
#5686 = LINE ( 'NONE', #2335, #5687 ) ;
#5687 = VECTOR ( 'NONE', #7725, 1000.000000000000000 ) ;
#5688 = VECTOR ( 'NONE', #7257, 1000.000000000000000 ) ;
#5689 = DIRECTION ( 'NONE',  ( -0.5773502691896266192, 0.5773502691896240657, 0.5773502691896266192 ) ) ;
#5690 = DIRECTION ( 'NONE',  ( 0.000000000000000000, 1.000000000000000000, 0.000000000000000000 ) ) ;
#5691 = ORIENTED_EDGE ( 'NONE', *, *, #8158, .T. ) ;
#5692 = CARTESIAN_POINT ( 'NONE',  ( -58.99999999999994316, -105.0000000000000142, -44.00000000000012790 ) ) ;
#5693 = DIRECTION ( 'NONE',  ( 0.000000000000000000, 0.000000000000000000, 1.000000000000000000 ) ) ;
#5694 = CARTESIAN_POINT ( 'NONE',  ( 37.49999999999998579, 6.000000000000000000, 0.000000000000000000 ) ) ;
#5695 = AXIS2_PLACEMENT_3D ( 'NONE', #6772, #3470, #729 ) ;
#5696 = ORIENTED_EDGE ( 'NONE', *, *, #2865, .T. ) ;
#5697 = EDGE_CURVE ( 'NONE', #318, #3596, #919, .T. ) ;
#5698 = DIRECTION ( 'NONE',  ( 0.000000000000000000, 0.000000000000000000, -1.000000000000000000 ) ) ;
#5699 = ORIENTED_EDGE ( 'NONE', *, *, #8586, .T. ) ;
#5700 = VECTOR ( 'NONE', #8251, 1000.000000000000000 ) ;
#5701 = VERTEX_POINT ( 'NONE', #7668 ) ;
#5702 = VECTOR ( 'NONE', #3781, 1000.000000000000000 ) ;
#5703 = CARTESIAN_POINT ( 'NONE',  ( 49.00000000000000711, -90.50000000000001421, 41.00000000000002842 ) ) ;
#5704 = ORIENTED_EDGE ( 'NONE', *, *, #5881, .F. ) ;
#5705 = CARTESIAN_POINT ( 'NONE',  ( -38.00000000000000711, -98.99999999999998579, 50.00000000000000711 ) ) ;
#5706 = ADVANCED_FACE ( 'NONE', ( #3611 ), #7925, .F. ) ;
#5707 = EDGE_CURVE ( 'NONE', #3736, #1710, #4926, .T. ) ;
#5708 = VECTOR ( 'NONE', #2263, 1000.000000000000000 ) ;
#5709 = DIRECTION ( 'NONE',  ( 0.000000000000000000, 0.000000000000000000, 1.000000000000000000 ) ) ;
#5710 = CARTESIAN_POINT ( 'NONE',  ( 19.00000000000000711, -83.50000000000000000, 41.00000000000002842 ) ) ;
#5711 = FACE_OUTER_BOUND ( 'NONE', #2111, .T. ) ;
#5712 = VERTEX_POINT ( 'NONE', #1575 ) ;
#5713 = LINE ( 'NONE', #2402, #628 ) ;
#5714 = VERTEX_POINT ( 'NONE', #3114 ) ;
#5715 = PLANE ( 'NONE',  #3855 ) ;
#5716 = DIRECTION ( 'NONE',  ( 0.000000000000000000, -1.000000000000000000, 0.000000000000000000 ) ) ;
#5717 = PLANE ( 'NONE',  #6739 ) ;
#5718 = EDGE_CURVE ( 'NONE', #7779, #6949, #7080, .T. ) ;
#5719 = EDGE_CURVE ( 'NONE', #1158, #1547, #3571, .T. ) ;
#5720 = CARTESIAN_POINT ( 'NONE',  ( 19.00000000000000000, -83.50000000000000000, -17.99999999999997868 ) ) ;
#5721 = CARTESIAN_POINT ( 'NONE',  ( 27.49999999999999645, 4.000000000000000000, 35.00000000000000711 ) ) ;
#5722 = EDGE_CURVE ( 'NONE', #7709, #5653, #5666, .T. ) ;
#5723 = DIRECTION ( 'NONE',  ( 0.000000000000000000, -1.000000000000000000, 0.000000000000000000 ) ) ;
#5724 = ORIENTED_EDGE ( 'NONE', *, *, #2410, .F. ) ;
#5725 = EDGE_LOOP ( 'NONE', ( #8349, #6149, #4086, #104 ) ) ;
#5726 = DIRECTION ( 'NONE',  ( 0.000000000000000000, 0.000000000000000000, 1.000000000000000000 ) ) ;
#5727 = EDGE_LOOP ( 'NONE', ( #6477, #6896, #5873, #7788 ) ) ;
#5728 = CARTESIAN_POINT ( 'NONE',  ( 0.000000000000000000, 4.000000000000000000, 0.000000000000000000 ) ) ;
#5729 = DIRECTION ( 'NONE',  ( 0.000000000000000000, 0.000000000000000000, -1.000000000000000000 ) ) ;
#5730 = ORIENTED_EDGE ( 'NONE', *, *, #8606, .T. ) ;
#5731 = DIRECTION ( 'NONE',  ( -1.000000000000000000, 0.000000000000000000, 1.850371707708594316E-16 ) ) ;
#5732 = DIRECTION ( 'NONE',  ( 0.7071067811865465735, -0.000000000000000000, -0.7071067811865485719 ) ) ;
#5733 = DIRECTION ( 'NONE',  ( 0.000000000000000000, -1.000000000000000000, 0.000000000000000000 ) ) ;
#5734 = ORIENTED_EDGE ( 'NONE', *, *, #4307, .T. ) ;
#5735 = DIRECTION ( 'NONE',  ( 0.000000000000000000, 1.000000000000000000, 0.000000000000000000 ) ) ;
#5736 = EDGE_CURVE ( 'NONE', #1709, #5886, #5018, .T. ) ;
#5737 = EDGE_CURVE ( 'NONE', #2330, #4906, #4524, .T. ) ;
#5738 = DIRECTION ( 'NONE',  ( 1.000000000000000000, 0.000000000000000000, 0.000000000000000000 ) ) ;
#5739 = FACE_OUTER_BOUND ( 'NONE', #95, .T. ) ;
#5740 = AXIS2_PLACEMENT_3D ( 'NONE', #4821, #7523, #1478 ) ;
#5741 = ORIENTED_EDGE ( 'NONE', *, *, #3041, .T. ) ;
#5742 = PLANE ( 'NONE',  #274 ) ;
#5743 = ORIENTED_EDGE ( 'NONE', *, *, #2150, .T. ) ;
#5744 = ORIENTED_EDGE ( 'NONE', *, *, #8558, .F. ) ;
#5745 = DIRECTION ( 'NONE',  ( 0.7071067811865485719, 0.000000000000000000, 0.7071067811865465735 ) ) ;
#5746 = AXIS2_PLACEMENT_3D ( 'NONE', #3169, #5723, #5765 ) ;
#5747 = ORIENTED_EDGE ( 'NONE', *, *, #3151, .F. ) ;
#5748 = EDGE_CURVE ( 'NONE', #6094, #355, #3072, .T. ) ;
#5749 = AXIS2_PLACEMENT_3D ( 'NONE', #7422, #1984, #8683 ) ;
#5750 = LINE ( 'NONE', #2398, #7720 ) ;
#5751 = DIRECTION ( 'NONE',  ( 0.000000000000000000, 0.000000000000000000, 1.000000000000000000 ) ) ;
#5752 = AXIS2_PLACEMENT_3D ( 'NONE', #5073, #1670, #1845 ) ;
#5753 = ORIENTED_EDGE ( 'NONE', *, *, #8470, .T. ) ;
#5754 = VECTOR ( 'NONE', #6781, 1000.000000000000000 ) ;
#5755 = CARTESIAN_POINT ( 'NONE',  ( 19.00000000000000711, -90.50000000000001421, 39.75000000000002842 ) ) ;
#5756 = ORIENTED_EDGE ( 'NONE', *, *, #8358, .T. ) ;
#5757 = CARTESIAN_POINT ( 'NONE',  ( -9.299999999999995381, -90.00000000000001421, 43.50000000000001421 ) ) ;
#5758 = CARTESIAN_POINT ( 'NONE',  ( -31.70000000000001350, -4.000000000000000000, 25.99999999999999645 ) ) ;
#5759 = DIRECTION ( 'NONE',  ( 0.000000000000000000, 0.000000000000000000, -1.000000000000000000 ) ) ;
#5760 = CIRCLE ( 'NONE', #119, 1.250000000000001110 ) ;
#5761 = DIRECTION ( 'NONE',  ( -1.678764654171103998E-16, -0.000000000000000000, 1.000000000000000000 ) ) ;
#5762 = VECTOR ( 'NONE', #6758, 1000.000000000000000 ) ;
#5763 = LINE ( 'NONE', #343, #6294 ) ;
#5764 = PLANE ( 'NONE',  #8486 ) ;
#5765 = DIRECTION ( 'NONE',  ( 0.000000000000000000, -0.000000000000000000, -1.000000000000000000 ) ) ;
#5766 = EDGE_CURVE ( 'NONE', #6050, #7233, #6374, .T. ) ;
#5767 = ORIENTED_EDGE ( 'NONE', *, *, #3514, .F. ) ;
#5768 = ORIENTED_EDGE ( 'NONE', *, *, #186, .T. ) ;
#5769 = LINE ( 'NONE', #7721, #8361 ) ;
#5770 = ORIENTED_EDGE ( 'NONE', *, *, #4250, .F. ) ;
#5771 = DIRECTION ( 'NONE',  ( 0.000000000000000000, 0.000000000000000000, 1.000000000000000000 ) ) ;
#5772 = FACE_OUTER_BOUND ( 'NONE', #120, .T. ) ;
#5773 = ORIENTED_EDGE ( 'NONE', *, *, #7275, .T. ) ;
#5774 = CARTESIAN_POINT ( 'NONE',  ( 31.30000000000000782, -103.0000000000000142, 45.00000000000003553 ) ) ;
#5775 = VECTOR ( 'NONE', #8676, 1000.000000000000000 ) ;
#5776 = LINE ( 'NONE', #5079, #5036 ) ;
#5777 = CARTESIAN_POINT ( 'NONE',  ( 59.00000000000002132, -86.05025253169419841, 47.00000000000000711 ) ) ;
#5778 = ORIENTED_EDGE ( 'NONE', *, *, #5718, .T. ) ;
#5779 = DIRECTION ( 'NONE',  ( 0.5773502691896231775, 0.5773502691896231775, -0.5773502691896310601 ) ) ;
#5780 = ADVANCED_FACE ( 'NONE', ( #1127 ), #5715, .F. ) ;
#5781 = CARTESIAN_POINT ( 'NONE',  ( -52.00000000000004263, -100.0000000000000000, -47.00000000000000000 ) ) ;
#5782 = DIRECTION ( 'NONE',  ( 0.000000000000000000, -0.000000000000000000, 1.000000000000000000 ) ) ;
#5783 = EDGE_CURVE ( 'NONE', #7005, #6006, #2294, .T. ) ;
#5784 = EDGE_CURVE ( 'NONE', #5578, #321, #3741, .T. ) ;
#5785 = ORIENTED_EDGE ( 'NONE', *, *, #2077, .F. ) ;
#5786 = DIRECTION ( 'NONE',  ( -0.4999999999999962252, -0.7071067811865519026, 0.4999999999999976130 ) ) ;
#5787 = EDGE_LOOP ( 'NONE', ( #2243, #3545 ) ) ;
#5788 = ORIENTED_EDGE ( 'NONE', *, *, #3707, .T. ) ;
#5789 = CARTESIAN_POINT ( 'NONE',  ( 59.00000000000003553, -100.0000000000000000, -42.24999999999998579 ) ) ;
#5790 = ORIENTED_EDGE ( 'NONE', *, *, #4393, .F. ) ;
#5791 = DIRECTION ( 'NONE',  ( -0.000000000000000000, -1.000000000000000000, -0.000000000000000000 ) ) ;
#5792 = AXIS2_PLACEMENT_3D ( 'NONE', #5381, #2075, #4766 ) ;
#5793 = ADVANCED_FACE ( 'NONE', ( #7042 ), #2984, .T. ) ;
#5794 = ORIENTED_EDGE ( 'NONE', *, *, #6080, .F. ) ;
#5795 = LINE ( 'NONE', #6329, #5840 ) ;
#5796 = VERTEX_POINT ( 'NONE', #5757 ) ;
#5797 = DIRECTION ( 'NONE',  ( -1.678764654171103998E-16, 0.000000000000000000, 1.000000000000000000 ) ) ;
#5798 = CARTESIAN_POINT ( 'NONE',  ( 47.29999999999998295, -4.000000000000000000, 25.99999999999999645 ) ) ;
#5799 = FACE_OUTER_BOUND ( 'NONE', #7011, .T. ) ;
#5800 = PLANE ( 'NONE',  #4686 ) ;
#5801 = DIRECTION ( 'NONE',  ( -1.000000000000000000, 0.000000000000000000, 0.000000000000000000 ) ) ;
#5802 = CARTESIAN_POINT ( 'NONE',  ( -64.99999999999997158, -105.0000000000000142, 47.00000000000000711 ) ) ;
#5803 = FACE_OUTER_BOUND ( 'NONE', #5298, .T. ) ;
#5804 = ADVANCED_FACE ( 'NONE', ( #8489 ), #3780, .F. ) ;
#5805 = VERTEX_POINT ( 'NONE', #8530 ) ;
#5806 = ORIENTED_EDGE ( 'NONE', *, *, #448, .F. ) ;
#5807 = PLANE ( 'NONE',  #1033 ) ;
#5808 = VECTOR ( 'NONE', #3062, 1000.000000000000000 ) ;
#5809 = ORIENTED_EDGE ( 'NONE', *, *, #6048, .T. ) ;
#5810 = FACE_OUTER_BOUND ( 'NONE', #6299, .T. ) ;
#5811 = CARTESIAN_POINT ( 'NONE',  ( -6.999999999999996447, -90.00000000000001421, 48.00000000000000711 ) ) ;
#5812 = ADVANCED_FACE ( 'NONE', ( #7710 ), #380, .F. ) ;
#5813 = ORIENTED_EDGE ( 'NONE', *, *, #7692, .T. ) ;
#5814 = CARTESIAN_POINT ( 'NONE',  ( -16.50000000000001421, 0.000000000000000000, 36.25000000000003553 ) ) ;
#5815 = VECTOR ( 'NONE', #3168, 1000.000000000000000 ) ;
#5816 = EDGE_CURVE ( 'NONE', #5654, #2334, #1744, .T. ) ;
#5817 = EDGE_CURVE ( 'NONE', #1281, #464, #7879, .T. ) ;
#5818 = VECTOR ( 'NONE', #4359, 1000.000000000000000 ) ;
#5819 = DIRECTION ( 'NONE',  ( 0.000000000000000000, 1.000000000000000000, 0.000000000000000000 ) ) ;
#5820 = DIRECTION ( 'NONE',  ( 0.000000000000000000, -1.000000000000000000, 0.000000000000000000 ) ) ;
#5821 = EDGE_LOOP ( 'NONE', ( #5691, #346, #1186, #7474 ) ) ;
#5822 = CARTESIAN_POINT ( 'NONE',  ( 59.00000000000003553, -100.0000000000000000, -43.99999999999999289 ) ) ;
#5823 = EDGE_CURVE ( 'NONE', #1449, #8587, #5145, .T. ) ;
#5824 = ORIENTED_EDGE ( 'NONE', *, *, #6046, .T. ) ;
#5825 = VECTOR ( 'NONE', #71, 1000.000000000000000 ) ;
#5826 = PRESENTATION_STYLE_ASSIGNMENT (( #494 ) ) ;
#5827 = CARTESIAN_POINT ( 'NONE',  ( -39.70000000000000995, 0.000000000000000000, 25.99999999999999645 ) ) ;
#5828 = AXIS2_PLACEMENT_3D ( 'NONE', #3669, #4151, #7592 ) ;
#5829 = VECTOR ( 'NONE', #5224, 1000.000000000000000 ) ;
#5830 = EDGE_CURVE ( 'NONE', #321, #4349, #8202, .T. ) ;
#5831 = ORIENTED_EDGE ( 'NONE', *, *, #8432, .F. ) ;
#5832 = CARTESIAN_POINT ( 'NONE',  ( -6.999999999999999112, -100.0000000000000000, 38.00000000000000711 ) ) ;
#5833 = ORIENTED_EDGE ( 'NONE', *, *, #3766, .F. ) ;
#5834 = VECTOR ( 'NONE', #4669, 1000.000000000000000 ) ;
#5835 = EDGE_CURVE ( 'NONE', #3395, #4474, #1172, .T. ) ;
#5836 = EDGE_LOOP ( 'NONE', ( #1137, #6716 ) ) ;
#5837 = DIRECTION ( 'NONE',  ( 0.000000000000000000, 0.000000000000000000, -1.000000000000000000 ) ) ;
#5838 = VECTOR ( 'NONE', #7419, 1000.000000000000000 ) ;
#5839 = ORIENTED_EDGE ( 'NONE', *, *, #8298, .T. ) ;
#5840 = VECTOR ( 'NONE', #463, 1000.000000000000000 ) ;
#5841 = LINE ( 'NONE', #6546, #3860 ) ;
#5842 = AXIS2_PLACEMENT_3D ( 'NONE', #828, #67, #4228 ) ;
#5843 = ORIENTED_EDGE ( 'NONE', *, *, #6696, .T. ) ;
#5844 = EDGE_CURVE ( 'NONE', #4797, #366, #7239, .T. ) ;
#5845 = CYLINDRICAL_SURFACE ( 'NONE', #1901, 0.9999999999999974465 ) ;
#5846 = VERTEX_POINT ( 'NONE', #8573 ) ;
#5847 = DIRECTION ( 'NONE',  ( 0.7071067811865485719, 0.000000000000000000, 0.7071067811865465735 ) ) ;
#5848 = LINE ( 'NONE', #7880, #928 ) ;
#5849 = DIRECTION ( 'NONE',  ( 0.7071067811865474617, 0.000000000000000000, -0.7071067811865474617 ) ) ;
#5850 = VECTOR ( 'NONE', #7258, 1000.000000000000000 ) ;
#5851 = CARTESIAN_POINT ( 'NONE',  ( -9.299999999999995381, -90.00000000000001421, 42.50000000000000711 ) ) ;
#5852 = DIRECTION ( 'NONE',  ( -1.000000000000000000, -0.000000000000000000, -0.000000000000000000 ) ) ;
#5853 = DIRECTION ( 'NONE',  ( 0.000000000000000000, 1.000000000000000000, 0.000000000000000000 ) ) ;
#5854 = EDGE_LOOP ( 'NONE', ( #905, #8601, #7575, #5824 ) ) ;
#5855 = VERTEX_POINT ( 'NONE', #3199 ) ;
#5856 = DIRECTION ( 'NONE',  ( -1.000000000000000000, 6.938893903907232322E-16, -1.678764654171103998E-16 ) ) ;
#5857 = EDGE_LOOP ( 'NONE', ( #303, #8397, #6051, #5234 ) ) ;
#5858 = CARTESIAN_POINT ( 'NONE',  ( -27.50000000000000355, 5.999999999999971578, 35.00000000000001421 ) ) ;
#5859 = DIRECTION ( 'NONE',  ( -0.000000000000000000, 0.000000000000000000, 1.000000000000000000 ) ) ;
#5860 = ORIENTED_EDGE ( 'NONE', *, *, #7831, .F. ) ;
#5861 = PLANE ( 'NONE',  #4698 ) ;
#5862 = EDGE_CURVE ( 'NONE', #2699, #7791, #1873, .T. ) ;
#5863 = DIRECTION ( 'NONE',  ( -0.000000000000000000, -1.000000000000000000, -0.000000000000000000 ) ) ;
#5864 = VERTEX_POINT ( 'NONE', #3867 ) ;
#5865 = DIRECTION ( 'NONE',  ( 0.000000000000000000, -1.000000000000000000, 0.000000000000000000 ) ) ;
#5866 = ORIENTED_EDGE ( 'NONE', *, *, #8295, .F. ) ;
#5867 = EDGE_CURVE ( 'NONE', #6436, #4556, #6551, .T. ) ;
#5868 = FACE_OUTER_BOUND ( 'NONE', #739, .T. ) ;
#5869 = CARTESIAN_POINT ( 'NONE',  ( -36.99999999999999289, -90.00000000000001421, 32.00000000000001421 ) ) ;
#5870 = ADVANCED_FACE ( 'NONE', ( #1498 ), #2198, .F. ) ;
#5871 = LINE ( 'NONE', #2515, #3749 ) ;
#5872 = CIRCLE ( 'NONE', #4335, 3.000000000000002665 ) ;
#5873 = ORIENTED_EDGE ( 'NONE', *, *, #1738, .F. ) ;
#5874 = DIRECTION ( 'NONE',  ( 0.000000000000000000, -1.000000000000000000, 0.000000000000000000 ) ) ;
#5875 = ORIENTED_EDGE ( 'NONE', *, *, #8409, .T. ) ;
#5876 = ORIENTED_EDGE ( 'NONE', *, *, #5171, .F. ) ;
#5877 = VECTOR ( 'NONE', #2618, 1000.000000000000000 ) ;
#5878 = CARTESIAN_POINT ( 'NONE',  ( -27.50000000000000355, 4.000000000000000000, 35.00000000000001421 ) ) ;
#5879 = ORIENTED_EDGE ( 'NONE', *, *, #6364, .T. ) ;
#5880 = EDGE_CURVE ( 'NONE', #6700, #5920, #123, .T. ) ;
#5881 = EDGE_CURVE ( 'NONE', #2456, #8709, #164, .T. ) ;
#5882 = DIRECTION ( 'NONE',  ( -0.000000000000000000, 1.000000000000000000, -0.000000000000000000 ) ) ;
#5883 = EDGE_CURVE ( 'NONE', #4848, #5578, #8629, .T. ) ;
#5884 = ORIENTED_EDGE ( 'NONE', *, *, #3064, .F. ) ;
#5885 = CARTESIAN_POINT ( 'NONE',  ( -55.99999999999996447, -60.00000000000000000, 1.200000000000002176 ) ) ;
#5886 = VERTEX_POINT ( 'NONE', #2863 ) ;
#5887 = CARTESIAN_POINT ( 'NONE',  ( 43.29999999999997584, 0.000000000000000000, 22.99999999999999645 ) ) ;
#5888 = DIRECTION ( 'NONE',  ( 0.000000000000000000, 0.000000000000000000, 1.000000000000000000 ) ) ;
#5889 = CARTESIAN_POINT ( 'NONE',  ( 43.29999999999999005, 0.000000000000000000, -44.75000000000001421 ) ) ;
#5890 = EDGE_CURVE ( 'NONE', #1824, #562, #6259, .T. ) ;
#5891 = AXIS2_PLACEMENT_3D ( 'NONE', #345, #8536, #391 ) ;
#5892 = EDGE_CURVE ( 'NONE', #83, #2523, #6125, .T. ) ;
#5893 = EDGE_CURVE ( 'NONE', #3295, #19, #4238, .T. ) ;
#5894 = CYLINDRICAL_SURFACE ( 'NONE', #4739, 6.749999999999999112 ) ;
#5895 = CARTESIAN_POINT ( 'NONE',  ( -61.99999999999997158, -60.00000000000000000, -24.19999999999999929 ) ) ;
#5896 = ORIENTED_EDGE ( 'NONE', *, *, #2750, .T. ) ;
#5897 = AXIS2_PLACEMENT_3D ( 'NONE', #2159, #3977, #1678 ) ;
#5898 = CARTESIAN_POINT ( 'NONE',  ( 42.30000000000000426, -103.0000000000000142, 45.00000000000003553 ) ) ;
#5899 = ORIENTED_EDGE ( 'NONE', *, *, #1827, .F. ) ;
#5900 = FACE_OUTER_BOUND ( 'NONE', #719, .T. ) ;
#5901 = COLOUR_RGB ( '',0.6392156862745097534, 0.6117647058823529882, 0.5999999999999999778 ) ;
#5902 = CIRCLE ( 'NONE', #6602, 3.000000000000002665 ) ;
#5903 = ORIENTED_EDGE ( 'NONE', *, *, #7707, .T. ) ;
#5904 = DIRECTION ( 'NONE',  ( -0.000000000000000000, -1.000000000000000000, -0.000000000000000000 ) ) ;
#5905 = LINE ( 'NONE', #3923, #8517 ) ;
#5906 = ORIENTED_EDGE ( 'NONE', *, *, #1384, .F. ) ;
#5907 = DIRECTION ( 'NONE',  ( -1.000000000000000000, 0.000000000000000000, -0.000000000000000000 ) ) ;
#5908 = CARTESIAN_POINT ( 'NONE',  ( -52.00000000000000711, -90.00000000000001421, 29.00000000000001066 ) ) ;
#5909 = VERTEX_POINT ( 'NONE', #2910 ) ;
#5910 = DIRECTION ( 'NONE',  ( -0.000000000000000000, 1.000000000000000000, -0.000000000000000000 ) ) ;
#5911 = EDGE_LOOP ( 'NONE', ( #2774, #1985, #6471, #4385 ) ) ;
#5912 = EDGE_CURVE ( 'NONE', #6436, #8564, #1545, .T. ) ;
#5913 = CONICAL_SURFACE ( 'NONE', #2813, 0.9999999999999870104, 0.5235987755983070313 ) ;
#5914 = DIRECTION ( 'NONE',  ( 0.000000000000000000, 0.000000000000000000, -1.000000000000000000 ) ) ;
#5915 = DIRECTION ( 'NONE',  ( -1.000000000000000000, 8.673617379884040402E-17, -1.678764654171103998E-16 ) ) ;
#5916 = CARTESIAN_POINT ( 'NONE',  ( 63.00000000000001421, -105.0000000000000142, 47.00000000000000711 ) ) ;
#5917 = ORIENTED_EDGE ( 'NONE', *, *, #488, .F. ) ;
#5918 = CARTESIAN_POINT ( 'NONE',  ( -35.69999999999999574, 0.000000000000000000, -43.00000000000000711 ) ) ;
#5919 = ORIENTED_EDGE ( 'NONE', *, *, #2475, .T. ) ;
#5920 = VERTEX_POINT ( 'NONE', #4889 ) ;
#5921 = DIRECTION ( 'NONE',  ( 0.000000000000000000, -1.000000000000000000, 0.000000000000000000 ) ) ;
#5922 = ORIENTED_EDGE ( 'NONE', *, *, #748, .T. ) ;
#5923 = EDGE_CURVE ( 'NONE', #5678, #3885, #7587, .T. ) ;
#5924 = CARTESIAN_POINT ( 'NONE',  ( -61.99999999999997158, -100.0000000000000000, -49.99999999999999289 ) ) ;
#5925 = ORIENTED_EDGE ( 'NONE', *, *, #4422, .F. ) ;
#5926 = EDGE_CURVE ( 'NONE', #2805, #5221, #6923, .T. ) ;
#5927 = LINE ( 'NONE', #8654, #5003 ) ;
#5928 = VERTEX_POINT ( 'NONE', #6166 ) ;
#5929 = CARTESIAN_POINT ( 'NONE',  ( -39.70000000000000995, 0.000000000000000000, -39.00000000000000711 ) ) ;
#5930 = DIRECTION ( 'NONE',  ( 0.000000000000000000, 0.000000000000000000, -1.000000000000000000 ) ) ;
#5931 = CIRCLE ( 'NONE', #450, 1.750000000000001554 ) ;
#5932 = CARTESIAN_POINT ( 'NONE',  ( 61.50000000000002842, -87.28768939877069499, 42.74999999999999289 ) ) ;
#5933 = LINE ( 'NONE', #1224, #462 ) ;
#5934 = ORIENTED_EDGE ( 'NONE', *, *, #3808, .F. ) ;
#5935 = DIRECTION ( 'NONE',  ( 1.000000000000000000, 0.000000000000000000, 0.000000000000000000 ) ) ;
#5936 = VERTEX_POINT ( 'NONE', #4146 ) ;
#5937 = EDGE_CURVE ( 'NONE', #3416, #6538, #3574, .T. ) ;
#5938 = DIRECTION ( 'NONE',  ( -0.000000000000000000, -1.000000000000000000, -0.000000000000000000 ) ) ;
#5939 = EDGE_LOOP ( 'NONE', ( #5753, #238, #3673, #6241 ) ) ;
#5940 = CARTESIAN_POINT ( 'NONE',  ( 31.30000000000000782, -103.0000000000000142, 37.00000000000003553 ) ) ;
#5941 = CARTESIAN_POINT ( 'NONE',  ( 49.00000000000000711, -83.50000000000000000, 42.25000000000003553 ) ) ;
#5942 = ORIENTED_EDGE ( 'NONE', *, *, #4659, .F. ) ;
#5943 = DIRECTION ( 'NONE',  ( 0.000000000000000000, -0.000000000000000000, -1.000000000000000000 ) ) ;
#5944 = PLANE ( 'NONE',  #898 ) ;
#5945 = CARTESIAN_POINT ( 'NONE',  ( 59.00000000000002132, 0.000000000000000000, -46.99999999999999289 ) ) ;
#5946 = ORIENTED_EDGE ( 'NONE', *, *, #2494, .F. ) ;
#5947 = FACE_OUTER_BOUND ( 'NONE', #48, .T. ) ;
#5948 = CIRCLE ( 'NONE', #6790, 4.000000000000003553 ) ;
#5949 = ORIENTED_EDGE ( 'NONE', *, *, #7908, .F. ) ;
#5950 = EDGE_CURVE ( 'NONE', #8095, #1496, #796, .T. ) ;
#5951 = LINE ( 'NONE', #1588, #1251 ) ;
#5952 = CARTESIAN_POINT ( 'NONE',  ( -36.99999999999995737, -100.0000000000000000, 47.00000000000000711 ) ) ;
#5953 = FACE_OUTER_BOUND ( 'NONE', #520, .T. ) ;
#5954 = AXIS2_PLACEMENT_3D ( 'NONE', #5058, #1700, #3696 ) ;
#5955 = LINE ( 'NONE', #1034, #8415 ) ;
#5956 = AXIS2_PLACEMENT_3D ( 'NONE', #2979, #4921, #955 ) ;
#5957 = ORIENTED_EDGE ( 'NONE', *, *, #5136, .F. ) ;
#5958 = FACE_OUTER_BOUND ( 'NONE', #7245, .T. ) ;
#5959 = EDGE_LOOP ( 'NONE', ( #1798, #1697, #2432, #994 ) ) ;
#5960 = VECTOR ( 'NONE', #6778, 1000.000000000000114 ) ;
#5961 = VECTOR ( 'NONE', #4304, 999.9999999999998863 ) ;
#5962 = CARTESIAN_POINT ( 'NONE',  ( -27.50000000000000355, 7.000000000000000000, 35.00000000000001421 ) ) ;
#5963 = AXIS2_PLACEMENT_3D ( 'NONE', #4880, #6915, #8273 ) ;
#5964 = EDGE_CURVE ( 'NONE', #4131, #618, #2245, .T. ) ;
#5965 = CARTESIAN_POINT ( 'NONE',  ( -52.00000000000004263, -98.00000000000000000, -47.00000000000000000 ) ) ;
#5966 = EDGE_LOOP ( 'NONE', ( #3678, #6075 ) ) ;
#5967 = ORIENTED_EDGE ( 'NONE', *, *, #1835, .T. ) ;
#5968 = AXIS2_PLACEMENT_3D ( 'NONE', #1671, #1010, #3089 ) ;
#5969 = EDGE_CURVE ( 'NONE', #6327, #1458, #5126, .T. ) ;
#5970 = LINE ( 'NONE', #8692, #3310 ) ;
#5971 = VERTEX_POINT ( 'NONE', #8189 ) ;
#5972 = DIRECTION ( 'NONE',  ( -0.000000000000000000, 1.000000000000000000, -0.000000000000000000 ) ) ;
#5973 = ADVANCED_FACE ( 'NONE', ( #2151 ), #1587, .F. ) ;
#5974 = DIRECTION ( 'NONE',  ( 0.000000000000000000, 0.000000000000000000, 1.000000000000000000 ) ) ;
#5975 = AXIS2_PLACEMENT_3D ( 'NONE', #4697, #1173, #5888 ) ;
#5976 = DIRECTION ( 'NONE',  ( -0.000000000000000000, -1.000000000000000000, -0.000000000000000000 ) ) ;
#5977 = DIRECTION ( 'NONE',  ( 0.000000000000000000, 0.000000000000000000, -1.000000000000000000 ) ) ;
#5978 = ORIENTED_EDGE ( 'NONE', *, *, #1674, .T. ) ;
#5979 = CARTESIAN_POINT ( 'NONE',  ( -38.50000000000000711, -8.000000000000000000, 35.00000000000002132 ) ) ;
#5980 = EDGE_LOOP ( 'NONE', ( #5866, #1689, #5075, #7440 ) ) ;
#5981 = CIRCLE ( 'NONE', #2600, 4.000000000000010658 ) ;
#5982 = LINE ( 'NONE', #8096, #8645 ) ;
#5983 = VECTOR ( 'NONE', #8656, 1000.000000000000000 ) ;
#5984 = ORIENTED_EDGE ( 'NONE', *, *, #6173, .F. ) ;
#5985 = CARTESIAN_POINT ( 'NONE',  ( 33.74999999999999289, 26.09188309203678102, 41.25000000000001421 ) ) ;
#5986 = DIRECTION ( 'NONE',  ( 0.000000000000000000, -1.000000000000000000, 0.000000000000000000 ) ) ;
#5987 = FACE_OUTER_BOUND ( 'NONE', #7894, .T. ) ;
#5988 = FACE_BOUND ( 'NONE', #8040, .T. ) ;
#5989 = ADVANCED_FACE ( 'NONE', ( #6966 ), #2282, .T. ) ;
#5990 = EDGE_CURVE ( 'NONE', #355, #1233, #7008, .T. ) ;
#5991 = CARTESIAN_POINT ( 'NONE',  ( -24.99999999999998224, -90.00000000000001421, -9.637352644315587256E-15 ) ) ;
#5992 = VECTOR ( 'NONE', #3224, 1000.000000000000000 ) ;
#5993 = FACE_OUTER_BOUND ( 'NONE', #1866, .T. ) ;
#5994 = VERTEX_POINT ( 'NONE', #1140 ) ;
#5995 = FACE_BOUND ( 'NONE', #6214, .T. ) ;
#5996 = EDGE_LOOP ( 'NONE', ( #7147, #4735 ) ) ;
#5997 = CARTESIAN_POINT ( 'NONE',  ( -61.99999999999997158, 7.000000000000000000, -46.99999999999999289 ) ) ;
#5998 = DIRECTION ( 'NONE',  ( 0.000000000000000000, 0.000000000000000000, 1.000000000000000000 ) ) ;
#5999 = PLANE ( 'NONE',  #2185 ) ;
#6000 = EDGE_CURVE ( 'NONE', #7791, #7233, #6432, .T. ) ;
#6001 = CARTESIAN_POINT ( 'NONE',  ( 19.00000000000000711, -90.50000000000001421, 41.00000000000002842 ) ) ;
#6002 = VERTEX_POINT ( 'NONE', #1007 ) ;
#6003 = CARTESIAN_POINT ( 'NONE',  ( 49.00000000000000000, -90.50000000000001421, -23.24999999999997513 ) ) ;
#6004 = DIRECTION ( 'NONE',  ( -1.000000000000000000, -0.000000000000000000, -0.000000000000000000 ) ) ;
#6005 = PLANE ( 'NONE',  #416 ) ;
#6006 = VERTEX_POINT ( 'NONE', #4406 ) ;
#6007 = VECTOR ( 'NONE', #5689, 999.9999999999998863 ) ;
#6008 = ORIENTED_EDGE ( 'NONE', *, *, #1615, .T. ) ;
#6009 = EDGE_CURVE ( 'NONE', #3572, #5522, #1669, .T. ) ;
#6010 = CARTESIAN_POINT ( 'NONE',  ( -21.00000000000000000, -4.000000000000000000, 40.00000000000002132 ) ) ;
#6011 = ORIENTED_EDGE ( 'NONE', *, *, #3111, .F. ) ;
#6012 = LINE ( 'NONE', #553, #2885 ) ;
#6013 = DIRECTION ( 'NONE',  ( 0.000000000000000000, -1.000000000000000000, 0.000000000000000000 ) ) ;
#6014 = CARTESIAN_POINT ( 'NONE',  ( -38.50000000000000711, -8.000000000000000000, 36.75000000000002842 ) ) ;
#6015 = CARTESIAN_POINT ( 'NONE',  ( -64.99999999999997158, -95.50000000000000000, 50.00000000000000711 ) ) ;
#6016 = DIRECTION ( 'NONE',  ( 0.000000000000000000, -1.000000000000000000, 0.000000000000000000 ) ) ;
#6017 = VERTEX_POINT ( 'NONE', #7052 ) ;
#6018 = CARTESIAN_POINT ( 'NONE',  ( 44.89473684210525306, -100.4052631578947796, 41.53328716328323367 ) ) ;
#6019 = VERTEX_POINT ( 'NONE', #8502 ) ;
#6020 = LINE ( 'NONE', #1312, #7951 ) ;
#6021 = ORIENTED_EDGE ( 'NONE', *, *, #6467, .F. ) ;
#6022 = LINE ( 'NONE', #6645, #323 ) ;
#6023 = LINE ( 'NONE', #8015, #774 ) ;
#6024 = AXIS2_PLACEMENT_3D ( 'NONE', #7401, #1226, #1351 ) ;
#6025 = FACE_BOUND ( 'NONE', #180, .T. ) ;
#6026 = FACE_BOUND ( 'NONE', #2683, .T. ) ;
#6027 = CIRCLE ( 'NONE', #6313, 4.000000000000010658 ) ;
#6028 = FACE_OUTER_BOUND ( 'NONE', #4519, .T. ) ;
#6029 = VECTOR ( 'NONE', #3326, 1000.000000000000114 ) ;
#6030 = ADVANCED_FACE ( 'NONE', ( #1842 ), #480, .F. ) ;
#6031 = DIRECTION ( 'NONE',  ( 0.000000000000000000, 0.000000000000000000, 1.000000000000000000 ) ) ;
#6032 = ORIENTED_EDGE ( 'NONE', *, *, #98, .F. ) ;
#6033 = CARTESIAN_POINT ( 'NONE',  ( -52.00000000000000711, -90.00000000000001421, 32.00000000000001421 ) ) ;
#6034 = AXIS2_PLACEMENT_3D ( 'NONE', #8721, #8064, #3974 ) ;
#6035 = ORIENTED_EDGE ( 'NONE', *, *, #198, .T. ) ;
#6036 = AXIS2_PLACEMENT_3D ( 'NONE', #6439, #3095, #2423 ) ;
#6037 = DIRECTION ( 'NONE',  ( 0.000000000000000000, -0.000000000000000000, -1.000000000000000000 ) ) ;
#6038 = DIRECTION ( 'NONE',  ( -0.000000000000000000, -1.000000000000000000, -0.000000000000000000 ) ) ;
#6039 = LINE ( 'NONE', #3976, #214 ) ;
#6040 = AXIS2_PLACEMENT_3D ( 'NONE', #5562, #4948, #315 ) ;
#6041 = VECTOR ( 'NONE', #7737, 1000.000000000000000 ) ;
#6042 = DIRECTION ( 'NONE',  ( -8.673617379884040402E-17, -1.000000000000000000, 0.000000000000000000 ) ) ;
#6043 = ORIENTED_EDGE ( 'NONE', *, *, #820, .F. ) ;
#6044 = CARTESIAN_POINT ( 'NONE',  ( -38.50000000000000711, 10.53553390593273775, 36.25000000000002842 ) ) ;
#6045 = AXIS2_PLACEMENT_3D ( 'NONE', #5692, #2384, #1105 ) ;
#6046 = EDGE_CURVE ( 'NONE', #4305, #7927, #6388, .T. ) ;
#6047 = CYLINDRICAL_SURFACE ( 'NONE', #4116, 1.250000000000001110 ) ;
#6048 = EDGE_CURVE ( 'NONE', #8460, #986, #5769, .T. ) ;
#6049 = DIRECTION ( 'NONE',  ( 0.000000000000000000, 0.000000000000000000, -1.000000000000000000 ) ) ;
#6050 = VERTEX_POINT ( 'NONE', #6473 ) ;
#6051 = ORIENTED_EDGE ( 'NONE', *, *, #1377, .T. ) ;
#6052 = ORIENTED_EDGE ( 'NONE', *, *, #2895, .T. ) ;
#6053 = DIRECTION ( 'NONE',  ( 6.938893903907229167E-15, 0.000000000000000000, -1.000000000000000000 ) ) ;
#6054 = LINE ( 'NONE', #5355, #2719 ) ;
#6055 = CIRCLE ( 'NONE', #2538, 1.000000000000000888 ) ;
#6056 = DIRECTION ( 'NONE',  ( 0.000000000000000000, 0.000000000000000000, -1.000000000000000000 ) ) ;
#6057 = ADVANCED_FACE ( 'NONE', ( #2331 ), #3085, .T. ) ;
#6058 = CARTESIAN_POINT ( 'NONE',  ( -34.00000000000000000, 0.000000000000000000, 40.00000000000002132 ) ) ;
#6059 = CARTESIAN_POINT ( 'NONE',  ( 49.00000000000000000, -83.50000000000000000, -21.99999999999997868 ) ) ;
#6060 = VERTEX_POINT ( 'NONE', #3172 ) ;
#6061 = CARTESIAN_POINT ( 'NONE',  ( -36.50000000000001421, 7.000000000000000000, -35.50000000000000711 ) ) ;
#6062 = ORIENTED_EDGE ( 'NONE', *, *, #3532, .T. ) ;
#6063 = CARTESIAN_POINT ( 'NONE',  ( -55.99999999999996447, 0.000000000000000000, 7.200000000000002842 ) ) ;
#6064 = EDGE_LOOP ( 'NONE', ( #1829, #1160 ) ) ;
#6065 = DIRECTION ( 'NONE',  ( 0.000000000000000000, 0.000000000000000000, 1.000000000000000000 ) ) ;
#6066 = CARTESIAN_POINT ( 'NONE',  ( 39.63333333333332575, -105.6666666666666714, 39.66666666666671404 ) ) ;
#6067 = DIRECTION ( 'NONE',  ( 0.000000000000000000, 0.000000000000000000, -1.000000000000000000 ) ) ;
#6068 = DIRECTION ( 'NONE',  ( 0.000000000000000000, 0.000000000000000000, -1.000000000000000000 ) ) ;
#6069 = AXIS2_PLACEMENT_3D ( 'NONE', #2801, #4660, #1306 ) ;
#6070 = CARTESIAN_POINT ( 'NONE',  ( 38.25000000000000711, -44.99999999999999289, -50.00099999999999767 ) ) ;
#6071 = EDGE_CURVE ( 'NONE', #2344, #1710, #394, .T. ) ;
#6072 = LINE ( 'NONE', #1932, #5336 ) ;
#6073 = ORIENTED_EDGE ( 'NONE', *, *, #5783, .F. ) ;
#6074 = CYLINDRICAL_SURFACE ( 'NONE', #5077, 1.750000000000001554 ) ;
#6075 = ORIENTED_EDGE ( 'NONE', *, *, #1146, .T. ) ;
#6076 = ORIENTED_EDGE ( 'NONE', *, *, #5068, .T. ) ;
#6077 = EDGE_CURVE ( 'NONE', #6019, #1354, #434, .T. ) ;
#6078 = LINE ( 'NONE', #78, #3814 ) ;
#6079 = DIRECTION ( 'NONE',  ( 0.000000000000000000, -1.000000000000000000, 0.000000000000000000 ) ) ;
#6080 = EDGE_CURVE ( 'NONE', #3842, #3813, #2501, .T. ) ;
#6081 = VERTEX_POINT ( 'NONE', #2995 ) ;
#6082 = FACE_OUTER_BOUND ( 'NONE', #454, .T. ) ;
#6083 = EDGE_CURVE ( 'NONE', #8315, #4134, #3721, .T. ) ;
#6084 = DIRECTION ( 'NONE',  ( 0.7071067811865491270, 0.7071067811865459074, -0.000000000000000000 ) ) ;
#6085 = EDGE_LOOP ( 'NONE', ( #5978, #2790, #675, #3844 ) ) ;
#6086 = CARTESIAN_POINT ( 'NONE',  ( 0.000000000000000000, -8.000000000000000000, 0.000000000000000000 ) ) ;
#6087 = CARTESIAN_POINT ( 'NONE',  ( 19.00000000000000000, -83.50000000000000000, -25.99999999999997868 ) ) ;
#6088 = AXIS2_PLACEMENT_3D ( 'NONE', #2343, #1201, #5782 ) ;
#6089 = AXIS2_PLACEMENT_3D ( 'NONE', #6506, #4576, #7262 ) ;
#6090 = ADVANCED_FACE ( 'NONE', ( #7093 ), #5807, .F. ) ;
#6091 = EDGE_CURVE ( 'NONE', #2586, #3777, #7805, .T. ) ;
#6092 = FACE_OUTER_BOUND ( 'NONE', #868, .T. ) ;
#6093 = AXIS2_PLACEMENT_3D ( 'NONE', #2272, #153, #109 ) ;
#6094 = VERTEX_POINT ( 'NONE', #7848 ) ;
#6095 = ORIENTED_EDGE ( 'NONE', *, *, #5158, .T. ) ;
#6096 = AXIS2_PLACEMENT_3D ( 'NONE', #6585, #548, #7208 ) ;
#6097 = ORIENTED_EDGE ( 'NONE', *, *, #2988, .T. ) ;
#6098 = LINE ( 'NONE', #2084, #2890 ) ;
#6099 = AXIS2_PLACEMENT_3D ( 'NONE', #3342, #2720, #3214 ) ;
#6100 = DIRECTION ( 'NONE',  ( 0.000000000000000000, -1.000000000000000000, 0.000000000000000000 ) ) ;
#6101 = AXIS2_PLACEMENT_3D ( 'NONE', #4844, #3625, #4283 ) ;
#6102 = DIRECTION ( 'NONE',  ( -0.000000000000000000, 1.000000000000000000, -0.000000000000000000 ) ) ;
#6103 = EDGE_CURVE ( 'NONE', #2523, #7201, #4564, .T. ) ;
#6104 = LINE ( 'NONE', #6015, #7207 ) ;
#6105 = CARTESIAN_POINT ( 'NONE',  ( 49.00000000000000000, -100.0000000000000000, -25.99999999999998224 ) ) ;
#6106 = ORIENTED_EDGE ( 'NONE', *, *, #945, .F. ) ;
#6107 = SURFACE_STYLE_FILL_AREA ( #2758 ) ;
#6108 = ADVANCED_FACE ( 'NONE', ( #5027 ), #1800, .T. ) ;
#6109 = ORIENTED_EDGE ( 'NONE', *, *, #7466, .F. ) ;
#6110 = FACE_BOUND ( 'NONE', #822, .T. ) ;
#6111 = ORIENTED_EDGE ( 'NONE', *, *, #3690, .F. ) ;
#6112 = CIRCLE ( 'NONE', #7679, 4.000000000000003553 ) ;
#6113 = CARTESIAN_POINT ( 'NONE',  ( -61.99999999999997158, 7.000000000000000000, -49.99999999999999289 ) ) ;
#6114 = LINE ( 'NONE', #2097, #1621 ) ;
#6115 = ORIENTED_EDGE ( 'NONE', *, *, #8725, .T. ) ;
#6116 = AXIS2_PLACEMENT_3D ( 'NONE', #4638, #6038, #5914 ) ;
#6117 = LINE ( 'NONE', #206, #622 ) ;
#6118 = CARTESIAN_POINT ( 'NONE',  ( -61.99999999999997158, -100.0000000000000000, 34.99999999999999289 ) ) ;
#6119 = CARTESIAN_POINT ( 'NONE',  ( -39.99999999999997868, -97.00000000000001421, 46.99999999999999289 ) ) ;
#6120 = CIRCLE ( 'NONE', #4581, 1.250000000000001110 ) ;
#6121 = ORIENTED_EDGE ( 'NONE', *, *, #8671, .F. ) ;
#6122 = CARTESIAN_POINT ( 'NONE',  ( -58.99999999999997158, -100.0000000000000000, 44.00000000000009948 ) ) ;
#6123 = ORIENTED_EDGE ( 'NONE', *, *, #7926, .F. ) ;
#6124 = ORIENTED_EDGE ( 'NONE', *, *, #3670, .T. ) ;
#6125 = LINE ( 'NONE', #842, #1456 ) ;
#6126 = DIRECTION ( 'NONE',  ( -0.000000000000000000, -0.7071067811865491270, -0.7071067811865459074 ) ) ;
#6127 = CARTESIAN_POINT ( 'NONE',  ( 62.00000000000002842, -105.0000000000000142, -47.99999999999997868 ) ) ;
#6128 = ADVANCED_FACE ( 'NONE', ( #5197 ), #4533, .T. ) ;
#6129 = VERTEX_POINT ( 'NONE', #2886 ) ;
#6130 = CARTESIAN_POINT ( 'NONE',  ( 49.00000000000000000, -83.50000000000000000, -17.99999999999997513 ) ) ;
#6131 = DIRECTION ( 'NONE',  ( -0.000000000000000000, 0.000000000000000000, 1.000000000000000000 ) ) ;
#6132 = EDGE_LOOP ( 'NONE', ( #7809, #7806, #4100, #8652 ) ) ;
#6133 = FACE_BOUND ( 'NONE', #2535, .T. ) ;
#6134 = EDGE_CURVE ( 'NONE', #4477, #2346, #2016, .T. ) ;
#6135 = CARTESIAN_POINT ( 'NONE',  ( -55.00000000000000711, -90.00000000000001421, 41.93571735695856972 ) ) ;
#6136 = ORIENTED_EDGE ( 'NONE', *, *, #7976, .F. ) ;
#6137 = CARTESIAN_POINT ( 'NONE',  ( -55.99999999999996447, 0.000000000000000000, 1.200000000000002176 ) ) ;
#6138 = ORIENTED_EDGE ( 'NONE', *, *, #1147, .F. ) ;
#6139 = ORIENTED_EDGE ( 'NONE', *, *, #6594, .T. ) ;
#6140 = ORIENTED_EDGE ( 'NONE', *, *, #2323, .T. ) ;
#6141 = EDGE_CURVE ( 'NONE', #7824, #3083, #6362, .T. ) ;
#6142 = LINE ( 'NONE', #2838, #5564 ) ;
#6143 = DIRECTION ( 'NONE',  ( 0.000000000000000000, -1.000000000000000000, 0.000000000000000000 ) ) ;
#6144 = VECTOR ( 'NONE', #6593, 1000.000000000000000 ) ;
#6145 = CARTESIAN_POINT ( 'NONE',  ( -64.99999999999997158, -100.0000000000000000, 47.00000000000000711 ) ) ;
#6146 = DIRECTION ( 'NONE',  ( 0.000000000000000000, 1.000000000000000000, 0.000000000000000000 ) ) ;
#6147 = FACE_OUTER_BOUND ( 'NONE', #589, .T. ) ;
#6148 = ORIENTED_EDGE ( 'NONE', *, *, #7656, .F. ) ;
#6149 = ORIENTED_EDGE ( 'NONE', *, *, #405, .T. ) ;
#6150 = PLANE ( 'NONE',  #3447 ) ;
#6151 = VERTEX_POINT ( 'NONE', #4254 ) ;
#6152 = AXIS2_PLACEMENT_3D ( 'NONE', #4123, #8311, #3510 ) ;
#6153 = CARTESIAN_POINT ( 'NONE',  ( -35.70000000000000995, 11.94974746830584600, 22.99999999999999645 ) ) ;
#6154 = CARTESIAN_POINT ( 'NONE',  ( 8.000000000000021316, -100.0000000000000000, 47.00000000000000711 ) ) ;
#6155 = EDGE_CURVE ( 'NONE', #3572, #5855, #7563, .T. ) ;
#6156 = EDGE_CURVE ( 'NONE', #5275, #946, #7651, .T. ) ;
#6157 = FACE_OUTER_BOUND ( 'NONE', #2960, .T. ) ;
#6158 = CARTESIAN_POINT ( 'NONE',  ( 19.00000000000000711, -90.50000000000001421, 42.25000000000002842 ) ) ;
#6159 = FACE_OUTER_BOUND ( 'NONE', #4635, .T. ) ;
#6160 = CARTESIAN_POINT ( 'NONE',  ( -58.99999999999997158, -100.0000000000000000, 42.25000000000009948 ) ) ;
#6161 = ORIENTED_EDGE ( 'NONE', *, *, #1838, .T. ) ;
#6162 = CARTESIAN_POINT ( 'NONE',  ( 62.00000000000002842, -100.0000000000000000, 50.00000000000000711 ) ) ;
#6163 = ORIENTED_EDGE ( 'NONE', *, *, #4596, .T. ) ;
#6164 = ORIENTED_EDGE ( 'NONE', *, *, #5835, .T. ) ;
#6165 = AXIS2_PLACEMENT_3D ( 'NONE', #4235, #74, #8278 ) ;
#6166 = CARTESIAN_POINT ( 'NONE',  ( -64.99999999999997158, -101.5358983848622927, 47.00000000000000711 ) ) ;
#6167 = DIRECTION ( 'NONE',  ( 1.000000000000000000, 0.000000000000000000, -0.000000000000000000 ) ) ;
#6168 = CARTESIAN_POINT ( 'NONE',  ( 59.00000000000002132, -100.0000000000000000, 42.25000000000000000 ) ) ;
#6169 = ORIENTED_EDGE ( 'NONE', *, *, #3077, .T. ) ;
#6170 = CIRCLE ( 'NONE', #5897, 1.750000000000001554 ) ;
#6171 = AXIS2_PLACEMENT_3D ( 'NONE', #7633, #5640, #4987 ) ;
#6172 = CARTESIAN_POINT ( 'NONE',  ( -27.50000000000000355, 0.000000000000000000, 41.75000000000001421 ) ) ;
#6173 = EDGE_CURVE ( 'NONE', #3751, #3205, #3548, .T. ) ;
#6174 = ORIENTED_EDGE ( 'NONE', *, *, #4865, .F. ) ;
#6175 = DIRECTION ( 'NONE',  ( -0.000000000000000000, -0.000000000000000000, -1.000000000000000000 ) ) ;
#6176 = VECTOR ( 'NONE', #879, 1000.000000000000000 ) ;
#6177 = CARTESIAN_POINT ( 'NONE',  ( 52.00000000000004263, -100.0000000000000000, -42.75735931288066638 ) ) ;
#6178 = DIRECTION ( 'NONE',  ( -0.000000000000000000, -0.5773502691896210681, 0.8164965809277292541 ) ) ;
#6179 = AXIS2_PLACEMENT_3D ( 'NONE', #5474, #8650, #633 ) ;
#6180 = ORIENTED_EDGE ( 'NONE', *, *, #1674, .F. ) ;
#6181 = ADVANCED_FACE ( 'NONE', ( #8213 ), #8307, .F. ) ;
#6182 = DIRECTION ( 'NONE',  ( 0.000000000000000000, 0.000000000000000000, -1.000000000000000000 ) ) ;
#6183 = ORIENTED_EDGE ( 'NONE', *, *, #4052, .F. ) ;
#6184 = EDGE_LOOP ( 'NONE', ( #2530, #1468, #8017, #7117 ) ) ;
#6185 = CARTESIAN_POINT ( 'NONE',  ( -48.99999999999997158, -105.0000000000000142, 46.00000000000001421 ) ) ;
#6186 = VERTEX_POINT ( 'NONE', #5570 ) ;
#6187 = FACE_OUTER_BOUND ( 'NONE', #5350, .T. ) ;
#6188 = VECTOR ( 'NONE', #2727, 1000.000000000000000 ) ;
#6189 = EDGE_CURVE ( 'NONE', #7653, #4131, #187, .T. ) ;
#6190 = PLANE ( 'NONE',  #952 ) ;
#6191 = LINE ( 'NONE', #3466, #5471 ) ;
#6192 = ADVANCED_FACE ( 'NONE', ( #5616 ), #8260, .T. ) ;
#6193 = DIRECTION ( 'NONE',  ( 0.000000000000000000, 0.000000000000000000, 1.000000000000000000 ) ) ;
#6194 = ORIENTED_EDGE ( 'NONE', *, *, #2124, .T. ) ;
#6195 = VERTEX_POINT ( 'NONE', #6280 ) ;
#6196 = CIRCLE ( 'NONE', #2397, 7.500000000000000000 ) ;
#6197 = VERTEX_POINT ( 'NONE', #6227 ) ;
#6198 = DIRECTION ( 'NONE',  ( 0.000000000000000000, -1.000000000000000000, 0.000000000000000000 ) ) ;
#6199 = VERTEX_POINT ( 'NONE', #1608 ) ;
#6200 = DIRECTION ( 'NONE',  ( 0.000000000000000000, 0.000000000000000000, -1.000000000000000000 ) ) ;
#6201 = FACE_OUTER_BOUND ( 'NONE', #8084, .T. ) ;
#6202 = PLANE ( 'NONE',  #7812 ) ;
#6203 = DIRECTION ( 'NONE',  ( -0.000000000000000000, 1.000000000000000000, -0.000000000000000000 ) ) ;
#6204 = EDGE_CURVE ( 'NONE', #7653, #5846, #236, .T. ) ;
#6205 = CARTESIAN_POINT ( 'NONE',  ( -27.50000000000000355, 5.999999999999971578, 35.00000000000001421 ) ) ;
#6206 = CARTESIAN_POINT ( 'NONE',  ( -55.99999999999996447, -60.00000000000000000, -31.19999999999999574 ) ) ;
#6207 = ORIENTED_EDGE ( 'NONE', *, *, #1490, .T. ) ;
#6208 = CARTESIAN_POINT ( 'NONE',  ( 62.00000000000002842, -86.05025253169419841, 44.00000000000000711 ) ) ;
#6209 = ORIENTED_EDGE ( 'NONE', *, *, #3238, .F. ) ;
#6210 = EDGE_LOOP ( 'NONE', ( #5778, #2746, #1113, #108 ) ) ;
#6211 = CARTESIAN_POINT ( 'NONE',  ( 43.29999999999999005, 0.000000000000000000, -43.00000000000000711 ) ) ;
#6212 = CARTESIAN_POINT ( 'NONE',  ( 56.50000000000006395, -89.05545635173706387, -45.25000000000000000 ) ) ;
#6213 = CARTESIAN_POINT ( 'NONE',  ( 47.29999999999998295, 0.000000000000000000, 18.99999999999999645 ) ) ;
#6214 = EDGE_LOOP ( 'NONE', ( #1144, #1481 ) ) ;
#6215 = LINE ( 'NONE', #5643, #3861 ) ;
#6216 = LINE ( 'NONE', #1635, #4905 ) ;
#6217 = VECTOR ( 'NONE', #84, 1000.000000000000000 ) ;
#6218 = EDGE_LOOP ( 'NONE', ( #7, #3792, #6359, #1779 ) ) ;
#6219 = DIRECTION ( 'NONE',  ( -0.8164965809277225928, -0.5773502691896306160, -1.370705600313017291E-16 ) ) ;
#6220 = EDGE_CURVE ( 'NONE', #7772, #5320, #3599, .T. ) ;
#6221 = LINE ( 'NONE', #6889, #8235 ) ;
#6222 = LINE ( 'NONE', #8201, #6654 ) ;
#6223 = ORIENTED_EDGE ( 'NONE', *, *, #2870, .T. ) ;
#6224 = DIRECTION ( 'NONE',  ( -0.000000000000000000, 1.000000000000000000, -0.000000000000000000 ) ) ;
#6225 = EDGE_LOOP ( 'NONE', ( #977, #8414, #4402, #6011 ) ) ;
#6226 = EDGE_LOOP ( 'NONE', ( #5318, #5387, #3124, #6257 ) ) ;
#6227 = CARTESIAN_POINT ( 'NONE',  ( 59.00000000000003553, -100.0000000000000000, -45.24999999999999289 ) ) ;
#6228 = ORIENTED_EDGE ( 'NONE', *, *, #6710, .T. ) ;
#6229 = CIRCLE ( 'NONE', #6237, 1.750000000000005107 ) ;
#6230 = DIRECTION ( 'NONE',  ( 0.000000000000000000, 1.000000000000000000, 0.000000000000000000 ) ) ;
#6231 = EDGE_CURVE ( 'NONE', #8193, #3136, #6953, .T. ) ;
#6232 = VECTOR ( 'NONE', #8622, 1000.000000000000000 ) ;
#6233 = PLANE ( 'NONE',  #811 ) ;
#6234 = FACE_OUTER_BOUND ( 'NONE', #395, .T. ) ;
#6235 = VECTOR ( 'NONE', #3282, 1000.000000000000000 ) ;
#6236 = FACE_OUTER_BOUND ( 'NONE', #718, .T. ) ;
#6237 = AXIS2_PLACEMENT_3D ( 'NONE', #7350, #2091, #5977 ) ;
#6238 = EDGE_LOOP ( 'NONE', ( #4925, #1667, #7051, #7331, #493, #7630, #523, #6557 ) ) ;
#6239 = ORIENTED_EDGE ( 'NONE', *, *, #5532, .F. ) ;
#6240 = EDGE_CURVE ( 'NONE', #7960, #1370, #6320, .T. ) ;
#6241 = ORIENTED_EDGE ( 'NONE', *, *, #8203, .F. ) ;
#6242 = VECTOR ( 'NONE', #1591, 1000.000000000000000 ) ;
#6243 = ADVANCED_FACE ( 'NONE', ( #6852 ), #283, .F. ) ;
#6244 = FACE_BOUND ( 'NONE', #8481, .T. ) ;
#6245 = VECTOR ( 'NONE', #8459, 1000.000000000000000 ) ;
#6246 = EDGE_LOOP ( 'NONE', ( #8380, #1590, #1423, #3029 ) ) ;
#6247 = CARTESIAN_POINT ( 'NONE',  ( 33.74999999999999289, 4.000000000000000000, 41.25000000000001421 ) ) ;
#6248 = LINE ( 'NONE', #6154, #3173 ) ;
#6249 = CARTESIAN_POINT ( 'NONE',  ( -58.99999999999995737, -86.05025253169431210, -47.00000000000000000 ) ) ;
#6250 = FACE_OUTER_BOUND ( 'NONE', #7635, .T. ) ;
#6251 = DIRECTION ( 'NONE',  ( 0.000000000000000000, -0.000000000000000000, -1.000000000000000000 ) ) ;
#6252 = CARTESIAN_POINT ( 'NONE',  ( -55.99999999999996447, -60.00000000000000000, -31.19999999999999574 ) ) ;
#6253 = VECTOR ( 'NONE', #7044, 1000.000000000000000 ) ;
#6254 = ORIENTED_EDGE ( 'NONE', *, *, #5923, .F. ) ;
#6255 = DIRECTION ( 'NONE',  ( 1.000000000000000000, 0.000000000000000000, 0.000000000000000000 ) ) ;
#6256 =( BOUNDED_CURVE ( )  B_SPLINE_CURVE ( 3, ( #584, #7292, #8686, #45 ),
 .UNSPECIFIED., .F., .T. ) 
 B_SPLINE_CURVE_WITH_KNOTS ( ( 4, 4 ),
 ( 0.7853981633974465026, 3.926990816987239175 ),
 .UNSPECIFIED. ) 
 CURVE ( )  GEOMETRIC_REPRESENTATION_ITEM ( )  RATIONAL_B_SPLINE_CURVE ( ( 1.000000000000000000, 0.3333333333333335369, 0.3333333333333335369, 1.000000000000000000 ) ) 
 REPRESENTATION_ITEM ( '' )  );
#6257 = ORIENTED_EDGE ( 'NONE', *, *, #7018, .T. ) ;
#6258 = VERTEX_POINT ( 'NONE', #2972 ) ;
#6259 = LINE ( 'NONE', #5639, #3862 ) ;
#6260 = AXIS2_PLACEMENT_3D ( 'NONE', #5595, #2154, #220 ) ;
#6261 = ADVANCED_FACE ( 'NONE', ( #2303, #5521 ), #5007, .T. ) ;
#6262 = CARTESIAN_POINT ( 'NONE',  ( -38.24999999999999289, -45.00000000000000000, 46.99999999999999289 ) ) ;
#6263 = DIRECTION ( 'NONE',  ( 0.000000000000000000, 0.000000000000000000, -1.000000000000000000 ) ) ;
#6264 = ORIENTED_EDGE ( 'NONE', *, *, #3138, .T. ) ;
#6265 = CARTESIAN_POINT ( 'NONE',  ( 19.00000000000000711, -100.0000000000000000, 41.00000000000002842 ) ) ;
#6266 = EDGE_CURVE ( 'NONE', #211, #8675, #2724, .T. ) ;
#6267 = AXIS2_PLACEMENT_3D ( 'NONE', #8316, #150, #2848 ) ;
#6268 = AXIS2_PLACEMENT_3D ( 'NONE', #1232, #2010, #3254 ) ;
#6269 = CARTESIAN_POINT ( 'NONE',  ( -39.99999999999997158, -103.0000000000000142, 46.00000000000001421 ) ) ;
#6270 = ORIENTED_EDGE ( 'NONE', *, *, #4331, .F. ) ;
#6271 = CARTESIAN_POINT ( 'NONE',  ( -61.99999999999997158, -60.00000000000000000, -37.20000000000006679 ) ) ;
#6272 = CARTESIAN_POINT ( 'NONE',  ( 63.00000000000001421, -105.0000000000000142, -46.99999999999999289 ) ) ;
#6273 = DIRECTION ( 'NONE',  ( -0.000000000000000000, 1.000000000000000000, -0.000000000000000000 ) ) ;
#6274 = AXIS2_PLACEMENT_3D ( 'NONE', #7213, #1219, #4571 ) ;
#6275 = ADVANCED_FACE ( 'NONE', ( #7516 ), #4169, .T. ) ;
#6276 = ORIENTED_EDGE ( 'NONE', *, *, #1586, .F. ) ;
#6277 = CARTESIAN_POINT ( 'NONE',  ( 52.00000000000004263, -98.00000000000000000, -47.00000000000000000 ) ) ;
#6278 = ORIENTED_EDGE ( 'NONE', *, *, #8445, .F. ) ;
#6279 = EDGE_LOOP ( 'NONE', ( #3198, #1257, #7151, #4253 ) ) ;
#6280 = CARTESIAN_POINT ( 'NONE',  ( -36.99999999999995737, -100.0000000000000000, 49.00000000000002842 ) ) ;
#6281 = EDGE_LOOP ( 'NONE', ( #1850, #7591, #3586, #4029 ) ) ;
#6282 = CARTESIAN_POINT ( 'NONE',  ( -31.70000000000001350, -4.000000000000000000, 25.99999999999999645 ) ) ;
#6283 = LINE ( 'NONE', #2221, #3914 ) ;
#6284 = LINE ( 'NONE', #5051, #8149 ) ;
#6285 = DIRECTION ( 'NONE',  ( -0.000000000000000000, -1.000000000000000000, -0.000000000000000000 ) ) ;
#6286 = ORIENTED_EDGE ( 'NONE', *, *, #1780, .F. ) ;
#6287 = ORIENTED_EDGE ( 'NONE', *, *, #4255, .F. ) ;
#6288 = DIRECTION ( 'NONE',  ( 0.7071067811865437980, 0.000000000000000000, 0.7071067811865513475 ) ) ;
#6289 = VERTEX_POINT ( 'NONE', #5789 ) ;
#6290 = CARTESIAN_POINT ( 'NONE',  ( -49.49999999999995737, -100.0000000000000000, -49.50000000000010658 ) ) ;
#6291 = CARTESIAN_POINT ( 'NONE',  ( -32.93482030204174293, -100.0000000000000000, 39.25019041640337747 ) ) ;
#6292 = DIRECTION ( 'NONE',  ( 0.000000000000000000, 1.000000000000000000, 0.000000000000000000 ) ) ;
#6293 = CARTESIAN_POINT ( 'NONE',  ( -61.99999999999996447, -60.00000000000000000, 13.20000000000006501 ) ) ;
#6294 = VECTOR ( 'NONE', #3786, 1000.000000000000000 ) ;
#6295 = LINE ( 'NONE', #2989, #1754 ) ;
#6296 = DIRECTION ( 'NONE',  ( -0.7071067811865465735, -0.000000000000000000, -0.7071067811865485719 ) ) ;
#6297 = ORIENTED_EDGE ( 'NONE', *, *, #3069, .T. ) ;
#6298 = FACE_OUTER_BOUND ( 'NONE', #6893, .T. ) ;
#6299 = EDGE_LOOP ( 'NONE', ( #3538, #7277, #3207, #839 ) ) ;
#6300 = ORIENTED_EDGE ( 'NONE', *, *, #6718, .T. ) ;
#6301 = AXIS2_PLACEMENT_3D ( 'NONE', #5297, #3733, #5094 ) ;
#6302 = DIRECTION ( 'NONE',  ( 0.000000000000000000, 0.000000000000000000, 1.000000000000000000 ) ) ;
#6303 = CARTESIAN_POINT ( 'NONE',  ( 59.00000000000003553, -87.28768939877070920, -45.24999999999999289 ) ) ;
#6304 = DIRECTION ( 'NONE',  ( 1.678764654171103998E-16, -0.000000000000000000, -1.000000000000000000 ) ) ;
#6305 = ORIENTED_EDGE ( 'NONE', *, *, #1284, .F. ) ;
#6306 = ADVANCED_FACE ( 'NONE', ( #3191 ), #5179, .F. ) ;
#6307 = DIRECTION ( 'NONE',  ( 0.000000000000000000, 0.000000000000000000, -1.000000000000000000 ) ) ;
#6308 = VERTEX_POINT ( 'NONE', #6493 ) ;
#6309 = LINE ( 'NONE', #4855, #1712 ) ;
#6310 = CARTESIAN_POINT ( 'NONE',  ( -38.50000000000000711, -8.000000000000000000, 35.00000000000002132 ) ) ;
#6311 = CARTESIAN_POINT ( 'NONE',  ( -21.79999999999999716, -90.00000000000001421, 42.50000000000000711 ) ) ;
#6312 = AXIS2_PLACEMENT_3D ( 'NONE', #8664, #1920, #6683 ) ;
#6313 = AXIS2_PLACEMENT_3D ( 'NONE', #4728, #7468, #1416 ) ;
#6314 = VERTEX_POINT ( 'NONE', #2437 ) ;
#6315 = CARTESIAN_POINT ( 'NONE',  ( -12.99999999999999467, -125.8626460450250875, 31.00000000000000000 ) ) ;
#6316 = EDGE_LOOP ( 'NONE', ( #8550, #8022, #7989, #32 ) ) ;
#6317 = ORIENTED_EDGE ( 'NONE', *, *, #3773, .F. ) ;
#6318 = ADVANCED_FACE ( 'NONE', ( #8562, #7205, #544, #4515, #1823, #7156, #6411, #1162, #1209, #1690, #5133, #4430 ), #7829, .F. ) ;
#6319 = AXIS2_PLACEMENT_3D ( 'NONE', #1760, #7892, #5771 ) ;
#6320 = LINE ( 'NONE', #6985, #614 ) ;
#6321 = ORIENTED_EDGE ( 'NONE', *, *, #5737, .F. ) ;
#6322 = DIRECTION ( 'NONE',  ( -0.000000000000000000, 1.000000000000000000, -0.000000000000000000 ) ) ;
#6323 = DIRECTION ( 'NONE',  ( 0.000000000000000000, 0.000000000000000000, -1.000000000000000000 ) ) ;
#6324 = VECTOR ( 'NONE', #1205, 1000.000000000000000 ) ;
#6325 = LINE ( 'NONE', #8312, #7029 ) ;
#6326 = CYLINDRICAL_SURFACE ( 'NONE', #7234, 3.500000000000003109 ) ;
#6327 = VERTEX_POINT ( 'NONE', #7070 ) ;
#6328 = CIRCLE ( 'NONE', #7179, 4.500000000000003553 ) ;
#6329 = CARTESIAN_POINT ( 'NONE',  ( -50.99999999999996447, -90.00000000000001421, 45.00000000000001421 ) ) ;
#6330 = ORIENTED_EDGE ( 'NONE', *, *, #4899, .F. ) ;
#6331 = CARTESIAN_POINT ( 'NONE',  ( -52.00000000000000711, -90.00000000000001421, 33.00000000000001421 ) ) ;
#6332 = PLANE ( 'NONE',  #2460 ) ;
#6333 = CARTESIAN_POINT ( 'NONE',  ( -34.00000000000000000, -8.000000000000000000, 40.00000000000002132 ) ) ;
#6334 = DIRECTION ( 'NONE',  ( 0.000000000000000000, 1.000000000000000000, 0.000000000000000000 ) ) ;
#6335 = CARTESIAN_POINT ( 'NONE',  ( -61.49999999999994316, -87.28768939877069499, -42.75000000000012790 ) ) ;
#6336 = DIRECTION ( 'NONE',  ( 0.5773502691896216232, -0.5773502691896238437, 0.5773502691896318373 ) ) ;
#6337 = ORIENTED_EDGE ( 'NONE', *, *, #4393, .T. ) ;
#6338 = DIRECTION ( 'NONE',  ( 0.7071067811865491270, -0.7071067811865459074, -0.000000000000000000 ) ) ;
#6339 = ORIENTED_EDGE ( 'NONE', *, *, #3682, .F. ) ;
#6340 = ORIENTED_EDGE ( 'NONE', *, *, #102, .T. ) ;
#6341 = DIRECTION ( 'NONE',  ( -1.000000000000000000, 0.000000000000000000, -1.678764654171103998E-16 ) ) ;
#6342 = LINE ( 'NONE', #5594, #1675 ) ;
#6343 = DIRECTION ( 'NONE',  ( -1.000000000000000000, 0.000000000000000000, -1.678764654171103998E-16 ) ) ;
#6344 = ORIENTED_EDGE ( 'NONE', *, *, #4226, .T. ) ;
#6345 = CARTESIAN_POINT ( 'NONE',  ( -61.99999999999997158, 0.000000000000000000, 46.99999999999998579 ) ) ;
#6346 = EDGE_CURVE ( 'NONE', #3751, #3295, #4140, .T. ) ;
#6347 = VECTOR ( 'NONE', #6825, 1000.000000000000000 ) ;
#6348 = DIRECTION ( 'NONE',  ( 0.000000000000000000, 1.000000000000000000, 0.000000000000000000 ) ) ;
#6349 = CARTESIAN_POINT ( 'NONE',  ( 59.00000000000003553, -100.0000000000000000, -42.74999999999999289 ) ) ;
#6350 = ORIENTED_EDGE ( 'NONE', *, *, #555, .F. ) ;
#6351 = DIRECTION ( 'NONE',  ( 0.000000000000000000, -1.000000000000000000, 0.000000000000000000 ) ) ;
#6352 = EDGE_CURVE ( 'NONE', #1686, #3736, #7867, .T. ) ;
#6353 = DIRECTION ( 'NONE',  ( -0.000000000000000000, -0.000000000000000000, -1.000000000000000000 ) ) ;
#6354 = CYLINDRICAL_SURFACE ( 'NONE', #4550, 0.9999999999999974465 ) ;
#6355 = EDGE_CURVE ( 'NONE', #7603, #2520, #2579, .T. ) ;
#6356 = VECTOR ( 'NONE', #1247, 999.9999999999998863 ) ;
#6357 = ORIENTED_EDGE ( 'NONE', *, *, #2958, .F. ) ;
#6358 = PLANE ( 'NONE',  #5621 ) ;
#6359 = ORIENTED_EDGE ( 'NONE', *, *, #8470, .F. ) ;
#6360 = VERTEX_POINT ( 'NONE', #4473 ) ;
#6361 = ADVANCED_FACE ( 'NONE', ( #4387 ), #1117, .T. ) ;
#6362 = LINE ( 'NONE', #2172, #5961 ) ;
#6363 = VERTEX_POINT ( 'NONE', #7906 ) ;
#6364 = EDGE_CURVE ( 'NONE', #8345, #1116, #7783, .T. ) ;
#6365 = LINE ( 'NONE', #1156, #2608 ) ;
#6366 = EDGE_CURVE ( 'NONE', #3404, #5653, #5261, .T. ) ;
#6367 = CARTESIAN_POINT ( 'NONE',  ( -48.99999999999997158, -105.0000000000000142, 46.00000000000001421 ) ) ;
#6368 = CARTESIAN_POINT ( 'NONE',  ( 57.75735931288073743, -98.00000000000000000, -36.99999999999999289 ) ) ;
#6369 = AXIS2_PLACEMENT_3D ( 'NONE', #2165, #6846, #7506 ) ;
#6370 = DIRECTION ( 'NONE',  ( 1.000000000000000000, 0.000000000000000000, 0.000000000000000000 ) ) ;
#6371 = ORIENTED_EDGE ( 'NONE', *, *, #3297, .F. ) ;
#6372 = CARTESIAN_POINT ( 'NONE',  ( -64.99999999999997158, 3.535898384862256716, 47.00000000000000711 ) ) ;
#6373 = ORIENTED_EDGE ( 'NONE', *, *, #8480, .T. ) ;
#6374 = LINE ( 'NONE', #295, #3712 ) ;
#6375 = CARTESIAN_POINT ( 'NONE',  ( -8.999999999999968026, -88.00000000000004263, 50.00000000000000711 ) ) ;
#6376 = DIRECTION ( 'NONE',  ( 0.000000000000000000, -0.000000000000000000, -1.000000000000000000 ) ) ;
#6377 = AXIS2_PLACEMENT_3D ( 'NONE', #5630, #4132, #5537 ) ;
#6378 = LINE ( 'NONE', #1660, #4549 ) ;
#6379 = EDGE_CURVE ( 'NONE', #19, #1788, #3015, .T. ) ;
#6380 = AXIS2_PLACEMENT_3D ( 'NONE', #3554, #6947, #7661 ) ;
#6381 = CARTESIAN_POINT ( 'NONE',  ( 59.00000000000003553, -84.99999999999998579, -42.74999999999999289 ) ) ;
#6382 = EDGE_CURVE ( 'NONE', #6060, #3498, #3982, .T. ) ;
#6383 = CARTESIAN_POINT ( 'NONE',  ( -58.99999999999995737, -100.0000000000000000, -44.00000000000000000 ) ) ;
#6384 = CARTESIAN_POINT ( 'NONE',  ( -58.99999999999997158, -105.0000000000000142, 42.25000000000009948 ) ) ;
#6385 = VECTOR ( 'NONE', #3533, 1000.000000000000000 ) ;
#6386 = ORIENTED_EDGE ( 'NONE', *, *, #8257, .T. ) ;
#6387 = VERTEX_POINT ( 'NONE', #1864 ) ;
#6388 = LINE ( 'NONE', #349, #1184 ) ;
#6389 = EDGE_LOOP ( 'NONE', ( #3231, #5875, #4104, #8240 ) ) ;
#6390 = CARTESIAN_POINT ( 'NONE',  ( -52.00000000000004263, -100.0000000000000000, -42.75735931288070191 ) ) ;
#6391 = DIRECTION ( 'NONE',  ( 0.000000000000000000, 0.000000000000000000, -1.000000000000000000 ) ) ;
#6392 = VERTEX_POINT ( 'NONE', #4559 ) ;
#6393 = FACE_BOUND ( 'NONE', #3216, .T. ) ;
#6394 = AXIS2_PLACEMENT_3D ( 'NONE', #8625, #2587, #4009 ) ;
#6395 = VECTOR ( 'NONE', #1073, 1000.000000000000000 ) ;
#6396 = LINE ( 'NONE', #359, #4609 ) ;
#6397 = CARTESIAN_POINT ( 'NONE',  ( -35.69999999999999574, 0.000000000000000000, -41.25000000000000711 ) ) ;
#6398 = ORIENTED_EDGE ( 'NONE', *, *, #4255, .T. ) ;
#6399 = CARTESIAN_POINT ( 'NONE',  ( 62.00000000000002842, -105.0000000000000142, 47.00000000000000711 ) ) ;
#6400 = EDGE_CURVE ( 'NONE', #4474, #6392, #889, .T. ) ;
#6401 =( NAMED_UNIT ( * ) SI_UNIT ( $, .STERADIAN. ) SOLID_ANGLE_UNIT ( ) );
#6402 = DIRECTION ( 'NONE',  ( 1.000000000000000000, 0.000000000000000000, 1.476360405086644556E-16 ) ) ;
#6403 = VECTOR ( 'NONE', #3112, 1000.000000000000114 ) ;
#6404 = CIRCLE ( 'NONE', #1748, 1.750000000000001554 ) ;
#6405 = ORIENTED_EDGE ( 'NONE', *, *, #2817, .T. ) ;
#6406 = CARTESIAN_POINT ( 'NONE',  ( 0.000000000000000000, 0.000000000000000000, 0.000000000000000000 ) ) ;
#6407 = ORIENTED_EDGE ( 'NONE', *, *, #5186, .F. ) ;
#6408 = VECTOR ( 'NONE', #3241, 1000.000000000000000 ) ;
#6409 = ORIENTED_EDGE ( 'NONE', *, *, #4930, .F. ) ;
#6410 = AXIS2_PLACEMENT_3D ( 'NONE', #7753, #999, #5100 ) ;
#6411 = FACE_BOUND ( 'NONE', #1584, .T. ) ;
#6412 = VERTEX_POINT ( 'NONE', #1027 ) ;
#6413 = EDGE_CURVE ( 'NONE', #5663, #2805, #3729, .T. ) ;
#6414 = FACE_OUTER_BOUND ( 'NONE', #4709, .T. ) ;
#6415 = CYLINDRICAL_SURFACE ( 'NONE', #1677, 0.9999999999999974465 ) ;
#6416 = VECTOR ( 'NONE', #2703, 1000.000000000000000 ) ;
#6417 = ORIENTED_EDGE ( 'NONE', *, *, #1825, .F. ) ;
#6418 = FACE_OUTER_BOUND ( 'NONE', #3347, .T. ) ;
#6419 = ORIENTED_EDGE ( 'NONE', *, *, #6895, .T. ) ;
#6420 = CARTESIAN_POINT ( 'NONE',  ( 19.00000000000000711, -90.50000000000001421, 41.00000000000002842 ) ) ;
#6421 = DIRECTION ( 'NONE',  ( 1.000000000000000000, 0.000000000000000000, 0.000000000000000000 ) ) ;
#6422 = CARTESIAN_POINT ( 'NONE',  ( 56.50000000000004263, -90.82322330470346117, 42.75000000000000711 ) ) ;
#6423 = CARTESIAN_POINT ( 'NONE',  ( -39.70000000000000995, -4.000000000000000000, 25.99999999999999645 ) ) ;
#6424 = ADVANCED_FACE ( 'NONE', ( #4025 ), #3361, .F. ) ;
#6425 = DIRECTION ( 'NONE',  ( -0.000000000000000000, -1.000000000000000000, -0.000000000000000000 ) ) ;
#6426 = CARTESIAN_POINT ( 'NONE',  ( 42.30000000000000426, -103.0000000000000142, 45.00000000000003553 ) ) ;
#6427 = FACE_OUTER_BOUND ( 'NONE', #4874, .T. ) ;
#6428 = VERTEX_POINT ( 'NONE', #6087 ) ;
#6429 = ORIENTED_EDGE ( 'NONE', *, *, #5748, .F. ) ;
#6430 = ADVANCED_FACE ( 'NONE', ( #1909 ), #4648, .F. ) ;
#6431 = ADVANCED_FACE ( 'NONE', ( #7335 ), #5347, .F. ) ;
#6432 = LINE ( 'NONE', #3125, #329 ) ;
#6433 = ORIENTED_EDGE ( 'NONE', *, *, #5596, .F. ) ;
#6434 = DIRECTION ( 'NONE',  ( 0.000000000000000000, 0.000000000000000000, -1.000000000000000000 ) ) ;
#6435 = CARTESIAN_POINT ( 'NONE',  ( -42.00000000000000711, 0.000000000000000000, 40.00000000000002132 ) ) ;
#6436 = VERTEX_POINT ( 'NONE', #2695 ) ;
#6437 = LINE ( 'NONE', #4372, #4828 ) ;
#6438 = DIRECTION ( 'NONE',  ( -0.000000000000000000, 1.000000000000000000, -0.000000000000000000 ) ) ;
#6439 = CARTESIAN_POINT ( 'NONE',  ( -9.299999999999995381, -90.00000000000001421, 42.50000000000000711 ) ) ;
#6440 = VERTEX_POINT ( 'NONE', #4731 ) ;
#6441 = CARTESIAN_POINT ( 'NONE',  ( 27.49999999999999645, 5.999999999999985789, 35.00000000000000711 ) ) ;
#6442 = DIRECTION ( 'NONE',  ( 0.000000000000000000, 0.000000000000000000, -1.000000000000000000 ) ) ;
#6443 = CYLINDRICAL_SURFACE ( 'NONE', #5406, 1.000000000000000888 ) ;
#6444 = EDGE_CURVE ( 'NONE', #8279, #7068, #7425, .T. ) ;
#6445 = ORIENTED_EDGE ( 'NONE', *, *, #3185, .T. ) ;
#6446 = CARTESIAN_POINT ( 'NONE',  ( 21.24999999999999645, 4.000000000000000000, 41.25000000000000711 ) ) ;
#6447 = ORIENTED_EDGE ( 'NONE', *, *, #5508, .F. ) ;
#6448 = VERTEX_POINT ( 'NONE', #5301 ) ;
#6449 = DIRECTION ( 'NONE',  ( 0.000000000000000000, 0.000000000000000000, -1.000000000000000000 ) ) ;
#6450 = VECTOR ( 'NONE', #1708, 1000.000000000000000 ) ;
#6451 = ORIENTED_EDGE ( 'NONE', *, *, #855, .F. ) ;
#6452 = VECTOR ( 'NONE', #7503, 1000.000000000000000 ) ;
#6453 = EDGE_CURVE ( 'NONE', #4112, #4404, #2704, .T. ) ;
#6454 = CIRCLE ( 'NONE', #3360, 1.750000000000001554 ) ;
#6455 = DIRECTION ( 'NONE',  ( -1.000000000000000000, 0.000000000000000000, -0.000000000000000000 ) ) ;
#6456 = VECTOR ( 'NONE', #1368, 1000.000000000000000 ) ;
#6457 = EDGE_LOOP ( 'NONE', ( #127, #2883 ) ) ;
#6458 = EDGE_CURVE ( 'NONE', #4981, #5332, #8034, .T. ) ;
#6459 = CARTESIAN_POINT ( 'NONE',  ( -38.00000000000000711, -97.00000000000001421, 50.00000000000000711 ) ) ;
#6460 = ORIENTED_EDGE ( 'NONE', *, *, #8131, .F. ) ;
#6461 = CARTESIAN_POINT ( 'NONE',  ( -57.99999999999997158, -60.00000000000000000, -25.19999999999999574 ) ) ;
#6462 = FACE_OUTER_BOUND ( 'NONE', #8, .T. ) ;
#6463 = FACE_OUTER_BOUND ( 'NONE', #8666, .T. ) ;
#6464 = CONICAL_SURFACE ( 'NONE', #1255, 3.500000000000003109, 0.7853981633974425058 ) ;
#6465 = DIRECTION ( 'NONE',  ( -0.000000000000000000, -1.000000000000000000, -0.000000000000000000 ) ) ;
#6466 = AXIS2_PLACEMENT_3D ( 'NONE', #6711, #673, #6049 ) ;
#6467 = EDGE_CURVE ( 'NONE', #3813, #5714, #6795, .T. ) ;
#6468 = DIRECTION ( 'NONE',  ( 0.000000000000000000, 1.000000000000000000, 0.000000000000000000 ) ) ;
#6469 = LINE ( 'NONE', #1180, #7509 ) ;
#6470 = FACE_OUTER_BOUND ( 'NONE', #1434, .T. ) ;
#6471 = ORIENTED_EDGE ( 'NONE', *, *, #4767, .T. ) ;
#6472 = EDGE_LOOP ( 'NONE', ( #5957, #3851, #2359, #5008 ) ) ;
#6473 = CARTESIAN_POINT ( 'NONE',  ( -6.999999999999998224, -100.5000000000000142, 35.50000000000000711 ) ) ;
#6474 = EDGE_LOOP ( 'NONE', ( #2505, #1582, #2267, #768 ) ) ;
#6475 = CYLINDRICAL_SURFACE ( 'NONE', #3657, 3.000000000000002665 ) ;
#6476 = CARTESIAN_POINT ( 'NONE',  ( -34.00000000000000000, -30.38477631085023489, 41.50000000000001421 ) ) ;
#6477 = ORIENTED_EDGE ( 'NONE', *, *, #2113, .T. ) ;
#6478 = PLANE ( 'NONE',  #2015 ) ;
#6479 = ADVANCED_FACE ( 'NONE', ( #8646 ), #2649, .F. ) ;
#6480 = AXIS2_PLACEMENT_3D ( 'NONE', #4409, #7765, #525 ) ;
#6481 = DIRECTION ( 'NONE',  ( -0.000000000000000000, -1.000000000000000000, -0.000000000000000000 ) ) ;
#6482 = DIRECTION ( 'NONE',  ( 0.8660254037844345998, -0.5000000000000071054, 0.000000000000000000 ) ) ;
#6483 = ORIENTED_EDGE ( 'NONE', *, *, #3688, .T. ) ;
#6484 = DIRECTION ( 'NONE',  ( 6.938893903907232322E-16, 1.000000000000000000, 0.000000000000000000 ) ) ;
#6485 = VECTOR ( 'NONE', #7613, 1000.000000000000000 ) ;
#6486 = CARTESIAN_POINT ( 'NONE',  ( 19.00000000000000711, -83.50000000000000000, 45.00000000000003553 ) ) ;
#6487 = DIRECTION ( 'NONE',  ( 0.000000000000000000, 0.000000000000000000, -1.000000000000000000 ) ) ;
#6488 = EDGE_CURVE ( 'NONE', #4281, #3469, #5258, .T. ) ;
#6489 = ORIENTED_EDGE ( 'NONE', *, *, #3774, .F. ) ;
#6490 = FACE_OUTER_BOUND ( 'NONE', #2971, .T. ) ;
#6491 = ORIENTED_EDGE ( 'NONE', *, *, #186, .F. ) ;
#6492 = ORIENTED_EDGE ( 'NONE', *, *, #1882, .F. ) ;
#6493 = CARTESIAN_POINT ( 'NONE',  ( -6.999999999999997335, -97.00000000000001421, 48.00000000000000711 ) ) ;
#6494 = EDGE_LOOP ( 'NONE', ( #2167, #4813, #8094, #7606 ) ) ;
#6495 = CONICAL_SURFACE ( 'NONE', #6623, 5.999999999999998224, 0.7853981633974378429 ) ;
#6496 = CARTESIAN_POINT ( 'NONE',  ( -48.99999999999997158, -97.00000000000001421, 48.00000000000000711 ) ) ;
#6497 = ORIENTED_EDGE ( 'NONE', *, *, #1640, .F. ) ;
#6498 = DIRECTION ( 'NONE',  ( -1.000000000000000000, 0.000000000000000000, -1.728250562629726132E-16 ) ) ;
#6499 = ORIENTED_EDGE ( 'NONE', *, *, #445, .T. ) ;
#6500 = CARTESIAN_POINT ( 'NONE',  ( 33.96666666666668988, -105.6666666666666714, 39.66666666666671404 ) ) ;
#6501 = CARTESIAN_POINT ( 'NONE',  ( -13.00000000000000888, -8.000000000000000000, 40.00000000000002132 ) ) ;
#6502 = DIRECTION ( 'NONE',  ( 0.000000000000000000, -1.000000000000000000, 0.000000000000000000 ) ) ;
#6503 = CARTESIAN_POINT ( 'NONE',  ( -34.00000000000000000, 0.000000000000000000, 30.00000000000002132 ) ) ;
#6504 = FACE_BOUND ( 'NONE', #2955, .T. ) ;
#6505 = EDGE_CURVE ( 'NONE', #5629, #1847, #6256, .T. ) ;
#6506 = CARTESIAN_POINT ( 'NONE',  ( -39.99999999999999289, -45.00000000000000000, 46.99999999999999289 ) ) ;
#6507 = CARTESIAN_POINT ( 'NONE',  ( 62.00000000000002842, -86.05025253169428368, -43.99999999999999289 ) ) ;
#6508 = ADVANCED_FACE ( 'NONE', ( #7472 ), #6047, .F. ) ;
#6509 = ORIENTED_EDGE ( 'NONE', *, *, #5615, .T. ) ;
#6510 = ORIENTED_EDGE ( 'NONE', *, *, #3818, .T. ) ;
#6511 = DIRECTION ( 'NONE',  ( 0.000000000000000000, -1.000000000000000000, 0.000000000000000000 ) ) ;
#6512 = CIRCLE ( 'NONE', #4972, 1.000000000000000888 ) ;
#6513 = VERTEX_POINT ( 'NONE', #4071 ) ;
#6514 = DIRECTION ( 'NONE',  ( -0.000000000000000000, -1.000000000000000000, -0.000000000000000000 ) ) ;
#6515 = CARTESIAN_POINT ( 'NONE',  ( 5.000000000000005329, -103.0000000000000142, 38.00000000000000711 ) ) ;
#6516 = ORIENTED_EDGE ( 'NONE', *, *, #4554, .T. ) ;
#6517 = DIRECTION ( 'NONE',  ( -0.5773502691896266192, 0.5773502691896240657, 0.5773502691896266192 ) ) ;
#6518 = VECTOR ( 'NONE', #6336, 1000.000000000000114 ) ;
#6519 = VECTOR ( 'NONE', #5159, 1000.000000000000000 ) ;
#6520 = DIRECTION ( 'NONE',  ( 0.000000000000000000, 0.000000000000000000, 1.000000000000000000 ) ) ;
#6521 = LINE ( 'NONE', #5118, #3497 ) ;
#6522 = ORIENTED_EDGE ( 'NONE', *, *, #2663, .T. ) ;
#6523 = CARTESIAN_POINT ( 'NONE',  ( -38.50000000000000711, 0.000000000000000000, 35.00000000000002132 ) ) ;
#6524 = ORIENTED_EDGE ( 'NONE', *, *, #2764, .F. ) ;
#6525 = CIRCLE ( 'NONE', #4986, 1.750000000000005107 ) ;
#6526 = ADVANCED_FACE ( 'NONE', ( #6756 ), #3316, .F. ) ;
#6527 = AXIS2_PLACEMENT_3D ( 'NONE', #1078, #8526, #2526 ) ;
#6528 = EDGE_CURVE ( 'NONE', #1314, #3295, #2742, .T. ) ;
#6529 =( NAMED_UNIT ( * ) PLANE_ANGLE_UNIT ( ) SI_UNIT ( $, .RADIAN. ) );
#6530 = FACE_OUTER_BOUND ( 'NONE', #412, .T. ) ;
#6531 = VECTOR ( 'NONE', #7318, 1000.000000000000000 ) ;
#6532 = VECTOR ( 'NONE', #6836, 1000.000000000000000 ) ;
#6533 = CARTESIAN_POINT ( 'NONE',  ( 36.49999999999998579, 6.000000000000000000, 15.49999999999997868 ) ) ;
#6534 = EDGE_CURVE ( 'NONE', #6975, #5714, #4604, .T. ) ;
#6535 = ORIENTED_EDGE ( 'NONE', *, *, #8714, .T. ) ;
#6536 = CARTESIAN_POINT ( 'NONE',  ( 19.00000000000000000, -83.50000000000000000, -25.99999999999997868 ) ) ;
#6537 = ORIENTED_EDGE ( 'NONE', *, *, #2961, .F. ) ;
#6538 = VERTEX_POINT ( 'NONE', #1250 ) ;
#6539 = CARTESIAN_POINT ( 'NONE',  ( 62.00000000000002842, 3.535898384862256716, 47.00000000000000711 ) ) ;
#6540 = EDGE_CURVE ( 'NONE', #3834, #5017, #5948, .T. ) ;
#6541 = ADVANCED_FACE ( 'NONE', ( #1463 ), #5649, .F. ) ;
#6542 = CIRCLE ( 'NONE', #4431, 1.750000000000001554 ) ;
#6543 = EDGE_CURVE ( 'NONE', #2424, #4816, #177, .T. ) ;
#6544 = VERTEX_POINT ( 'NONE', #3541 ) ;
#6545 = VECTOR ( 'NONE', #2184, 1000.000000000000000 ) ;
#6546 = CARTESIAN_POINT ( 'NONE',  ( -48.99999999999997158, -103.0000000000000142, 38.00000000000001421 ) ) ;
#6547 = VECTOR ( 'NONE', #6824, 1000.000000000000000 ) ;
#6548 = ORIENTED_EDGE ( 'NONE', *, *, #2431, .T. ) ;
#6549 = FACE_OUTER_BOUND ( 'NONE', #4862, .T. ) ;
#6550 = EDGE_LOOP ( 'NONE', ( #2759, #749, #3330, #1218, #5359, #7866, #7254, #2025 ) ) ;
#6551 = LINE ( 'NONE', #513, #5535 ) ;
#6552 = CARTESIAN_POINT ( 'NONE',  ( 43.29999999999997584, 11.94974746830584600, 21.24999999999999289 ) ) ;
#6553 = DIRECTION ( 'NONE',  ( 0.000000000000000000, 0.000000000000000000, -1.000000000000000000 ) ) ;
#6554 = AXIS2_PLACEMENT_3D ( 'NONE', #8215, #2175, #4736 ) ;
#6555 = LINE ( 'NONE', #7086, #2066 ) ;
#6556 = LINE ( 'NONE', #7884, #1870 ) ;
#6557 = ORIENTED_EDGE ( 'NONE', *, *, #3230, .F. ) ;
#6558 = CARTESIAN_POINT ( 'NONE',  ( -62.99999999999997158, 7.000000000000000000, 0.000000000000000000 ) ) ;
#6559 = VERTEX_POINT ( 'NONE', #3494 ) ;
#6560 = EDGE_LOOP ( 'NONE', ( #5770, #5419, #3106, #5568 ) ) ;
#6561 = DIRECTION ( 'NONE',  ( -0.000000000000000000, 1.000000000000000000, -0.000000000000000000 ) ) ;
#6562 = VERTEX_POINT ( 'NONE', #1508 ) ;
#6563 = LINE ( 'NONE', #4369, #4770 ) ;
#6564 = CARTESIAN_POINT ( 'NONE',  ( 43.29999999999999005, 5.000000000000000000, -41.25000000000000711 ) ) ;
#6565 = ORIENTED_EDGE ( 'NONE', *, *, #848, .F. ) ;
#6566 = DIRECTION ( 'NONE',  ( 1.476360405086644556E-16, 0.000000000000000000, -1.000000000000000000 ) ) ;
#6567 = DIRECTION ( 'NONE',  ( -0.000000000000000000, -1.000000000000000000, -0.000000000000000000 ) ) ;
#6568 = VERTEX_POINT ( 'NONE', #5563 ) ;
#6569 = CARTESIAN_POINT ( 'NONE',  ( 45.30000000000001847, -100.0000000000000000, 47.00000000000000711 ) ) ;
#6570 = EDGE_LOOP ( 'NONE', ( #2302, #1641, #3645, #2202 ) ) ;
#6571 = DIRECTION ( 'NONE',  ( 0.000000000000000000, 0.000000000000000000, -1.000000000000000000 ) ) ;
#6572 = EDGE_CURVE ( 'NONE', #8258, #8425, #30, .T. ) ;
#6573 = LINE ( 'NONE', #4257, #5708 ) ;
#6574 = AXIS2_PLACEMENT_3D ( 'NONE', #6720, #1878, #4658 ) ;
#6575 = EDGE_CURVE ( 'NONE', #7387, #2461, #6222, .T. ) ;
#6576 = PLANE ( 'NONE',  #7593 ) ;
#6577 = ORIENTED_EDGE ( 'NONE', *, *, #3354, .T. ) ;
#6578 = DIRECTION ( 'NONE',  ( 0.000000000000000000, -1.000000000000000000, 0.000000000000000000 ) ) ;
#6579 = ORIENTED_EDGE ( 'NONE', *, *, #7818, .T. ) ;
#6580 = ORIENTED_EDGE ( 'NONE', *, *, #325, .F. ) ;
#6581 = VECTOR ( 'NONE', #8263, 1000.000000000000000 ) ;
#6582 = DIRECTION ( 'NONE',  ( -0.7071067811865465735, 0.000000000000000000, 0.7071067811865485719 ) ) ;
#6583 = ORIENTED_EDGE ( 'NONE', *, *, #5748, .T. ) ;
#6584 = EDGE_CURVE ( 'NONE', #3662, #4729, #5604, .T. ) ;
#6585 = CARTESIAN_POINT ( 'NONE',  ( 19.00000000000000711, -90.50000000000001421, 41.00000000000002842 ) ) ;
#6586 =( BOUNDED_CURVE ( )  B_SPLINE_CURVE ( 3, ( #1231, #2542, #3963, #1925 ),
 .UNSPECIFIED., .F., .T. ) 
 B_SPLINE_CURVE_WITH_KNOTS ( ( 4, 4 ),
 ( 0.7853981633974479459, 3.926990816987240951 ),
 .UNSPECIFIED. ) 
 CURVE ( )  GEOMETRIC_REPRESENTATION_ITEM ( )  RATIONAL_B_SPLINE_CURVE ( ( 1.000000000000000000, 0.3333333333333333703, 0.3333333333333333703, 1.000000000000000000 ) ) 
 REPRESENTATION_ITEM ( '' )  );
#6587 = ORIENTED_EDGE ( 'NONE', *, *, #2696, .T. ) ;
#6588 = DIRECTION ( 'NONE',  ( -0.000000000000000000, -1.000000000000000000, -0.000000000000000000 ) ) ;
#6589 = ORIENTED_EDGE ( 'NONE', *, *, #8657, .T. ) ;
#6590 = CIRCLE ( 'NONE', #2787, 4.000000000000010658 ) ;
#6591 = DIRECTION ( 'NONE',  ( -5.595882180570346659E-17, 0.000000000000000000, 1.000000000000000000 ) ) ;
#6592 = LINE ( 'NONE', #425, #5611 ) ;
#6593 = DIRECTION ( 'NONE',  ( 0.000000000000000000, -1.000000000000000000, 0.000000000000000000 ) ) ;
#6594 = EDGE_CURVE ( 'NONE', #7242, #702, #8196, .T. ) ;
#6595 = CARTESIAN_POINT ( 'NONE',  ( 49.00000000000000711, -83.50000000000000000, 41.00000000000002842 ) ) ;
#6596 = EDGE_LOOP ( 'NONE', ( #5984, #3232, #4523, #3650 ) ) ;
#6597 = VECTOR ( 'NONE', #1904, 1000.000000000000000 ) ;
#6598 = CARTESIAN_POINT ( 'NONE',  ( -59.99999999999997868, -60.00000000000000000, 2.200000000000002398 ) ) ;
#6599 = ORIENTED_EDGE ( 'NONE', *, *, #2320, .F. ) ;
#6600 = PLANE ( 'NONE',  #6971 ) ;
#6601 = VECTOR ( 'NONE', #7807, 1000.000000000000000 ) ;
#6602 = AXIS2_PLACEMENT_3D ( 'NONE', #8006, #3328, #8700 ) ;
#6603 = VERTEX_POINT ( 'NONE', #2830 ) ;
#6604 = LINE ( 'NONE', #2009, #1313 ) ;
#6605 = DIRECTION ( 'NONE',  ( 1.000000000000000000, 0.000000000000000000, 0.000000000000000000 ) ) ;
#6606 = CIRCLE ( 'NONE', #6179, 1.750000000000001554 ) ;
#6607 = ORIENTED_EDGE ( 'NONE', *, *, #3363, .T. ) ;
#6608 = CYLINDRICAL_SURFACE ( 'NONE', #7520, 4.000000000000003553 ) ;
#6609 = DIRECTION ( 'NONE',  ( 0.000000000000000000, -1.000000000000000000, 0.000000000000000000 ) ) ;
#6610 = DIRECTION ( 'NONE',  ( -0.000000000000000000, 1.000000000000000000, -0.000000000000000000 ) ) ;
#6611 = ORIENTED_EDGE ( 'NONE', *, *, #1567, .F. ) ;
#6612 = CARTESIAN_POINT ( 'NONE',  ( 0.000000000000000000, -100.0000000000000000, 32.00000000000001421 ) ) ;
#6613 = VERTEX_POINT ( 'NONE', #273 ) ;
#6614 = CARTESIAN_POINT ( 'NONE',  ( -8.626407040611047148E-15, -93.50000000000000000, 47.99999999999997868 ) ) ;
#6615 = CIRCLE ( 'NONE', #6045, 1.750000000000001554 ) ;
#6616 = CARTESIAN_POINT ( 'NONE',  ( 62.00000000000002842, -100.0000000000000000, 47.00000000000000711 ) ) ;
#6617 = EDGE_CURVE ( 'NONE', #2080, #509, #6890, .T. ) ;
#6618 = DIRECTION ( 'NONE',  ( -0.000000000000000000, -1.000000000000000000, -0.000000000000000000 ) ) ;
#6619 = DIRECTION ( 'NONE',  ( 0.000000000000000000, -1.000000000000000000, 0.000000000000000000 ) ) ;
#6620 = ORIENTED_EDGE ( 'NONE', *, *, #6972, .T. ) ;
#6621 = DIRECTION ( 'NONE',  ( 0.000000000000000000, 0.000000000000000000, 1.000000000000000000 ) ) ;
#6622 = EDGE_CURVE ( 'NONE', #5796, #687, #4202, .T. ) ;
#6623 = AXIS2_PLACEMENT_3D ( 'NONE', #1963, #6146, #4082 ) ;
#6624 = ORIENTED_EDGE ( 'NONE', *, *, #4051, .T. ) ;
#6625 = EDGE_CURVE ( 'NONE', #4612, #3048, #7918, .T. ) ;
#6626 = DIRECTION ( 'NONE',  ( 0.000000000000000000, 1.000000000000000000, 0.000000000000000000 ) ) ;
#6627 = DIRECTION ( 'NONE',  ( 0.000000000000000000, 0.000000000000000000, -1.000000000000000000 ) ) ;
#6628 = EDGE_CURVE ( 'NONE', #3381, #2062, #2293, .T. ) ;
#6629 = ORIENTED_EDGE ( 'NONE', *, *, #5242, .F. ) ;
#6630 = VERTEX_POINT ( 'NONE', #4901 ) ;
#6631 = ADVANCED_FACE ( 'NONE', ( #4998 ), #4248, .F. ) ;
#6632 = DIRECTION ( 'NONE',  ( 0.000000000000000000, -1.000000000000000000, 0.000000000000000000 ) ) ;
#6633 = EDGE_LOOP ( 'NONE', ( #2623, #2082, #7902, #540 ) ) ;
#6634 = EDGE_CURVE ( 'NONE', #509, #3556, #1639, .T. ) ;
#6635 = CARTESIAN_POINT ( 'NONE',  ( -52.00000000000004263, -98.00000000000000000, -47.00000000000000000 ) ) ;
#6636 = FACE_BOUND ( 'NONE', #3276, .T. ) ;
#6637 = VECTOR ( 'NONE', #5602, 1000.000000000000000 ) ;
#6638 = DIRECTION ( 'NONE',  ( 0.000000000000000000, 0.000000000000000000, -1.000000000000000000 ) ) ;
#6639 = DIRECTION ( 'NONE',  ( 0.000000000000000000, -0.000000000000000000, 1.000000000000000000 ) ) ;
#6640 = ORIENTED_EDGE ( 'NONE', *, *, #7934, .F. ) ;
#6641 = CARTESIAN_POINT ( 'NONE',  ( 45.30000000000001847, -100.0000000000000000, 42.51986841535715911 ) ) ;
#6642 = ORIENTED_EDGE ( 'NONE', *, *, #2561, .F. ) ;
#6643 = CARTESIAN_POINT ( 'NONE',  ( 7.170190367370793454E-16, 6.000000000000000000, 15.49999999999998046 ) ) ;
#6644 = EDGE_LOOP ( 'NONE', ( #196, #89, #3501, #461 ) ) ;
#6645 = CARTESIAN_POINT ( 'NONE',  ( 52.00000000000004263, -98.00000000000000000, -42.75735931288070191 ) ) ;
#6646 = PLANE ( 'NONE',  #5556 ) ;
#6647 = ADVANCED_FACE ( 'NONE', ( #896 ), #3590, .F. ) ;
#6648 = PLANE ( 'NONE',  #3290 ) ;
#6649 = DIRECTION ( 'NONE',  ( -0.000000000000000000, -0.000000000000000000, 1.000000000000000000 ) ) ;
#6650 = CARTESIAN_POINT ( 'NONE',  ( 37.49999999999998579, 7.000000000000000000, 14.49999999999998046 ) ) ;
#6651 = DIRECTION ( 'NONE',  ( -0.000000000000000000, 0.000000000000000000, 1.000000000000000000 ) ) ;
#6652 = ORIENTED_EDGE ( 'NONE', *, *, #5622, .F. ) ;
#6653 = FACE_OUTER_BOUND ( 'NONE', #2079, .T. ) ;
#6654 = VECTOR ( 'NONE', #2877, 1000.000000000000000 ) ;
#6655 = ORIENTED_EDGE ( 'NONE', *, *, #7346, .F. ) ;
#6656 = FACE_OUTER_BOUND ( 'NONE', #4118, .T. ) ;
#6657 = LINE ( 'NONE', #8065, #193 ) ;
#6658 = DIRECTION ( 'NONE',  ( 9.637352644315594010E-17, 0.000000000000000000, -1.000000000000000000 ) ) ;
#6659 = FACE_OUTER_BOUND ( 'NONE', #4068, .T. ) ;
#6660 = AXIS2_PLACEMENT_3D ( 'NONE', #7398, #3421, #2048 ) ;
#6661 = EDGE_LOOP ( 'NONE', ( #2693, #3263, #7564, #231 ) ) ;
#6662 = ADVANCED_FACE ( 'NONE', ( #1598 ), #7694, .T. ) ;
#6663 = VECTOR ( 'NONE', #4929, 1000.000000000000000 ) ;
#6664 = VECTOR ( 'NONE', #324, 1000.000000000000000 ) ;
#6665 = DIRECTION ( 'NONE',  ( 0.000000000000000000, 0.000000000000000000, 1.000000000000000000 ) ) ;
#6666 = AXIS2_PLACEMENT_3D ( 'NONE', #3656, #5583, #830 ) ;
#6667 = CARTESIAN_POINT ( 'NONE',  ( -6.568819562365511634E-15, 7.000000000000000000, -35.50000000000001421 ) ) ;
#6668 = ORIENTED_EDGE ( 'NONE', *, *, #3622, .T. ) ;
#6669 = ORIENTED_EDGE ( 'NONE', *, *, #325, .T. ) ;
#6670 = AXIS2_PLACEMENT_3D ( 'NONE', #3764, #4381, #1814 ) ;
#6671 = DIRECTION ( 'NONE',  ( -5.551115123125783688E-16, 0.000000000000000000, 1.000000000000000000 ) ) ;
#6672 = ORIENTED_EDGE ( 'NONE', *, *, #668, .T. ) ;
#6673 = CARTESIAN_POINT ( 'NONE',  ( -36.99999999999999289, -90.00000000000001421, 31.00000000000001776 ) ) ;
#6674 = CARTESIAN_POINT ( 'NONE',  ( -37.99999999999996447, -101.0000000000000000, 36.00000000000000000 ) ) ;
#6675 = EDGE_CURVE ( 'NONE', #75, #1843, #981, .T. ) ;
#6676 = AXIS2_PLACEMENT_3D ( 'NONE', #7580, #1623, #115 ) ;
#6677 = CIRCLE ( 'NONE', #5278, 3.000000000000002665 ) ;
#6678 = FACE_OUTER_BOUND ( 'NONE', #4241, .T. ) ;
#6679 = CIRCLE ( 'NONE', #7636, 1.000000000000000888 ) ;
#6680 = FACE_OUTER_BOUND ( 'NONE', #1505, .T. ) ;
#6681 = CARTESIAN_POINT ( 'NONE',  ( 65.00000000000002842, 7.000000000000000000, 47.00000000000000711 ) ) ;
#6682 = ORIENTED_EDGE ( 'NONE', *, *, #7769, .T. ) ;
#6683 = DIRECTION ( 'NONE',  ( 0.000000000000000000, 0.000000000000000000, -1.000000000000000000 ) ) ;
#6684 = ORIENTED_EDGE ( 'NONE', *, *, #3635, .T. ) ;
#6685 = VECTOR ( 'NONE', #3778, 1000.000000000000000 ) ;
#6686 = DIRECTION ( 'NONE',  ( 0.000000000000000000, -1.000000000000000000, 0.000000000000000000 ) ) ;
#6687 = ORIENTED_EDGE ( 'NONE', *, *, #3888, .T. ) ;
#6688 = DIRECTION ( 'NONE',  ( 0.7071067811865462405, 0.000000000000000000, 0.7071067811865489050 ) ) ;
#6689 = DIRECTION ( 'NONE',  ( 6.814637407481677627E-17, 0.7071067811865459074, -0.7071067811865491270 ) ) ;
#6690 = CARTESIAN_POINT ( 'NONE',  ( -57.99999999999997868, -60.00000000000000000, 2.200000000000002398 ) ) ;
#6691 = CARTESIAN_POINT ( 'NONE',  ( -33.99999999999999289, -90.00000000000001421, 45.00000000000001421 ) ) ;
#6692 = ADVANCED_FACE ( 'NONE', ( #3676 ), #86, .F. ) ;
#6693 = CARTESIAN_POINT ( 'NONE',  ( -3.837835791779479866, -90.00000000000001421, -4.573754592639868832 ) ) ;
#6694 = AXIS2_PLACEMENT_3D ( 'NONE', #4019, #2689, #666 ) ;
#6695 = CARTESIAN_POINT ( 'NONE',  ( 47.29999999999999005, -4.000000000000000000, -47.00000000000000000 ) ) ;
#6696 = EDGE_CURVE ( 'NONE', #5363, #7970, #7820, .T. ) ;
#6697 = EDGE_LOOP ( 'NONE', ( #8357, #6062, #7244, #6965 ) ) ;
#6698 = FACE_BOUND ( 'NONE', #2174, .T. ) ;
#6699 = ADVANCED_FACE ( 'NONE', ( #3184 ), #2514, .F. ) ;
#6700 = VERTEX_POINT ( 'NONE', #3008 ) ;
#6701 = PRODUCT_DEFINITION_CONTEXT ( 'detailed design', #3616, 'design' ) ;
#6702 = CARTESIAN_POINT ( 'NONE',  ( -58.99999999999994316, -84.99999999999998579, -44.00000000000012790 ) ) ;
#6703 = CARTESIAN_POINT ( 'NONE',  ( 19.00000000000000711, -100.0000000000000000, 37.00000000000002842 ) ) ;
#6704 = UNCERTAINTY_MEASURE_WITH_UNIT (LENGTH_MEASURE( 1.000000000000000082E-05 ), #4306, 'distance_accuracy_value', 'NONE');
#6705 = CARTESIAN_POINT ( 'NONE',  ( 49.50000000000003553, -84.99999999999998579, -49.50000000000000711 ) ) ;
#6706 = CARTESIAN_POINT ( 'NONE',  ( 6.999999999999969802, -97.00000000000001421, 50.00000000000000711 ) ) ;
#6707 = EDGE_LOOP ( 'NONE', ( #4127, #4022 ) ) ;
#6708 = CARTESIAN_POINT ( 'NONE',  ( 29.30000000000000782, -81.50000000000000000, 50.00000000000000711 ) ) ;
#6709 = DIRECTION ( 'NONE',  ( 0.000000000000000000, 0.000000000000000000, -1.000000000000000000 ) ) ;
#6710 = EDGE_CURVE ( 'NONE', #7279, #8485, #1067, .T. ) ;
#6711 = CARTESIAN_POINT ( 'NONE',  ( 49.00000000000000000, -83.50000000000000000, -21.99999999999997868 ) ) ;
#6712 = VERTEX_POINT ( 'NONE', #7900 ) ;
#6713 = VECTOR ( 'NONE', #2662, 1000.000000000000000 ) ;
#6714 = EDGE_LOOP ( 'NONE', ( #5432, #5741 ) ) ;
#6715 = DIRECTION ( 'NONE',  ( -0.8164965809277298092, 0.5773502691896204020, -1.370705600313029123E-16 ) ) ;
#6716 = ORIENTED_EDGE ( 'NONE', *, *, #7072, .F. ) ;
#6717 = CARTESIAN_POINT ( 'NONE',  ( 57.75735931288073743, -98.00000000000000000, -36.99999999999999289 ) ) ;
#6718 = EDGE_CURVE ( 'NONE', #2186, #1238, #6512, .T. ) ;
#6719 = PLANE ( 'NONE',  #1214 ) ;
#6720 = CARTESIAN_POINT ( 'NONE',  ( 43.29999999999997584, -4.000000000000000000, 22.99999999999999645 ) ) ;
#6721 = ADVANCED_FACE ( 'NONE', ( #407 ), #8389, .F. ) ;
#6722 = CARTESIAN_POINT ( 'NONE',  ( 0.000000000000000000, -104.0000000000000142, 38.00000000000000711 ) ) ;
#6723 = DIRECTION ( 'NONE',  ( -0.000000000000000000, -0.000000000000000000, 1.000000000000000000 ) ) ;
#6724 = ORIENTED_EDGE ( 'NONE', *, *, #4894, .T. ) ;
#6725 = LINE ( 'NONE', #6598, #7022 ) ;
#6726 = ADVANCED_FACE ( 'NONE', ( #5739 ), #7776, .F. ) ;
#6727 = ORIENTED_EDGE ( 'NONE', *, *, #3788, .F. ) ;
#6728 = ADVANCED_FACE ( 'NONE', ( #2428 ), #2388, .T. ) ;
#6729 = DIRECTION ( 'NONE',  ( -0.7071067811865439090, 0.000000000000000000, 0.7071067811865511255 ) ) ;
#6730 = ORIENTED_EDGE ( 'NONE', *, *, #3688, .F. ) ;
#6731 = CARTESIAN_POINT ( 'NONE',  ( -33.99999999999998579, -90.00000000000001421, 32.00000000000001421 ) ) ;
#6732 = LINE ( 'NONE', #6066, #7111 ) ;
#6733 = CIRCLE ( 'NONE', #4763, 3.000000000000002665 ) ;
#6734 = EDGE_CURVE ( 'NONE', #1366, #8520, #8430, .T. ) ;
#6735 = ORIENTED_EDGE ( 'NONE', *, *, #4195, .T. ) ;
#6736 = FACE_OUTER_BOUND ( 'NONE', #7294, .T. ) ;
#6737 = VECTOR ( 'NONE', #360, 1000.000000000000000 ) ;
#6738 = CARTESIAN_POINT ( 'NONE',  ( 43.29999999999999005, -4.000000000000000000, -43.00000000000000711 ) ) ;
#6739 = AXIS2_PLACEMENT_3D ( 'NONE', #8532, #6502, #3033 ) ;
#6740 = DIRECTION ( 'NONE',  ( -0.000000000000000000, -0.000000000000000000, 1.000000000000000000 ) ) ;
#6741 = ORIENTED_EDGE ( 'NONE', *, *, #2114, .F. ) ;
#6742 = DIRECTION ( 'NONE',  ( 0.000000000000000000, 0.000000000000000000, 1.000000000000000000 ) ) ;
#6743 = EDGE_LOOP ( 'NONE', ( #453, #8477 ) ) ;
#6744 = ORIENTED_EDGE ( 'NONE', *, *, #7774, .T. ) ;
#6745 = ADVANCED_FACE ( 'NONE', ( #8516 ), #4467, .T. ) ;
#6746 = CARTESIAN_POINT ( 'NONE',  ( -6.999999999999999112, -100.0000000000000000, 47.00000000000001421 ) ) ;
#6747 = DIRECTION ( 'NONE',  ( 1.000000000000000000, 0.000000000000000000, 0.000000000000000000 ) ) ;
#6748 = ORIENTED_EDGE ( 'NONE', *, *, #4162, .T. ) ;
#6749 = CARTESIAN_POINT ( 'NONE',  ( -6.999999999999994671, -90.00000000000001421, 38.00000000000000711 ) ) ;
#6750 = ADVANCED_FACE ( 'NONE', ( #5040 ), #8473, .F. ) ;
#6751 = AXIS2_PLACEMENT_3D ( 'NONE', #6277, #3013, #5516 ) ;
#6752 = CARTESIAN_POINT ( 'NONE',  ( -58.99999999999994316, -105.0000000000000142, -44.00000000000012790 ) ) ;
#6753 = ORIENTED_EDGE ( 'NONE', *, *, #1555, .F. ) ;
#6754 = CARTESIAN_POINT ( 'NONE',  ( -42.00000000000000711, -4.000000000000000000, 30.00000000000002132 ) ) ;
#6755 = CIRCLE ( 'NONE', #2390, 1.000000000000000888 ) ;
#6756 = FACE_OUTER_BOUND ( 'NONE', #6226, .T. ) ;
#6757 = ADVANCED_FACE ( 'NONE', ( #6530 ), #6354, .F. ) ;
#6758 = DIRECTION ( 'NONE',  ( -9.505334114941409750E-17, -0.000000000000000000, 1.000000000000000000 ) ) ;
#6759 = VERTEX_POINT ( 'NONE', #7733 ) ;
#6760 = ORIENTED_EDGE ( 'NONE', *, *, #7019, .F. ) ;
#6761 = ORIENTED_EDGE ( 'NONE', *, *, #7152, .T. ) ;
#6762 = DIRECTION ( 'NONE',  ( 1.000000000000000000, 0.000000000000000000, 0.000000000000000000 ) ) ;
#6763 = CARTESIAN_POINT ( 'NONE',  ( 43.29999999999997584, 11.94974746830584600, 24.75000000000000000 ) ) ;
#6764 = CLOSED_SHELL ( 'NONE', ( #4034, #7464, #4521, #4777, #6424, #5092, #2589, #6770, #5430, #761, #4065, #5651, #1633, #546, #8391, #6797, #6479, #7217, #8374, #6728, #7558, #537, #1301, #3413, #1129, #3677, #4490, #7297, #3973, #1065, #367, #7241, #799, #1998, #6090, #7993, #4016, #8287, #6726, #8246, #3508, #5684, #2444, #5606, #4812, #4343, #7159, #5351, #2528, #5042, #4433, #267, #5812, #5656, #2945, #7109, #3988, #2637, #1943, #3936, #1992, #7811, #7403, #4693, #3388, #1433, #4258, #6804, #4152, #2133, #5706, #4917, #5104, #4379, #5368, #5607, #7290, #7388, #1569, #1535, #8469, #4274, #4262, #8146, #7990, #4177, #1921, #4341, #6508, #5425, #6306, #7339, #8634, #6361, #8045, #6721, #1211, #6261, #1292, #7536, #6128, #5260, #7194, #8377, #7933, #7547, #5780, #2037, #6108, #6057, #1774, #6750, #5343, #1210, #2739, #6647, #6243, #7114, #6841, #6662, #937, #4475, #5033, #8174, #2212, #7004, #4419, #5458, #3608, #3101, #1111, #2926, #3092, #862 ) ) ;
#6765 = CARTESIAN_POINT ( 'NONE',  ( 47.29999999999998295, 7.000000000000000000, -39.00000000000000711 ) ) ;
#6766 = CARTESIAN_POINT ( 'NONE',  ( -33.99999999999997158, -90.00000000000001421, -1.814787636406504524E-14 ) ) ;
#6767 = CARTESIAN_POINT ( 'NONE',  ( -61.99999999999997158, 0.000000000000000000, 46.99999999999998579 ) ) ;
#6768 = ORIENTED_EDGE ( 'NONE', *, *, #4331, .T. ) ;
#6769 =( LENGTH_UNIT ( ) NAMED_UNIT ( * ) SI_UNIT ( .MILLI., .METRE. ) );
#6770 = ADVANCED_FACE ( 'NONE', ( #7108 ), #1684, .F. ) ;
#6771 = ORIENTED_EDGE ( 'NONE', *, *, #6048, .F. ) ;
#6772 = CARTESIAN_POINT ( 'NONE',  ( 59.00000000000003553, -84.99999999999998579, -43.99999999999999289 ) ) ;
#6773 = ORIENTED_EDGE ( 'NONE', *, *, #973, .T. ) ;
#6774 = CARTESIAN_POINT ( 'NONE',  ( -8.122777644359711832E-15, -93.50000000000000000, 46.99999999999999289 ) ) ;
#6775 = DIRECTION ( 'NONE',  ( -1.000000000000000000, 0.000000000000000000, 0.000000000000000000 ) ) ;
#6776 = DIRECTION ( 'NONE',  ( 0.000000000000000000, 0.000000000000000000, 1.000000000000000000 ) ) ;
#6777 = CIRCLE ( 'NONE', #3547, 3.000000000000002665 ) ;
#6778 = DIRECTION ( 'NONE',  ( 0.5000000000000015543, -0.8660254037844377084, 0.000000000000000000 ) ) ;
#6779 = PLANE ( 'NONE',  #4136 ) ;
#6780 = ADVANCED_FACE ( 'NONE', ( #1019 ), #6443, .F. ) ;
#6781 = DIRECTION ( 'NONE',  ( -1.000000000000000000, -0.000000000000000000, -0.000000000000000000 ) ) ;
#6782 = ORIENTED_EDGE ( 'NONE', *, *, #5893, .F. ) ;
#6783 = CARTESIAN_POINT ( 'NONE',  ( -61.99999999999997158, -105.0000000000000142, 47.99999999999999289 ) ) ;
#6784 = ORIENTED_EDGE ( 'NONE', *, *, #1931, .F. ) ;
#6785 = ORIENTED_EDGE ( 'NONE', *, *, #6905, .T. ) ;
#6786 = CARTESIAN_POINT ( 'NONE',  ( -36.99999999999999289, -100.0000000000000000, 31.00000000000001776 ) ) ;
#6787 = LINE ( 'NONE', #3627, #8376 ) ;
#6788 = VERTEX_POINT ( 'NONE', #7198 ) ;
#6789 = DIRECTION ( 'NONE',  ( 0.000000000000000000, 0.000000000000000000, -1.000000000000000000 ) ) ;
#6790 = AXIS2_PLACEMENT_3D ( 'NONE', #3944, #6626, #1554 ) ;
#6791 = FACE_OUTER_BOUND ( 'NONE', #2281, .T. ) ;
#6792 = ORIENTED_EDGE ( 'NONE', *, *, #7432, .F. ) ;
#6793 = LINE ( 'NONE', #8685, #8329 ) ;
#6794 = EDGE_CURVE ( 'NONE', #2196, #8266, #1155, .T. ) ;
#6795 = LINE ( 'NONE', #1988, #3849 ) ;
#6796 = VECTOR ( 'NONE', #22, 1000.000000000000000 ) ;
#6797 = ADVANCED_FACE ( 'NONE', ( #7942 ), #2639, .F. ) ;
#6798 = CIRCLE ( 'NONE', #3277, 1.750000000000005107 ) ;
#6799 = ORIENTED_EDGE ( 'NONE', *, *, #7381, .T. ) ;
#6800 = CARTESIAN_POINT ( 'NONE',  ( -31.70000000000001350, -4.000000000000000000, 25.99999999999999645 ) ) ;
#6801 = AXIS2_PLACEMENT_3D ( 'NONE', #8479, #6582, #5745 ) ;
#6802 = VERTEX_POINT ( 'NONE', #6703 ) ;
#6803 = ORIENTED_EDGE ( 'NONE', *, *, #4865, .T. ) ;
#6804 = ADVANCED_FACE ( 'NONE', ( #1938 ), #4061, .F. ) ;
#6805 = EDGE_CURVE ( 'NONE', #1496, #1233, #1242, .T. ) ;
#6806 = EDGE_CURVE ( 'NONE', #3336, #6195, #3935, .T. ) ;
#6807 = AXIS2_PLACEMENT_3D ( 'NONE', #6738, #699, #2723 ) ;
#6808 = CIRCLE ( 'NONE', #4562, 0.9999999999999870104 ) ;
#6809 = ORIENTED_EDGE ( 'NONE', *, *, #4950, .T. ) ;
#6810 = LINE ( 'NONE', #6717, #8097 ) ;
#6811 = AXIS2_PLACEMENT_3D ( 'NONE', #7227, #1192, #2999 ) ;
#6812 = LINE ( 'NONE', #1475, #8333 ) ;
#6813 = AXIS2_PLACEMENT_3D ( 'NONE', #4348, #141, #2349 ) ;
#6814 = DIRECTION ( 'NONE',  ( 0.000000000000000000, 0.000000000000000000, -1.000000000000000000 ) ) ;
#6815 = CARTESIAN_POINT ( 'NONE',  ( -48.99999999999997158, -97.00000000000001421, 46.99999999999998579 ) ) ;
#6816 = DIRECTION ( 'NONE',  ( -0.000000000000000000, 0.000000000000000000, 1.000000000000000000 ) ) ;
#6817 = VERTEX_POINT ( 'NONE', #3265 ) ;
#6818 = VERTEX_POINT ( 'NONE', #577 ) ;
#6819 = CARTESIAN_POINT ( 'NONE',  ( 6.999999999999970690, -88.00000000000004263, 50.00000000000000711 ) ) ;
#6820 =( BOUNDED_CURVE ( )  B_SPLINE_CURVE ( 3, ( #5146, #7711, #6995, #4970 ),
 .UNSPECIFIED., .F., .T. ) 
 B_SPLINE_CURVE_WITH_KNOTS ( ( 4, 4 ),
 ( 3.926990816987239175, 7.068583470577032735 ),
 .UNSPECIFIED. ) 
 CURVE ( )  GEOMETRIC_REPRESENTATION_ITEM ( )  RATIONAL_B_SPLINE_CURVE ( ( 1.000000000000000000, 0.3333333333333332038, 0.3333333333333332038, 1.000000000000000000 ) ) 
 REPRESENTATION_ITEM ( '' )  );
#6821 = ORIENTED_EDGE ( 'NONE', *, *, #4161, .F. ) ;
#6822 = VECTOR ( 'NONE', #8403, 1000.000000000000227 ) ;
#6823 = CARTESIAN_POINT ( 'NONE',  ( 62.00000000000004263, -91.00000000000009948, 36.99999999999999289 ) ) ;
#6824 = DIRECTION ( 'NONE',  ( -0.000000000000000000, 1.000000000000000000, -0.000000000000000000 ) ) ;
#6825 = DIRECTION ( 'NONE',  ( -0.000000000000000000, -1.000000000000000000, -0.000000000000000000 ) ) ;
#6826 = AXIS2_PLACEMENT_3D ( 'NONE', #2997, #1761, #7187 ) ;
#6827 = LINE ( 'NONE', #3475, #7800 ) ;
#6828 = EDGE_CURVE ( 'NONE', #3090, #2554, #708, .T. ) ;
#6829 = CARTESIAN_POINT ( 'NONE',  ( -52.00000000000004263, -98.00000000000000000, -42.75735931288070191 ) ) ;
#6830 = DIRECTION ( 'NONE',  ( 0.000000000000000000, 0.000000000000000000, -1.000000000000000000 ) ) ;
#6831 = VECTOR ( 'NONE', #5143, 1000.000000000000000 ) ;
#6832 = EDGE_LOOP ( 'NONE', ( #4489, #1063, #1072, #2487 ) ) ;
#6833 = DIRECTION ( 'NONE',  ( 0.000000000000000000, -1.000000000000000000, 0.000000000000000000 ) ) ;
#6834 = ORIENTED_EDGE ( 'NONE', *, *, #1662, .F. ) ;
#6835 = EDGE_LOOP ( 'NONE', ( #1894, #4298, #663, #5903, #2393, #899, #616, #369 ) ) ;
#6836 = DIRECTION ( 'NONE',  ( 0.000000000000000000, 0.000000000000000000, -1.000000000000000000 ) ) ;
#6837 = DIRECTION ( 'NONE',  ( 1.678764654171103998E-16, -0.000000000000000000, -1.000000000000000000 ) ) ;
#6838 = CARTESIAN_POINT ( 'NONE',  ( 62.00000000000002842, 7.000000000000000000, -46.99999999999999289 ) ) ;
#6839 = EDGE_LOOP ( 'NONE', ( #5756, #2784, #8249, #3921 ) ) ;
#6840 = CARTESIAN_POINT ( 'NONE',  ( -58.99999999999994316, -84.99999999999998579, -45.25000000000012790 ) ) ;
#6841 = ADVANCED_FACE ( 'NONE', ( #536 ), #3398, .T. ) ;
#6842 = CIRCLE ( 'NONE', #3038, 3.000000000000002665 ) ;
#6843 = CARTESIAN_POINT ( 'NONE',  ( -8.999999999999959144, 6.999999999999994671, 50.00000000000000711 ) ) ;
#6844 = ORIENTED_EDGE ( 'NONE', *, *, #8569, .T. ) ;
#6845 = DIRECTION ( 'NONE',  ( -1.000000000000000000, -0.000000000000000000, -0.000000000000000000 ) ) ;
#6846 = DIRECTION ( 'NONE',  ( 0.000000000000000000, -1.000000000000000000, 0.000000000000000000 ) ) ;
#6847 = EDGE_CURVE ( 'NONE', #702, #7242, #7248, .T. ) ;
#6848 = VERTEX_POINT ( 'NONE', #5294 ) ;
#6849 = DIRECTION ( 'NONE',  ( 0.000000000000000000, 1.000000000000000000, 0.000000000000000000 ) ) ;
#6850 = ORIENTED_EDGE ( 'NONE', *, *, #7119, .T. ) ;
#6851 = ORIENTED_EDGE ( 'NONE', *, *, #5055, .T. ) ;
#6852 = FACE_OUTER_BOUND ( 'NONE', #6218, .T. ) ;
#6853 = EDGE_LOOP ( 'NONE', ( #6139, #1990, #7891, #6305 ) ) ;
#6854 = DIRECTION ( 'NONE',  ( 0.000000000000000000, 0.000000000000000000, 1.000000000000000000 ) ) ;
#6855 = EDGE_CURVE ( 'NONE', #7504, #7182, #3222, .T. ) ;
#6856 = CYLINDRICAL_SURFACE ( 'NONE', #1649, 3.000000000000002665 ) ;
#6857 = CARTESIAN_POINT ( 'NONE',  ( -52.00000000000000711, -100.0000000000000000, 32.00000000000001421 ) ) ;
#6858 = CARTESIAN_POINT ( 'NONE',  ( -61.99999999999997158, -60.00000000000000000, -24.19999999999999929 ) ) ;
#6859 = ORIENTED_EDGE ( 'NONE', *, *, #8322, .T. ) ;
#6860 = ORIENTED_EDGE ( 'NONE', *, *, #5326, .T. ) ;
#6861 = EDGE_LOOP ( 'NONE', ( #8395, #7899, #5609, #7573 ) ) ;
#6862 = DIRECTION ( 'NONE',  ( -0.000000000000000000, 1.000000000000000000, -0.000000000000000000 ) ) ;
#6863 = ORIENTED_EDGE ( 'NONE', *, *, #2588, .F. ) ;
#6864 = AXIS2_PLACEMENT_3D ( 'NONE', #579, #8597, #4436 ) ;
#6865 = CARTESIAN_POINT ( 'NONE',  ( -39.69999999999999574, 0.000000000000000000, -47.00000000000000000 ) ) ;
#6866 = FACE_OUTER_BOUND ( 'NONE', #8571, .T. ) ;
#6867 = DIRECTION ( 'NONE',  ( 1.000000000000000000, 0.000000000000000000, -2.312964634635740985E-16 ) ) ;
#6868 = DIRECTION ( 'NONE',  ( 0.000000000000000000, 0.000000000000000000, 1.000000000000000000 ) ) ;
#6869 = EDGE_CURVE ( 'NONE', #8568, #8394, #3894, .T. ) ;
#6870 = CARTESIAN_POINT ( 'NONE',  ( -58.99999999999994316, -89.05545635173707808, -42.75000000000012790 ) ) ;
#6871 = CARTESIAN_POINT ( 'NONE',  ( 49.00000000000000711, -83.50000000000000000, 39.75000000000002132 ) ) ;
#6872 = ORIENTED_EDGE ( 'NONE', *, *, #3258, .F. ) ;
#6873 = CARTESIAN_POINT ( 'NONE',  ( -55.99999999999996447, 0.000000000000000000, -31.19999999999999574 ) ) ;
#6874 =( BOUNDED_CURVE ( )  B_SPLINE_CURVE ( 3, ( #489, #8466, #5163, #5777 ),
 .UNSPECIFIED., .F., .T. ) 
 B_SPLINE_CURVE_WITH_KNOTS ( ( 4, 4 ),
 ( 2.356194490192346169, 3.926990816987240063 ),
 .UNSPECIFIED. ) 
 CURVE ( )  GEOMETRIC_REPRESENTATION_ITEM ( )  RATIONAL_B_SPLINE_CURVE ( ( 1.000000000000000000, 0.8047378541243654926, 0.8047378541243654926, 1.000000000000000000 ) ) 
 REPRESENTATION_ITEM ( '' )  );
#6875 = ORIENTED_EDGE ( 'NONE', *, *, #7334, .T. ) ;
#6876 = ORIENTED_EDGE ( 'NONE', *, *, #135, .T. ) ;
#6877 = CIRCLE ( 'NONE', #1520, 1.750000000000001554 ) ;
#6878 = DIRECTION ( 'NONE',  ( 1.000000000000000000, 0.000000000000000000, 0.000000000000000000 ) ) ;
#6879 = LINE ( 'NONE', #4239, #831 ) ;
#6880 = FACE_OUTER_BOUND ( 'NONE', #2095, .T. ) ;
#6881 = VERTEX_POINT ( 'NONE', #7328 ) ;
#6882 = AXIS2_PLACEMENT_3D ( 'NONE', #539, #7073, #3227 ) ;
#6883 = VECTOR ( 'NONE', #4723, 1000.000000000000000 ) ;
#6884 = DIRECTION ( 'NONE',  ( 0.000000000000000000, 1.000000000000000000, -0.000000000000000000 ) ) ;
#6885 = EDGE_LOOP ( 'NONE', ( #1631, #795, #6138, #5304 ) ) ;
#6886 = LINE ( 'NONE', #1637, #8180 ) ;
#6887 = VECTOR ( 'NONE', #1663, 1000.000000000000000 ) ;
#6888 = EDGE_CURVE ( 'NONE', #1914, #6613, #350, .T. ) ;
#6889 = CARTESIAN_POINT ( 'NONE',  ( -61.99999999999997158, -100.0000000000000000, 49.00000000000002842 ) ) ;
#6890 = LINE ( 'NONE', #7601, #596 ) ;
#6891 = VECTOR ( 'NONE', #6936, 1000.000000000000114 ) ;
#6892 = EDGE_CURVE ( 'NONE', #4722, #6387, #2731, .T. ) ;
#6893 = EDGE_LOOP ( 'NONE', ( #3817, #3213, #7415, #1482 ) ) ;
#6894 = FACE_OUTER_BOUND ( 'NONE', #2055, .T. ) ;
#6895 = EDGE_CURVE ( 'NONE', #83, #3105, #6542, .T. ) ;
#6896 = ORIENTED_EDGE ( 'NONE', *, *, #5923, .T. ) ;
#6897 = ORIENTED_EDGE ( 'NONE', *, *, #4491, .T. ) ;
#6898 = DIRECTION ( 'NONE',  ( 0.000000000000000000, -0.000000000000000000, 1.000000000000000000 ) ) ;
#6899 = ORIENTED_EDGE ( 'NONE', *, *, #6488, .F. ) ;
#6900 = LINE ( 'NONE', #1474, #7551 ) ;
#6901 = VECTOR ( 'NONE', #6484, 1000.000000000000000 ) ;
#6902 = CARTESIAN_POINT ( 'NONE',  ( 63.00000000000001421, -105.0000000000000142, 47.00000000000000711 ) ) ;
#6903 = DIRECTION ( 'NONE',  ( 0.000000000000000000, 1.000000000000000000, 0.000000000000000000 ) ) ;
#6904 = CARTESIAN_POINT ( 'NONE',  ( 27.49999999999999645, 7.000000000000000000, 35.00000000000000711 ) ) ;
#6905 = EDGE_CURVE ( 'NONE', #6412, #5332, #1982, .T. ) ;
#6906 = EDGE_LOOP ( 'NONE', ( #6419, #2737 ) ) ;
#6907 = VERTEX_POINT ( 'NONE', #1328 ) ;
#6908 = VERTEX_POINT ( 'NONE', #3975 ) ;
#6909 = EDGE_CURVE ( 'NONE', #4848, #4349, #6657, .T. ) ;
#6910 = DIRECTION ( 'NONE',  ( -0.000000000000000000, 1.000000000000000000, -0.000000000000000000 ) ) ;
#6911 = EDGE_LOOP ( 'NONE', ( #326, #2726, #3779, #3127 ) ) ;
#6912 = DIRECTION ( 'NONE',  ( -0.000000000000000000, 1.000000000000000000, -0.000000000000000000 ) ) ;
#6913 = CARTESIAN_POINT ( 'NONE',  ( 59.00000000000003553, -87.28768939877070920, -45.24999999999999289 ) ) ;
#6914 = CARTESIAN_POINT ( 'NONE',  ( 27.49999999999999645, 7.000000000000000000, 31.50000000000000711 ) ) ;
#6915 = DIRECTION ( 'NONE',  ( 0.000000000000000000, -1.000000000000000000, 0.000000000000000000 ) ) ;
#6916 = CARTESIAN_POINT ( 'NONE',  ( -61.49999999999994316, -85.51992244580432612, -45.25000000000012790 ) ) ;
#6917 = DIRECTION ( 'NONE',  ( 0.5000000000000069944, -0.8660254037844344888, 0.000000000000000000 ) ) ;
#6918 = ORIENTED_EDGE ( 'NONE', *, *, #1094, .F. ) ;
#6919 = CARTESIAN_POINT ( 'NONE',  ( 43.29999999999997584, 5.000000000000000000, 22.99999999999999645 ) ) ;
#6920 = ORIENTED_EDGE ( 'NONE', *, *, #7427, .F. ) ;
#6921 = ORIENTED_EDGE ( 'NONE', *, *, #7726, .T. ) ;
#6922 = EDGE_CURVE ( 'NONE', #5256, #8467, #2024, .T. ) ;
#6923 = LINE ( 'NONE', #1450, #2158 ) ;
#6924 = LINE ( 'NONE', #4890, #4072 ) ;
#6925 = CARTESIAN_POINT ( 'NONE',  ( 49.00000000000000000, -90.50000000000001421, -20.74999999999997868 ) ) ;
#6926 = ORIENTED_EDGE ( 'NONE', *, *, #1047, .T. ) ;
#6927 = FACE_OUTER_BOUND ( 'NONE', #8521, .T. ) ;
#6928 = LINE ( 'NONE', #3585, #5193 ) ;
#6929 = CIRCLE ( 'NONE', #585, 1.750000000000005107 ) ;
#6930 = ORIENTED_EDGE ( 'NONE', *, *, #5444, .F. ) ;
#6931 = CARTESIAN_POINT ( 'NONE',  ( 36.49999999999998579, 7.000000000000000000, 14.49999999999998046 ) ) ;
#6932 = FACE_OUTER_BOUND ( 'NONE', #188, .T. ) ;
#6933 = DIRECTION ( 'NONE',  ( -0.7071067811865472397, 0.000000000000000000, -0.7071067811865479058 ) ) ;
#6934 = EDGE_CURVE ( 'NONE', #73, #6289, #6404, .T. ) ;
#6935 = VERTEX_POINT ( 'NONE', #5249 ) ;
#6936 = DIRECTION ( 'NONE',  ( 0.000000000000000000, 0.8660254037844344888, 0.5000000000000069944 ) ) ;
#6937 = ORIENTED_EDGE ( 'NONE', *, *, #1244, .T. ) ;
#6938 = ORIENTED_EDGE ( 'NONE', *, *, #7652, .F. ) ;
#6939 = AXIS2_PLACEMENT_3D ( 'NONE', #760, #7380, #6709 ) ;
#6940 = CARTESIAN_POINT ( 'NONE',  ( 37.49999999999998579, 6.000000000000000000, 14.49999999999998046 ) ) ;
#6941 = VERTEX_POINT ( 'NONE', #6127 ) ;
#6942 = VECTOR ( 'NONE', #3079, 1000.000000000000000 ) ;
#6943 = DIRECTION ( 'NONE',  ( -8.673617379884040402E-17, -1.000000000000000000, 0.000000000000000000 ) ) ;
#6944 = VECTOR ( 'NONE', #8270, 1000.000000000000114 ) ;
#6945 = LINE ( 'NONE', #908, #1933 ) ;
#6946 = CARTESIAN_POINT ( 'NONE',  ( -42.00000000000000711, -8.000000000000000000, 30.00000000000002132 ) ) ;
#6947 = DIRECTION ( 'NONE',  ( 0.000000000000000000, 1.000000000000000000, 0.000000000000000000 ) ) ;
#6948 = AXIS2_PLACEMENT_3D ( 'NONE', #3389, #7321, #570 ) ;
#6949 = VERTEX_POINT ( 'NONE', #1500 ) ;
#6950 = ORIENTED_EDGE ( 'NONE', *, *, #2389, .T. ) ;
#6951 = VECTOR ( 'NONE', #4849, 1000.000000000000000 ) ;
#6952 = CYLINDRICAL_SURFACE ( 'NONE', #5695, 1.250000000000001110 ) ;
#6953 = CIRCLE ( 'NONE', #1884, 1.250000000000001110 ) ;
#6954 = EDGE_LOOP ( 'NONE', ( #2913, #6937, #6577, #7696 ) ) ;
#6955 = PLANE ( 'NONE',  #2563 ) ;
#6956 = DIRECTION ( 'NONE',  ( -0.000000000000000000, -1.000000000000000000, -0.000000000000000000 ) ) ;
#6957 = LINE ( 'NONE', #4928, #4428 ) ;
#6958 = LINE ( 'NONE', #1489, #6663 ) ;
#6959 = DIRECTION ( 'NONE',  ( 0.000000000000000000, -1.000000000000000000, 0.000000000000000000 ) ) ;
#6960 = DIRECTION ( 'NONE',  ( 0.000000000000000000, 1.000000000000000000, 0.000000000000000000 ) ) ;
#6961 = VECTOR ( 'NONE', #2942, 1000.000000000000000 ) ;
#6962 = ORIENTED_EDGE ( 'NONE', *, *, #5083, .T. ) ;
#6963 = CARTESIAN_POINT ( 'NONE',  ( 33.74999999999999289, 0.000000000000000000, 41.25000000000001421 ) ) ;
#6964 = ORIENTED_EDGE ( 'NONE', *, *, #7831, .T. ) ;
#6965 = ORIENTED_EDGE ( 'NONE', *, *, #2566, .T. ) ;
#6966 = FACE_OUTER_BOUND ( 'NONE', #3425, .T. ) ;
#6967 = AXIS2_PLACEMENT_3D ( 'NONE', #8595, #6079, #35 ) ;
#6968 = CARTESIAN_POINT ( 'NONE',  ( 62.00000000000002842, 7.000000000000000000, -46.99999999999999289 ) ) ;
#6969 = FACE_OUTER_BOUND ( 'NONE', #1965, .T. ) ;
#6970 = ORIENTED_EDGE ( 'NONE', *, *, #7334, .F. ) ;
#6971 = AXIS2_PLACEMENT_3D ( 'NONE', #8619, #4582, #2713 ) ;
#6972 = EDGE_CURVE ( 'NONE', #7907, #3068, #1453, .T. ) ;
#6973 = AXIS2_PLACEMENT_3D ( 'NONE', #5200, #8623, #1926 ) ;
#6974 = CARTESIAN_POINT ( 'NONE',  ( 62.00000000000002842, -100.0000000000000000, -49.99999999999999289 ) ) ;
#6975 = VERTEX_POINT ( 'NONE', #1411 ) ;
#6976 = CARTESIAN_POINT ( 'NONE',  ( 47.29999999999999005, -4.000000000000000000, -47.00000000000000000 ) ) ;
#6977 = CYLINDRICAL_SURFACE ( 'NONE', #414, 1.750000000000001554 ) ;
#6978 = DIRECTION ( 'NONE',  ( -8.673617379884040402E-17, -1.000000000000000000, 0.000000000000000000 ) ) ;
#6979 = AXIS2_PLACEMENT_3D ( 'NONE', #1960, #4656, #7342 ) ;
#6980 = ORIENTED_EDGE ( 'NONE', *, *, #2865, .F. ) ;
#6981 = CARTESIAN_POINT ( 'NONE',  ( 0.000000000000000000, -90.00000000000001421, 0.000000000000000000 ) ) ;
#6982 = ORIENTED_EDGE ( 'NONE', *, *, #2847, .F. ) ;
#6983 = ORIENTED_EDGE ( 'NONE', *, *, #1421, .F. ) ;
#6984 = EDGE_CURVE ( 'NONE', #5045, #1547, #4194, .T. ) ;
#6985 = CARTESIAN_POINT ( 'NONE',  ( -72.33333333333297333, -64.66666666666691299, 15.66666666666646712 ) ) ;
#6986 = ORIENTED_EDGE ( 'NONE', *, *, #3137, .T. ) ;
#6987 = FACE_OUTER_BOUND ( 'NONE', #5349, .T. ) ;
#6988 = FACE_OUTER_BOUND ( 'NONE', #8371, .T. ) ;
#6989 = CARTESIAN_POINT ( 'NONE',  ( 0.000000000000000000, -90.00000000000001421, 38.00000000000000711 ) ) ;
#6990 = EDGE_LOOP ( 'NONE', ( #4897, #1643, #3252, #1668 ) ) ;
#6991 = EDGE_CURVE ( 'NONE', #3987, #5796, #7681, .T. ) ;
#6992 = CARTESIAN_POINT ( 'NONE',  ( 19.00000000000000000, -90.50000000000001421, -20.74999999999997513 ) ) ;
#6993 = ORIENTED_EDGE ( 'NONE', *, *, #7655, .T. ) ;
#6994 = DIRECTION ( 'NONE',  ( 0.000000000000000000, 0.000000000000000000, 1.000000000000000000 ) ) ;
#6995 = CARTESIAN_POINT ( 'NONE',  ( -56.49999999999997868, -90.82322330470340432, 42.75000000000009948 ) ) ;
#6996 = LINE ( 'NONE', #2902, #8508 ) ;
#6997 = PLANE ( 'NONE',  #8346 ) ;
#6998 = AXIS2_PLACEMENT_3D ( 'NONE', #8465, #1718, #2422 ) ;
#6999 = EDGE_CURVE ( 'NONE', #730, #8583, #8192, .T. ) ;
#7000 = DIRECTION ( 'NONE',  ( 0.000000000000000000, 0.000000000000000000, -1.000000000000000000 ) ) ;
#7001 = EDGE_CURVE ( 'NONE', #712, #6544, #1546, .T. ) ;
#7002 = CARTESIAN_POINT ( 'NONE',  ( 49.00000000000000711, -83.50000000000000000, 45.00000000000004263 ) ) ;
#7003 = DIRECTION ( 'NONE',  ( 0.000000000000000000, 0.000000000000000000, -1.000000000000000000 ) ) ;
#7004 = ADVANCED_FACE ( 'NONE', ( #6880 ), #5000, .T. ) ;
#7005 = VERTEX_POINT ( 'NONE', #934 ) ;
#7006 = VERTEX_POINT ( 'NONE', #3578 ) ;
#7007 = CIRCLE ( 'NONE', #6152, 1.750000000000001554 ) ;
#7008 = LINE ( 'NONE', #77, #1735 ) ;
#7009 = LINE ( 'NONE', #5551, #974 ) ;
#7010 = DIRECTION ( 'NONE',  ( 1.000000000000000000, 0.000000000000000000, 0.000000000000000000 ) ) ;
#7011 = EDGE_LOOP ( 'NONE', ( #4210, #7271, #5423, #812 ) ) ;
#7012 = FACE_BOUND ( 'NONE', #5787, .T. ) ;
#7013 = ADVANCED_FACE ( 'NONE', ( #6969 ), #5505, .F. ) ;
#7014 = DIRECTION ( 'NONE',  ( 0.000000000000000000, -1.000000000000000000, 0.000000000000000000 ) ) ;
#7015 = CARTESIAN_POINT ( 'NONE',  ( 27.49999999999999645, 5.999999999999985789, 38.50000000000001421 ) ) ;
#7016 = ORIENTED_EDGE ( 'NONE', *, *, #3409, .F. ) ;
#7017 = CARTESIAN_POINT ( 'NONE',  ( -57.99999999999997158, -60.00000000000000000, 1.200000000000002176 ) ) ;
#7018 = EDGE_CURVE ( 'NONE', #2699, #6050, #6787, .T. ) ;
#7019 = EDGE_CURVE ( 'NONE', #7201, #2523, #2879, .T. ) ;
#7020 = CARTESIAN_POINT ( 'NONE',  ( -16.50000000000001421, 0.000000000000000000, 35.00000000000002842 ) ) ;
#7021 = CARTESIAN_POINT ( 'NONE',  ( 5.000000000000011546, -4.336808689942055207E-16, 48.00000000000000711 ) ) ;
#7022 = VECTOR ( 'NONE', #4530, 1000.000000000000000 ) ;
#7023 = VECTOR ( 'NONE', #1504, 1000.000000000000000 ) ;
#7024 = ORIENTED_EDGE ( 'NONE', *, *, #288, .T. ) ;
#7025 = CARTESIAN_POINT ( 'NONE',  ( 65.00000000000002842, -100.0000000000000000, -49.99999999999999289 ) ) ;
#7026 = VERTEX_POINT ( 'NONE', #3535 ) ;
#7027 = ORIENTED_EDGE ( 'NONE', *, *, #3659, .F. ) ;
#7028 = AXIS2_PLACEMENT_3D ( 'NONE', #5417, #3350, #6037 ) ;
#7029 = VECTOR ( 'NONE', #289, 1000.000000000000114 ) ;
#7030 = CARTESIAN_POINT ( 'NONE',  ( -49.49999999999995737, -91.00000000000009948, -49.50000000000010658 ) ) ;
#7031 = EDGE_CURVE ( 'NONE', #2435, #270, #747, .T. ) ;
#7032 = VERTEX_POINT ( 'NONE', #3486 ) ;
#7033 = CARTESIAN_POINT ( 'NONE',  ( 31.30000000000000782, -105.0000000000000142, 37.00000000000003553 ) ) ;
#7034 = EDGE_CURVE ( 'NONE', #6017, #4265, #3444, .T. ) ;
#7035 = LINE ( 'NONE', #991, #1249 ) ;
#7036 = DIRECTION ( 'NONE',  ( 0.000000000000000000, 1.000000000000000000, -0.000000000000000000 ) ) ;
#7037 = LINE ( 'NONE', #5013, #1600 ) ;
#7038 = ORIENTED_EDGE ( 'NONE', *, *, #3238, .T. ) ;
#7039 = AXIS2_PLACEMENT_3D ( 'NONE', #161, #2816, #881 ) ;
#7040 = DIRECTION ( 'NONE',  ( -0.000000000000000000, -1.000000000000000000, -0.000000000000000000 ) ) ;
#7041 = ORIENTED_EDGE ( 'NONE', *, *, #7001, .T. ) ;
#7042 = FACE_OUTER_BOUND ( 'NONE', #8198, .T. ) ;
#7043 = PLANE ( 'NONE',  #2743 ) ;
#7044 = DIRECTION ( 'NONE',  ( -0.000000000000000000, -1.000000000000000000, -0.000000000000000000 ) ) ;
#7045 = DIRECTION ( 'NONE',  ( 0.000000000000000000, 0.000000000000000000, -1.000000000000000000 ) ) ;
#7046 = PLANE ( 'NONE',  #5437 ) ;
#7047 = EDGE_CURVE ( 'NONE', #2761, #2544, #769, .T. ) ;
#7048 = PLANE ( 'NONE',  #4126 ) ;
#7049 = LINE ( 'NONE', #1004, #817 ) ;
#7050 = VERTEX_POINT ( 'NONE', #6168 ) ;
#7051 = ORIENTED_EDGE ( 'NONE', *, *, #499, .T. ) ;
#7052 = CARTESIAN_POINT ( 'NONE',  ( -48.99999999999997158, -90.00000000000001421, 48.00000000000000711 ) ) ;
#7053 = DIRECTION ( 'NONE',  ( 0.000000000000000000, -1.000000000000000000, 0.000000000000000000 ) ) ;
#7054 = DIRECTION ( 'NONE',  ( 8.673617379884040402E-17, 1.000000000000000000, 0.000000000000000000 ) ) ;
#7055 = ORIENTED_EDGE ( 'NONE', *, *, #3042, .T. ) ;
#7056 = CARTESIAN_POINT ( 'NONE',  ( -35.70000000000000995, 0.000000000000000000, 22.99999999999999645 ) ) ;
#7057 = EDGE_CURVE ( 'NONE', #2804, #4556, #3839, .T. ) ;
#7058 = DIRECTION ( 'NONE',  ( 0.000000000000000000, 0.000000000000000000, 1.000000000000000000 ) ) ;
#7059 = DIRECTION ( 'NONE',  ( -0.000000000000000000, -1.000000000000000000, -0.000000000000000000 ) ) ;
#7060 = VERTEX_POINT ( 'NONE', #2954 ) ;
#7061 = LINE ( 'NONE', #4417, #6901 ) ;
#7062 = SURFACE_STYLE_FILL_AREA ( #4380 ) ;
#7063 = DIRECTION ( 'NONE',  ( 0.000000000000000000, 0.000000000000000000, -1.000000000000000000 ) ) ;
#7064 = AXIS2_PLACEMENT_3D ( 'NONE', #7691, #4809, #4157 ) ;
#7065 = EDGE_CURVE ( 'NONE', #3060, #1391, #7389, .T. ) ;
#7066 = ORIENTED_EDGE ( 'NONE', *, *, #4947, .F. ) ;
#7067 = CARTESIAN_POINT ( 'NONE',  ( 59.00000000000002132, -100.0000000000000000, -43.99999999999999289 ) ) ;
#7068 = VERTEX_POINT ( 'NONE', #2867 ) ;
#7069 = ORIENTED_EDGE ( 'NONE', *, *, #2307, .T. ) ;
#7070 = CARTESIAN_POINT ( 'NONE',  ( -36.50000000000001421, 7.000000000000000000, 15.49999999999998224 ) ) ;
#7071 = VERTEX_POINT ( 'NONE', #8284 ) ;
#7072 = EDGE_CURVE ( 'NONE', #7071, #3192, #5270, .T. ) ;
#7073 = DIRECTION ( 'NONE',  ( -0.000000000000000000, 1.000000000000000000, -0.000000000000000000 ) ) ;
#7074 = EDGE_CURVE ( 'NONE', #1116, #8501, #1589, .T. ) ;
#7075 = DIRECTION ( 'NONE',  ( -0.000000000000000000, 0.000000000000000000, -1.000000000000000000 ) ) ;
#7076 = VECTOR ( 'NONE', #230, 1000.000000000000000 ) ;
#7077 = EDGE_LOOP ( 'NONE', ( #3607, #2807, #392, #2923 ) ) ;
#7078 = DIRECTION ( 'NONE',  ( 1.678764654171103998E-16, -0.000000000000000000, -1.000000000000000000 ) ) ;
#7079 = ORIENTED_EDGE ( 'NONE', *, *, #7916, .F. ) ;
#7080 = LINE ( 'NONE', #6500, #8068 ) ;
#7081 = PLANE ( 'NONE',  #7541 ) ;
#7082 = CARTESIAN_POINT ( 'NONE',  ( 47.29999999999998295, 0.000000000000000000, -39.00000000000000711 ) ) ;
#7083 = VECTOR ( 'NONE', #7128, 1000.000000000000000 ) ;
#7084 = DIRECTION ( 'NONE',  ( -1.000000000000000000, 0.000000000000000000, 0.000000000000000000 ) ) ;
#7085 = AXIS2_PLACEMENT_3D ( 'NONE', #194, #1613, #5662 ) ;
#7086 = CARTESIAN_POINT ( 'NONE',  ( 62.00000000000002842, -98.00000000000000000, -36.99999999999999289 ) ) ;
#7087 = CARTESIAN_POINT ( 'NONE',  ( -39.99999999999997158, -105.0000000000000142, 46.00000000000001421 ) ) ;
#7088 =( GEOMETRIC_REPRESENTATION_CONTEXT ( 3 ) GLOBAL_UNCERTAINTY_ASSIGNED_CONTEXT ( ( #3348 ) ) GLOBAL_UNIT_ASSIGNED_CONTEXT ( ( #4941, #4804, #169 ) ) REPRESENTATION_CONTEXT ( 'NONE', 'WORKASPACE' ) );
#7089 = CARTESIAN_POINT ( 'NONE',  ( 5.000000000000004441, -97.00000000000001421, 47.00000000000000000 ) ) ;
#7090 = VECTOR ( 'NONE', #931, 1000.000000000000000 ) ;
#7091 = ORIENTED_EDGE ( 'NONE', *, *, #2650, .F. ) ;
#7092 = EDGE_LOOP ( 'NONE', ( #5373, #6771, #3357, #5098 ) ) ;
#7093 = FACE_OUTER_BOUND ( 'NONE', #2688, .T. ) ;
#7094 = ORIENTED_EDGE ( 'NONE', *, *, #1183, .T. ) ;
#7095 = EDGE_CURVE ( 'NONE', #940, #2424, #4496, .T. ) ;
#7096 = CARTESIAN_POINT ( 'NONE',  ( -39.99999999999997158, -103.0000000000000142, 46.00000000000001421 ) ) ;
#7097 = PLANE ( 'NONE',  #4852 ) ;
#7098 = ORIENTED_EDGE ( 'NONE', *, *, #5707, .F. ) ;
#7099 = LINE ( 'NONE', #5774, #474 ) ;
#7100 = VECTOR ( 'NONE', #7671, 1000.000000000000114 ) ;
#7101 = VECTOR ( 'NONE', #3341, 1000.000000000000000 ) ;
#7102 = CARTESIAN_POINT ( 'NONE',  ( 27.49999999999999645, 4.000000000000000000, 38.50000000000001421 ) ) ;
#7103 = DIRECTION ( 'NONE',  ( 1.000000000000000000, 0.000000000000000000, 0.000000000000000000 ) ) ;
#7104 = ORIENTED_EDGE ( 'NONE', *, *, #6080, .T. ) ;
#7105 = CARTESIAN_POINT ( 'NONE',  ( -61.99999999999997158, -105.0000000000000142, -46.99999999999999289 ) ) ;
#7106 = VECTOR ( 'NONE', #7370, 1000.000000000000000 ) ;
#7107 = LINE ( 'NONE', #3099, #7740 ) ;
#7108 = FACE_OUTER_BOUND ( 'NONE', #7950, .T. ) ;
#7109 = ADVANCED_FACE ( 'NONE', ( #7808 ), #2418, .F. ) ;
#7110 = AXIS2_PLACEMENT_3D ( 'NONE', #790, #878, #4320 ) ;
#7111 = VECTOR ( 'NONE', #1190, 999.9999999999998863 ) ;
#7112 = VERTEX_POINT ( 'NONE', #3667 ) ;
#7113 = CARTESIAN_POINT ( 'NONE',  ( -21.79999999999999716, -90.00000000000001421, 41.50000000000000711 ) ) ;
#7114 = ADVANCED_FACE ( 'NONE', ( #5074 ), #1803, .F. ) ;
#7115 = ORIENTED_EDGE ( 'NONE', *, *, #2525, .F. ) ;
#7116 = AXIS2_PLACEMENT_3D ( 'NONE', #2658, #5352, #8039 ) ;
#7117 = ORIENTED_EDGE ( 'NONE', *, *, #7492, .F. ) ;
#7118 = DIRECTION ( 'NONE',  ( 0.000000000000000000, -1.000000000000000000, 0.000000000000000000 ) ) ;
#7119 = EDGE_CURVE ( 'NONE', #7475, #2456, #7766, .T. ) ;
#7120 = ORIENTED_EDGE ( 'NONE', *, *, #6156, .T. ) ;
#7121 = VECTOR ( 'NONE', #6943, 1000.000000000000000 ) ;
#7122 = LINE ( 'NONE', #7985, #3489 ) ;
#7123 = CARTESIAN_POINT ( 'NONE',  ( -50.99999999999995026, -88.00000000000004263, 50.00000000000000711 ) ) ;
#7124 = VERTEX_POINT ( 'NONE', #969 ) ;
#7125 = ADVANCED_FACE ( 'NONE', ( #5772 ), #1143, .F. ) ;
#7126 = DIRECTION ( 'NONE',  ( -1.000000000000000000, 0.000000000000000000, -0.000000000000000000 ) ) ;
#7127 = ORIENTED_EDGE ( 'NONE', *, *, #7692, .F. ) ;
#7128 = DIRECTION ( 'NONE',  ( -0.000000000000000000, -1.000000000000000000, -0.000000000000000000 ) ) ;
#7129 = PLANE ( 'NONE',  #5006 ) ;
#7130 = DIRECTION ( 'NONE',  ( 1.678764654171103998E-16, -0.000000000000000000, -1.000000000000000000 ) ) ;
#7131 = CARTESIAN_POINT ( 'NONE',  ( 65.00000000000002842, -101.5358983848622927, 47.00000000000000711 ) ) ;
#7132 = LINE ( 'NONE', #5150, #7284 ) ;
#7133 = DIRECTION ( 'NONE',  ( 0.000000000000000000, -1.000000000000000000, 0.000000000000000000 ) ) ;
#7134 = DIRECTION ( 'NONE',  ( -0.000000000000000000, 1.000000000000000000, -0.000000000000000000 ) ) ;
#7135 = EDGE_LOOP ( 'NONE', ( #2021, #997 ) ) ;
#7136 = VERTEX_POINT ( 'NONE', #5029 ) ;
#7137 = DIRECTION ( 'NONE',  ( 0.000000000000000000, 1.000000000000000000, 0.000000000000000000 ) ) ;
#7138 = VERTEX_POINT ( 'NONE', #1715 ) ;
#7139 = PLANE ( 'NONE',  #268 ) ;
#7140 = CARTESIAN_POINT ( 'NONE',  ( 40.00000000000000711, -44.99999999999999289, 50.00000000000000711 ) ) ;
#7141 = EDGE_CURVE ( 'NONE', #216, #2435, #3176, .T. ) ;
#7142 = ORIENTED_EDGE ( 'NONE', *, *, #5520, .F. ) ;
#7143 = LINE ( 'NONE', #1763, #3992 ) ;
#7144 = CARTESIAN_POINT ( 'NONE',  ( -64.99999999999997158, 3.535898384862257160, 50.00000000000000711 ) ) ;
#7145 = FACE_OUTER_BOUND ( 'NONE', #1405, .T. ) ;
#7146 = VECTOR ( 'NONE', #1101, 1000.000000000000000 ) ;
#7147 = ORIENTED_EDGE ( 'NONE', *, *, #6505, .F. ) ;
#7148 = CARTESIAN_POINT ( 'NONE',  ( -48.99999999999997158, -1.737959181815040933E-30, 48.00000000000000711 ) ) ;
#7149 = DIRECTION ( 'NONE',  ( 0.000000000000000000, 0.000000000000000000, -1.000000000000000000 ) ) ;
#7150 = DIRECTION ( 'NONE',  ( 1.000000000000000000, -0.000000000000000000, 0.000000000000000000 ) ) ;
#7151 = ORIENTED_EDGE ( 'NONE', *, *, #6141, .F. ) ;
#7152 = EDGE_CURVE ( 'NONE', #6002, #3557, #910, .T. ) ;
#7153 = CARTESIAN_POINT ( 'NONE',  ( -6.999999999999998224, -125.8626460450250875, 35.50000000000000711 ) ) ;
#7154 = ORIENTED_EDGE ( 'NONE', *, *, #748, .F. ) ;
#7155 = VERTEX_POINT ( 'NONE', #1098 ) ;
#7156 = FACE_BOUND ( 'NONE', #4267, .T. ) ;
#7157 = VECTOR ( 'NONE', #4795, 1000.000000000000000 ) ;
#7158 = ORIENTED_EDGE ( 'NONE', *, *, #995, .T. ) ;
#7159 = ADVANCED_FACE ( 'NONE', ( #2463 ), #7097, .F. ) ;
#7160 = VECTOR ( 'NONE', #7946, 1000.000000000000000 ) ;
#7161 = EDGE_CURVE ( 'NONE', #6151, #1248, #4370, .T. ) ;
#7162 = AXIS2_PLACEMENT_3D ( 'NONE', #3374, #3993, #13 ) ;
#7163 = DIRECTION ( 'NONE',  ( -0.000000000000000000, 1.000000000000000000, -0.000000000000000000 ) ) ;
#7164 = CIRCLE ( 'NONE', #6034, 1.750000000000005107 ) ;
#7165 = ORIENTED_EDGE ( 'NONE', *, *, #5085, .F. ) ;
#7166 = VECTOR ( 'NONE', #6740, 1000.000000000000000 ) ;
#7167 = CARTESIAN_POINT ( 'NONE',  ( -27.50000000000000355, 0.000000000000000000, 28.25000000000001776 ) ) ;
#7168 = ORIENTED_EDGE ( 'NONE', *, *, #3730, .F. ) ;
#7169 = DIRECTION ( 'NONE',  ( 6.814637407481677627E-17, 0.7071067811865459074, -0.7071067811865491270 ) ) ;
#7170 = DIRECTION ( 'NONE',  ( 0.000000000000000000, -1.000000000000000000, 0.000000000000000000 ) ) ;
#7171 = CARTESIAN_POINT ( 'NONE',  ( 59.00000000000002132, -87.28768939877066657, 45.25000000000000711 ) ) ;
#7172 = STYLED_ITEM ( 'NONE', ( #2829 ), #4952 ) ;
#7173 =( NAMED_UNIT ( * ) PLANE_ANGLE_UNIT ( ) SI_UNIT ( $, .RADIAN. ) );
#7174 = AXIS2_PLACEMENT_3D ( 'NONE', #6315, #6224, #5044 ) ;
#7175 = EDGE_CURVE ( 'NONE', #5886, #4794, #8640, .T. ) ;
#7176 = DIRECTION ( 'NONE',  ( -0.000000000000000000, -1.000000000000000000, -0.000000000000000000 ) ) ;
#7177 = FACE_OUTER_BOUND ( 'NONE', #705, .T. ) ;
#7178 = ADVANCED_FACE ( 'NONE', ( #5113 ), #8505, .F. ) ;
#7179 = AXIS2_PLACEMENT_3D ( 'NONE', #3762, #443, #7858 ) ;
#7180 = DIRECTION ( 'NONE',  ( -0.000000000000000000, 1.000000000000000000, -0.000000000000000000 ) ) ;
#7181 = ORIENTED_EDGE ( 'NONE', *, *, #1414, .F. ) ;
#7182 = VERTEX_POINT ( 'NONE', #5811 ) ;
#7183 = DIRECTION ( 'NONE',  ( -6.938893903907232322E-16, -1.000000000000000000, 0.000000000000000000 ) ) ;
#7184 = ORIENTED_EDGE ( 'NONE', *, *, #6488, .T. ) ;
#7185 = ADVANCED_FACE ( 'NONE', ( #3836 ), #7851, .T. ) ;
#7186 = FACE_OUTER_BOUND ( 'NONE', #6990, .T. ) ;
#7187 = DIRECTION ( 'NONE',  ( -1.000000000000000000, 0.000000000000000000, 0.000000000000000000 ) ) ;
#7188 = EDGE_LOOP ( 'NONE', ( #7337, #8269, #5743, #8392 ) ) ;
#7189 = DIRECTION ( 'NONE',  ( 0.000000000000000000, 0.000000000000000000, -1.000000000000000000 ) ) ;
#7190 = CARTESIAN_POINT ( 'NONE',  ( 5.000000000000005329, -105.0000000000000142, 38.00000000000000711 ) ) ;
#7191 = DIRECTION ( 'NONE',  ( -0.000000000000000000, -0.7071067811865491270, -0.7071067811865459074 ) ) ;
#7192 = ORIENTED_EDGE ( 'NONE', *, *, #2706, .F. ) ;
#7193 = LINE ( 'NONE', #1811, #3526 ) ;
#7194 = ADVANCED_FACE ( 'NONE', ( #2504 ), #7683, .F. ) ;
#7195 = ADVANCED_FACE ( 'NONE', ( #353 ), #8419, .F. ) ;
#7196 = ORIENTED_EDGE ( 'NONE', *, *, #5599, .F. ) ;
#7197 = CYLINDRICAL_SURFACE ( 'NONE', #1822, 1.750000000000001554 ) ;
#7198 = CARTESIAN_POINT ( 'NONE',  ( 62.00000000000002842, -105.0000000000000142, 47.99999999999999289 ) ) ;
#7199 = AXIS2_PLACEMENT_3D ( 'NONE', #2629, #5324, #6776 ) ;
#7200 = CARTESIAN_POINT ( 'NONE',  ( -50.99999999999995026, 7.000000000000000000, 50.00000000000000711 ) ) ;
#7201 = VERTEX_POINT ( 'NONE', #7408 ) ;
#7202 = DIRECTION ( 'NONE',  ( -1.678764654171103998E-16, -0.000000000000000000, 1.000000000000000000 ) ) ;
#7203 = EDGE_LOOP ( 'NONE', ( #4784, #1840, #5402, #5548 ) ) ;
#7204 = VERTEX_POINT ( 'NONE', #1972 ) ;
#7205 = FACE_BOUND ( 'NONE', #4545, .T. ) ;
#7206 = ORIENTED_EDGE ( 'NONE', *, *, #4659, .T. ) ;
#7207 = VECTOR ( 'NONE', #645, 1000.000000000000000 ) ;
#7208 = DIRECTION ( 'NONE',  ( 0.000000000000000000, 0.000000000000000000, 1.000000000000000000 ) ) ;
#7209 = ORIENTED_EDGE ( 'NONE', *, *, #2357, .F. ) ;
#7210 = FACE_OUTER_BOUND ( 'NONE', #8261, .T. ) ;
#7211 = ORIENTED_EDGE ( 'NONE', *, *, #5862, .T. ) ;
#7212 = DIRECTION ( 'NONE',  ( 0.000000000000000000, 0.000000000000000000, -1.000000000000000000 ) ) ;
#7213 = CARTESIAN_POINT ( 'NONE',  ( -35.70000000000000995, 5.000000000000000000, 22.99999999999999645 ) ) ;
#7214 = DIRECTION ( 'NONE',  ( 1.678764654171103998E-16, -0.000000000000000000, -1.000000000000000000 ) ) ;
#7215 = DIRECTION ( 'NONE',  ( 0.000000000000000000, 0.000000000000000000, -1.000000000000000000 ) ) ;
#7216 = CARTESIAN_POINT ( 'NONE',  ( -8.122777644359711832E-15, -90.00000000000001421, 46.99999999999999289 ) ) ;
#7217 = ADVANCED_FACE ( 'NONE', ( #4668, #566, #7224, #7357, #7270, #5365 ), #5282, .T. ) ;
#7218 = FACE_BOUND ( 'NONE', #163, .T. ) ;
#7219 = ORIENTED_EDGE ( 'NONE', *, *, #4139, .T. ) ;
#7220 = ORIENTED_EDGE ( 'NONE', *, *, #3064, .T. ) ;
#7221 = PLANE ( 'NONE',  #5410 ) ;
#7222 = ORIENTED_EDGE ( 'NONE', *, *, #341, .F. ) ;
#7223 = FACE_OUTER_BOUND ( 'NONE', #2472, .T. ) ;
#7224 = FACE_OUTER_BOUND ( 'NONE', #4167, .T. ) ;
#7225 = EDGE_CURVE ( 'NONE', #3381, #6848, #2543, .T. ) ;
#7226 = VERTEX_POINT ( 'NONE', #695 ) ;
#7227 = CARTESIAN_POINT ( 'NONE',  ( -32.93482030204174293, -90.00000000000001421, 39.25019041640337747 ) ) ;
#7228 = VECTOR ( 'NONE', #6723, 1000.000000000000000 ) ;
#7229 = CIRCLE ( 'NONE', #5524, 3.000000000000002665 ) ;
#7230 = DIRECTION ( 'NONE',  ( 0.000000000000000000, 0.000000000000000000, -1.000000000000000000 ) ) ;
#7231 = ORIENTED_EDGE ( 'NONE', *, *, #8301, .F. ) ;
#7232 = CARTESIAN_POINT ( 'NONE',  ( -36.99999999999999289, -100.0000000000000000, 29.00000000000000711 ) ) ;
#7233 = VERTEX_POINT ( 'NONE', #7314 ) ;
#7234 = AXIS2_PLACEMENT_3D ( 'NONE', #6904, #6285, #5576 ) ;
#7235 = VECTOR ( 'NONE', #1339, 1000.000000000000000 ) ;
#7236 = DIRECTION ( 'NONE',  ( 0.000000000000000000, -1.000000000000000000, 0.000000000000000000 ) ) ;
#7237 = DIRECTION ( 'NONE',  ( 0.000000000000000000, -0.000000000000000000, -1.000000000000000000 ) ) ;
#7238 = VECTOR ( 'NONE', #3966, 1000.000000000000000 ) ;
#7239 = CIRCLE ( 'NONE', #8077, 1.750000000000005107 ) ;
#7240 = CARTESIAN_POINT ( 'NONE',  ( 5.000000000000011546, -4.336808689942055207E-16, 50.00000000000002132 ) ) ;
#7241 = ADVANCED_FACE ( 'NONE', ( #1316 ), #6646, .T. ) ;
#7242 = VERTEX_POINT ( 'NONE', #3964 ) ;
#7243 = DIRECTION ( 'NONE',  ( -0.7071067811865485719, 0.000000000000000000, -0.7071067811865465735 ) ) ;
#7244 = ORIENTED_EDGE ( 'NONE', *, *, #8076, .T. ) ;
#7245 = EDGE_LOOP ( 'NONE', ( #6773, #3663, #4965, #2771 ) ) ;
#7246 = AXIS2_PLACEMENT_3D ( 'NONE', #4003, #5277, #7969 ) ;
#7247 = DIRECTION ( 'NONE',  ( 0.000000000000000000, 0.000000000000000000, -1.000000000000000000 ) ) ;
#7248 = CIRCLE ( 'NONE', #8513, 1.000000000000000888 ) ;
#7249 = VERTEX_POINT ( 'NONE', #4711 ) ;
#7250 = EDGE_CURVE ( 'NONE', #8587, #7402, #4006, .T. ) ;
#7251 = VECTOR ( 'NONE', #3278, 1000.000000000000000 ) ;
#7252 = DIRECTION ( 'NONE',  ( 1.000000000000000000, 0.000000000000000000, 0.000000000000000000 ) ) ;
#7253 = VECTOR ( 'NONE', #1356, 1000.000000000000000 ) ;
#7254 = ORIENTED_EDGE ( 'NONE', *, *, #5186, .T. ) ;
#7255 = PLANE ( 'NONE',  #54 ) ;
#7256 = ORIENTED_EDGE ( 'NONE', *, *, #1460, .F. ) ;
#7257 = DIRECTION ( 'NONE',  ( 9.637352644315596475E-17, 0.000000000000000000, -1.000000000000000000 ) ) ;
#7258 = DIRECTION ( 'NONE',  ( -0.000000000000000000, 1.000000000000000000, -0.000000000000000000 ) ) ;
#7259 = LINE ( 'NONE', #1746, #1109 ) ;
#7260 = AXIS2_PLACEMENT_3D ( 'NONE', #7519, #6230, #4171 ) ;
#7261 = CARTESIAN_POINT ( 'NONE',  ( 21.24999999999999645, 0.000000000000000000, 41.25000000000000711 ) ) ;
#7262 = DIRECTION ( 'NONE',  ( -1.000000000000000000, 0.000000000000000000, 0.000000000000000000 ) ) ;
#7263 = ORIENTED_EDGE ( 'NONE', *, *, #4220, .F. ) ;
#7264 = CARTESIAN_POINT ( 'NONE',  ( -64.99999999999997158, -100.0000000000000000, -46.99999999999999289 ) ) ;
#7265 = EDGE_CURVE ( 'NONE', #6360, #5971, #1060, .T. ) ;
#7266 = ORIENTED_EDGE ( 'NONE', *, *, #8366, .T. ) ;
#7267 = DIRECTION ( 'NONE',  ( 0.000000000000000000, 0.000000000000000000, -1.000000000000000000 ) ) ;
#7268 = ORIENTED_EDGE ( 'NONE', *, *, #5599, .T. ) ;
#7269 = LINE ( 'NONE', #4710, #4979 ) ;
#7270 = FACE_BOUND ( 'NONE', #8280, .T. ) ;
#7271 = ORIENTED_EDGE ( 'NONE', *, *, #6628, .F. ) ;
#7272 = CARTESIAN_POINT ( 'NONE',  ( -24.99999999999999289, -100.0000000000000000, 47.00000000000000711 ) ) ;
#7273 = EDGE_CURVE ( 'NONE', #4816, #347, #5237, .T. ) ;
#7274 = DIRECTION ( 'NONE',  ( 0.000000000000000000, -1.000000000000000000, 0.000000000000000000 ) ) ;
#7275 = EDGE_CURVE ( 'NONE', #564, #6050, #4048, .T. ) ;
#7276 = LINE ( 'NONE', #3760, #2652 ) ;
#7277 = ORIENTED_EDGE ( 'NONE', *, *, #6379, .T. ) ;
#7278 = DIRECTION ( 'NONE',  ( 0.000000000000000000, 0.000000000000000000, 1.000000000000000000 ) ) ;
#7279 = VERTEX_POINT ( 'NONE', #7972 ) ;
#7280 = DIRECTION ( 'NONE',  ( -1.000000000000000000, 0.000000000000000000, -1.728250562629726132E-16 ) ) ;
#7281 = DIRECTION ( 'NONE',  ( -1.000000000000000000, 0.000000000000000000, -1.678764654171103751E-16 ) ) ;
#7282 = CARTESIAN_POINT ( 'NONE',  ( 19.00000000000000000, -100.0000000000000000, -21.99999999999997868 ) ) ;
#7283 = EDGE_CURVE ( 'NONE', #3048, #4612, #2035, .T. ) ;
#7284 = VECTOR ( 'NONE', #1795, 1000.000000000000000 ) ;
#7285 = DIRECTION ( 'NONE',  ( 1.000000000000000000, 0.000000000000000000, 0.000000000000000000 ) ) ;
#7286 = EDGE_CURVE ( 'NONE', #902, #4864, #6023, .T. ) ;
#7287 = ORIENTED_EDGE ( 'NONE', *, *, #1615, .F. ) ;
#7288 = CARTESIAN_POINT ( 'NONE',  ( -37.50000000000001421, 7.000000000000000000, 14.49999999999998401 ) ) ;
#7289 = ORIENTED_EDGE ( 'NONE', *, *, #6505, .T. ) ;
#7290 = ADVANCED_FACE ( 'NONE', ( #3385 ), #8054, .F. ) ;
#7291 = AXIS2_PLACEMENT_3D ( 'NONE', #7612, #1565, #4260 ) ;
#7292 = CARTESIAN_POINT ( 'NONE',  ( -61.49999999999996447, -87.28768939877073763, 42.75000000000009948 ) ) ;
#7293 = DIRECTION ( 'NONE',  ( -0.000000000000000000, -1.000000000000000000, -0.000000000000000000 ) ) ;
#7294 = EDGE_LOOP ( 'NONE', ( #5204, #512 ) ) ;
#7295 = ORIENTED_EDGE ( 'NONE', *, *, #6444, .F. ) ;
#7296 = AXIS2_PLACEMENT_3D ( 'NONE', #4042, #5399, #1839 ) ;
#7297 = ADVANCED_FACE ( 'NONE', ( #3212 ), #8711, .F. ) ;
#7298 = EDGE_CURVE ( 'NONE', #5344, #4209, #6732, .T. ) ;
#7299 = CARTESIAN_POINT ( 'NONE',  ( 43.29999999999997584, 0.000000000000000000, 21.24999999999999289 ) ) ;
#7300 = EDGE_LOOP ( 'NONE', ( #5967, #1350, #2564, #5207 ) ) ;
#7301 = CARTESIAN_POINT ( 'NONE',  ( -48.99999999999997158, -103.0000000000000142, 38.00000000000001421 ) ) ;
#7302 = DIRECTION ( 'NONE',  ( 0.000000000000000000, -1.000000000000000000, 0.000000000000000000 ) ) ;
#7303 = AXIS2_PLACEMENT_3D ( 'NONE', #2417, #8504, #5112 ) ;
#7304 = DIRECTION ( 'NONE',  ( 1.000000000000000000, 0.000000000000000000, -0.000000000000000000 ) ) ;
#7305 = CARTESIAN_POINT ( 'NONE',  ( -36.99999999999999289, -90.00000000000001421, 29.00000000000000711 ) ) ;
#7306 = ORIENTED_EDGE ( 'NONE', *, *, #3719, .F. ) ;
#7307 = CIRCLE ( 'NONE', #3506, 1.250000000000001110 ) ;
#7308 = PLANE ( 'NONE',  #8281 ) ;
#7309 = ORIENTED_EDGE ( 'NONE', *, *, #7675, .T. ) ;
#7310 = DIRECTION ( 'NONE',  ( 5.551115123125777772E-16, 0.000000000000000000, -1.000000000000000000 ) ) ;
#7311 = VECTOR ( 'NONE', #7693, 1000.000000000000000 ) ;
#7312 = ORIENTED_EDGE ( 'NONE', *, *, #1124, .F. ) ;
#7313 = LINE ( 'NONE', #1272, #7508 ) ;
#7314 = CARTESIAN_POINT ( 'NONE',  ( -6.999999999999994671, -100.0000000000000000, 34.99999999999999289 ) ) ;
#7315 = AXIS2_PLACEMENT_3D ( 'NONE', #8688, #1295, #5303 ) ;
#7316 =( BOUNDED_CURVE ( )  B_SPLINE_CURVE ( 3, ( #7171, #1130, #6422, #3869 ),
 .UNSPECIFIED., .F., .F. ) 
 B_SPLINE_CURVE_WITH_KNOTS ( ( 4, 4 ),
 ( 3.926990816987238286, 7.068583470577031846 ),
 .UNSPECIFIED. ) 
 CURVE ( )  GEOMETRIC_REPRESENTATION_ITEM ( )  RATIONAL_B_SPLINE_CURVE ( ( 1.000000000000000000, 0.3333333333333332038, 0.3333333333333332038, 1.000000000000000000 ) ) 
 REPRESENTATION_ITEM ( '' )  );
#7317 = CARTESIAN_POINT ( 'NONE',  ( -64.99999999999997158, -100.0000000000000000, -46.99999999999999289 ) ) ;
#7318 = DIRECTION ( 'NONE',  ( -5.337610695313253357E-16, 0.000000000000000000, 1.000000000000000000 ) ) ;
#7319 = PRODUCT ( 'Controllerv2 housing', 'Controllerv2 housing', '', ( #1221 ) ) ;
#7320 = EDGE_CURVE ( 'NONE', #6017, #912, #5905, .T. ) ;
#7321 = DIRECTION ( 'NONE',  ( 0.000000000000000000, 1.000000000000000000, 0.000000000000000000 ) ) ;
#7322 = CARTESIAN_POINT ( 'NONE',  ( 27.49999999999999645, 5.999999999999985789, 31.50000000000000711 ) ) ;
#7323 = EDGE_LOOP ( 'NONE', ( #7804, #8052, #4358, #4886 ) ) ;
#7324 = LINE ( 'NONE', #703, #5775 ) ;
#7325 = EDGE_LOOP ( 'NONE', ( #5843, #3520, #200, #7980 ) ) ;
#7326 = DIRECTION ( 'NONE',  ( 0.000000000000000000, 0.000000000000000000, -1.000000000000000000 ) ) ;
#7327 = AXIS2_PLACEMENT_3D ( 'NONE', #1895, #2063, #4098 ) ;
#7328 = CARTESIAN_POINT ( 'NONE',  ( -59.99999999999997868, -60.00000000000000000, -26.19999999999999574 ) ) ;
#7329 = CARTESIAN_POINT ( 'NONE',  ( -52.00000000000000711, -90.00000000000001421, 32.00000000000001421 ) ) ;
#7330 = LINE ( 'NONE', #2642, #2228 ) ;
#7331 = ORIENTED_EDGE ( 'NONE', *, *, #4030, .T. ) ;
#7332 = CARTESIAN_POINT ( 'NONE',  ( -59.99999999999997868, -60.00000000000000000, 2.200000000000002398 ) ) ;
#7333 = VERTEX_POINT ( 'NONE', #6564 ) ;
#7334 = EDGE_CURVE ( 'NONE', #946, #4502, #526, .T. ) ;
#7335 = FACE_OUTER_BOUND ( 'NONE', #6570, .T. ) ;
#7336 = DIRECTION ( 'NONE',  ( -0.000000000000000000, -1.000000000000000000, -0.000000000000000000 ) ) ;
#7337 = ORIENTED_EDGE ( 'NONE', *, *, #3584, .T. ) ;
#7338 = VERTEX_POINT ( 'NONE', #5941 ) ;
#7339 = ADVANCED_FACE ( 'NONE', ( #5538 ), #5449, .F. ) ;
#7340 = CARTESIAN_POINT ( 'NONE',  ( -61.99999999999997158, -60.00000000000000000, -37.20000000000006679 ) ) ;
#7341 = ORIENTED_EDGE ( 'NONE', *, *, #1517, .F. ) ;
#7342 = DIRECTION ( 'NONE',  ( 0.000000000000000000, 0.000000000000000000, -1.000000000000000000 ) ) ;
#7343 = LINE ( 'NONE', #4120, #10 ) ;
#7344 = SHAPE_DEFINITION_REPRESENTATION ( #2251, #5281 ) ;
#7345 = ADVANCED_FACE ( 'NONE', ( #3612 ), #4749, .T. ) ;
#7346 = EDGE_CURVE ( 'NONE', #3987, #7060, #2851, .T. ) ;
#7347 = AXIS2_PLACEMENT_3D ( 'NONE', #627, #2694, #4683 ) ;
#7348 = LINE ( 'NONE', #8044, #6713 ) ;
#7349 = DIRECTION ( 'NONE',  ( 0.7071067811865436870, -0.000000000000000000, 0.7071067811865513475 ) ) ;
#7350 = CARTESIAN_POINT ( 'NONE',  ( -35.70000000000000995, -4.000000000000000000, 22.99999999999999645 ) ) ;
#7351 = EDGE_LOOP ( 'NONE', ( #1707, #2119 ) ) ;
#7352 = CYLINDRICAL_SURFACE ( 'NONE', #5605, 1.750000000000001554 ) ;
#7353 = VERTEX_POINT ( 'NONE', #8178 ) ;
#7354 = DIRECTION ( 'NONE',  ( 0.000000000000000000, 0.000000000000000000, -1.000000000000000000 ) ) ;
#7355 = ORIENTED_EDGE ( 'NONE', *, *, #263, .T. ) ;
#7356 = LINE ( 'NONE', #565, #38 ) ;
#7357 = FACE_BOUND ( 'NONE', #8236, .T. ) ;
#7358 = EDGE_LOOP ( 'NONE', ( #6993, #3039, #258, #3148, #6183, #5081 ) ) ;
#7359 = LINE ( 'NONE', #568, #6531 ) ;
#7360 = LINE ( 'NONE', #6070, #1877 ) ;
#7361 = CARTESIAN_POINT ( 'NONE',  ( -55.99999999999996447, -60.00000000000000000, -25.19999999999999574 ) ) ;
#7362 = ORIENTED_EDGE ( 'NONE', *, *, #2691, .F. ) ;
#7363 = AXIS2_PLACEMENT_3D ( 'NONE', #1131, #3165, #384 ) ;
#7364 = FACE_BOUND ( 'NONE', #3543, .T. ) ;
#7365 = AXIS2_PLACEMENT_3D ( 'NONE', #5694, #7150, #6487 ) ;
#7366 = VERTEX_POINT ( 'NONE', #920 ) ;
#7367 = EDGE_CURVE ( 'NONE', #1291, #2607, #6248, .T. ) ;
#7368 = VECTOR ( 'NONE', #6296, 1000.000000000000000 ) ;
#7369 = CARTESIAN_POINT ( 'NONE',  ( 31.30000000000000782, -103.0000000000000142, 37.00000000000003553 ) ) ;
#7370 = DIRECTION ( 'NONE',  ( -0.000000000000000000, -1.000000000000000000, -0.000000000000000000 ) ) ;
#7371 = LINE ( 'NONE', #1285, #2898 ) ;
#7372 = CIRCLE ( 'NONE', #4820, 7.500000000000000000 ) ;
#7373 = LINE ( 'NONE', #625, #7731 ) ;
#7374 = AXIS2_PLACEMENT_3D ( 'NONE', #2677, #2590, #1402 ) ;
#7375 = EDGE_LOOP ( 'NONE', ( #690, #3919, #4534, #3684 ) ) ;
#7376 = DIRECTION ( 'NONE',  ( -0.000000000000000000, -1.000000000000000000, -0.000000000000000000 ) ) ;
#7377 = AXIS2_PLACEMENT_3D ( 'NONE', #5162, #356, #1717 ) ;
#7378 = EDGE_CURVE ( 'NONE', #5522, #7155, #8100, .T. ) ;
#7379 = VECTOR ( 'NONE', #8241, 1000.000000000000000 ) ;
#7380 = DIRECTION ( 'NONE',  ( 0.000000000000000000, -1.000000000000000000, 0.000000000000000000 ) ) ;
#7381 = EDGE_CURVE ( 'NONE', #4956, #940, #2138, .T. ) ;
#7382 = EDGE_CURVE ( 'NONE', #4502, #6818, #2057, .T. ) ;
#7383 = VECTOR ( 'NONE', #961, 1000.000000000000000 ) ;
#7384 = LINE ( 'NONE', #1422, #2296 ) ;
#7385 = ADVANCED_FACE ( 'NONE', ( #6201 ), #154, .T. ) ;
#7386 = ORIENTED_EDGE ( 'NONE', *, *, #1902, .T. ) ;
#7387 = VERTEX_POINT ( 'NONE', #203 ) ;
#7388 = ADVANCED_FACE ( 'NONE', ( #2233 ), #7577, .T. ) ;
#7389 = CIRCLE ( 'NONE', #6260, 1.250000000000001110 ) ;
#7390 = DIRECTION ( 'NONE',  ( -1.000000000000000000, 0.000000000000000000, 0.000000000000000000 ) ) ;
#7391 = ORIENTED_EDGE ( 'NONE', *, *, #8172, .T. ) ;
#7392 = CARTESIAN_POINT ( 'NONE',  ( -35.69999999999999574, 5.000000000000000000, -43.00000000000000711 ) ) ;
#7393 = FACE_BOUND ( 'NONE', #5475, .T. ) ;
#7394 = AXIS2_PLACEMENT_3D ( 'NONE', #3519, #6198, #4829 ) ;
#7395 = CIRCLE ( 'NONE', #2745, 1.750000000000001554 ) ;
#7396 = CARTESIAN_POINT ( 'NONE',  ( 62.00000000000002842, 0.000000000000000000, 44.00000000000000711 ) ) ;
#7397 = CARTESIAN_POINT ( 'NONE',  ( -12.99999999999999467, -100.0000000000000000, 31.00000000000000000 ) ) ;
#7398 = CARTESIAN_POINT ( 'NONE',  ( -36.99999999999999289, -100.0000000000000000, 32.00000000000001421 ) ) ;
#7399 = EDGE_CURVE ( 'NONE', #2227, #1740, #6677, .T. ) ;
#7400 = ORIENTED_EDGE ( 'NONE', *, *, #1559, .F. ) ;
#7401 = CARTESIAN_POINT ( 'NONE',  ( 0.000000000000000000, 0.000000000000000000, 0.000000000000000000 ) ) ;
#7402 = VERTEX_POINT ( 'NONE', #4090 ) ;
#7403 = ADVANCED_FACE ( 'NONE', ( #6866 ), #2901, .F. ) ;
#7404 = DIRECTION ( 'NONE',  ( 0.000000000000000000, -0.000000000000000000, -1.000000000000000000 ) ) ;
#7405 = VECTOR ( 'NONE', #6618, 1000.000000000000000 ) ;
#7406 = ORIENTED_EDGE ( 'NONE', *, *, #8074, .F. ) ;
#7407 = DIRECTION ( 'NONE',  ( -1.000000000000000000, 0.000000000000000000, -1.728250562629726132E-16 ) ) ;
#7408 = CARTESIAN_POINT ( 'NONE',  ( -35.69999999999999574, -4.000000000000000000, -41.25000000000000711 ) ) ;
#7409 = DIRECTION ( 'NONE',  ( 0.000000000000000000, 1.000000000000000000, -0.000000000000000000 ) ) ;
#7410 = CYLINDRICAL_SURFACE ( 'NONE', #2570, 1.750000000000001554 ) ;
#7411 = CARTESIAN_POINT ( 'NONE',  ( -35.69999999999999574, 11.94974746830584600, -41.25000000000000711 ) ) ;
#7412 = PLANE ( 'NONE',  #2793 ) ;
#7413 = EDGE_LOOP ( 'NONE', ( #3628, #6164, #6330, #8024 ) ) ;
#7414 = DIRECTION ( 'NONE',  ( 0.000000000000000000, 1.000000000000000000, 0.000000000000000000 ) ) ;
#7415 = ORIENTED_EDGE ( 'NONE', *, *, #4643, .T. ) ;
#7416 = VERTEX_POINT ( 'NONE', #6913 ) ;
#7417 = ADVANCED_FACE ( 'NONE', ( #8138 ), #873, .F. ) ;
#7418 = CARTESIAN_POINT ( 'NONE',  ( -36.50000000000001421, 6.000000000000000000, -35.50000000000000711 ) ) ;
#7419 = DIRECTION ( 'NONE',  ( -0.000000000000000000, -1.000000000000000000, -0.000000000000000000 ) ) ;
#7420 = ORIENTED_EDGE ( 'NONE', *, *, #2588, .T. ) ;
#7421 = DIRECTION ( 'NONE',  ( -0.000000000000000000, -1.000000000000000000, -0.000000000000000000 ) ) ;
#7422 = CARTESIAN_POINT ( 'NONE',  ( -59.99999999999997868, -60.00000000000000000, -26.19999999999999574 ) ) ;
#7423 = VERTEX_POINT ( 'NONE', #7622 ) ;
#7424 = CARTESIAN_POINT ( 'NONE',  ( 49.00000000000000000, -83.50000000000000000, -21.99999999999997868 ) ) ;
#7425 = LINE ( 'NONE', #2076, #1021 ) ;
#7426 = AXIS2_PLACEMENT_3D ( 'NONE', #5022, #7715, #1661 ) ;
#7427 = EDGE_CURVE ( 'NONE', #7136, #756, #1576, .T. ) ;
#7428 = DIRECTION ( 'NONE',  ( -1.000000000000000000, 0.000000000000000000, 0.000000000000000000 ) ) ;
#7429 = VERTEX_POINT ( 'NONE', #3430 ) ;
#7430 = AXIS2_PLACEMENT_3D ( 'NONE', #4644, #3775, #6323 ) ;
#7431 = EDGE_LOOP ( 'NONE', ( #7094, #4222 ) ) ;
#7432 = EDGE_CURVE ( 'NONE', #6848, #41, #6114, .T. ) ;
#7433 = ORIENTED_EDGE ( 'NONE', *, *, #1827, .T. ) ;
#7434 = SURFACE_SIDE_STYLE ('',( #2702 ) ) ;
#7435 = EDGE_CURVE ( 'NONE', #8568, #1740, #7487, .T. ) ;
#7436 = DIRECTION ( 'NONE',  ( 0.000000000000000000, 0.000000000000000000, -1.000000000000000000 ) ) ;
#7437 = CARTESIAN_POINT ( 'NONE',  ( -38.50000000000000711, 0.000000000000000000, 36.25000000000002842 ) ) ;
#7438 = CARTESIAN_POINT ( 'NONE',  ( -27.50000000000000355, 5.999999999999971578, 41.00000000000001421 ) ) ;
#7439 = DIRECTION ( 'NONE',  ( 0.000000000000000000, 1.000000000000000000, 0.000000000000000000 ) ) ;
#7440 = ORIENTED_EDGE ( 'NONE', *, *, #4639, .F. ) ;
#7441 =( NAMED_UNIT ( * ) PLANE_ANGLE_UNIT ( ) SI_UNIT ( $, .RADIAN. ) );
#7442 = EDGE_LOOP ( 'NONE', ( #1561, #2043, #2259, #3569 ) ) ;
#7443 = LINE ( 'NONE', #1395, #766 ) ;
#7444 = ORIENTED_EDGE ( 'NONE', *, *, #5168, .F. ) ;
#7445 = LINE ( 'NONE', #6113, #1599 ) ;
#7446 = DIRECTION ( 'NONE',  ( 0.000000000000000000, -1.000000000000000000, 0.000000000000000000 ) ) ;
#7447 = DIRECTION ( 'NONE',  ( 0.000000000000000000, 0.000000000000000000, 1.000000000000000000 ) ) ;
#7448 = DIRECTION ( 'NONE',  ( 0.000000000000000000, -0.000000000000000000, 1.000000000000000000 ) ) ;
#7449 = ADVANCED_FACE ( 'NONE', ( #340 ), #6332, .F. ) ;
#7450 = EDGE_CURVE ( 'NONE', #5497, #2080, #296, .T. ) ;
#7451 = CIRCLE ( 'NONE', #4486, 7.000000000000006217 ) ;
#7452 = DIRECTION ( 'NONE',  ( -0.000000000000000000, -1.000000000000000000, -0.000000000000000000 ) ) ;
#7453 = CARTESIAN_POINT ( 'NONE',  ( -59.99999999999997868, -60.00000000000000000, -26.19999999999999574 ) ) ;
#7454 = EDGE_LOOP ( 'NONE', ( #8559, #1092, #5070, #7501 ) ) ;
#7455 = CARTESIAN_POINT ( 'NONE',  ( -38.50000000000000711, -8.000000000000000000, 35.00000000000002132 ) ) ;
#7456 = VECTOR ( 'NONE', #8418, 1000.000000000000000 ) ;
#7457 = ORIENTED_EDGE ( 'NONE', *, *, #575, .F. ) ;
#7458 = ORIENTED_EDGE ( 'NONE', *, *, #4466, .F. ) ;
#7459 = ADVANCED_FACE ( 'NONE', ( #6462 ), #7043, .F. ) ;
#7460 = DIRECTION ( 'NONE',  ( -0.7071067811865524577, 0.000000000000000000, -0.7071067811865425767 ) ) ;
#7461 = DIRECTION ( 'NONE',  ( 0.000000000000000000, -1.000000000000000000, 0.000000000000000000 ) ) ;
#7462 = EDGE_LOOP ( 'NONE', ( #5785, #8624 ) ) ;
#7463 = CARTESIAN_POINT ( 'NONE',  ( -64.99999999999997158, 7.000000000000000000, -49.99999999999999289 ) ) ;
#7464 = ADVANCED_FACE ( 'NONE', ( #2449 ), #8406, .F. ) ;
#7465 = VECTOR ( 'NONE', #3410, 1000.000000000000000 ) ;
#7466 = EDGE_CURVE ( 'NONE', #618, #5846, #381, .T. ) ;
#7467 = EDGE_CURVE ( 'NONE', #1847, #5629, #6820, .T. ) ;
#7468 = DIRECTION ( 'NONE',  ( -0.000000000000000000, 1.000000000000000000, -0.000000000000000000 ) ) ;
#7469 = ORIENTED_EDGE ( 'NONE', *, *, #213, .T. ) ;
#7470 = CARTESIAN_POINT ( 'NONE',  ( -16.50000000000001421, 5.000000000000000000, 33.75000000000002842 ) ) ;
#7471 = VECTOR ( 'NONE', #2907, 1000.000000000000000 ) ;
#7472 = FACE_OUTER_BOUND ( 'NONE', #4252, .T. ) ;
#7473 = CARTESIAN_POINT ( 'NONE',  ( -10.30741759643275834, -104.0000000000000142, 38.00000000000000711 ) ) ;
#7474 = ORIENTED_EDGE ( 'NONE', *, *, #448, .T. ) ;
#7475 = VERTEX_POINT ( 'NONE', #1745 ) ;
#7476 = ORIENTED_EDGE ( 'NONE', *, *, #8295, .T. ) ;
#7477 = CARTESIAN_POINT ( 'NONE',  ( -64.99999999999997158, -105.0000000000000142, 47.00000000000000711 ) ) ;
#7478 = DIRECTION ( 'NONE',  ( 0.000000000000000000, 0.000000000000000000, -1.000000000000000000 ) ) ;
#7479 = DIRECTION ( 'NONE',  ( 1.678764654171103998E-16, -0.000000000000000000, -1.000000000000000000 ) ) ;
#7480 = CARTESIAN_POINT ( 'NONE',  ( 5.000000000000005329, -103.0000000000000142, 47.00000000000000711 ) ) ;
#7481 = PLANE ( 'NONE',  #7940 ) ;
#7482 = ORIENTED_EDGE ( 'NONE', *, *, #7427, .T. ) ;
#7483 = ORIENTED_EDGE ( 'NONE', *, *, #8471, .F. ) ;
#7484 = CARTESIAN_POINT ( 'NONE',  ( -37.99999999999996447, -101.0000000000000000, 45.00000000000001421 ) ) ;
#7485 = ORIENTED_EDGE ( 'NONE', *, *, #4684, .T. ) ;
#7486 = CARTESIAN_POINT ( 'NONE',  ( -58.99999999999997158, -89.05545635173707808, 42.75000000000009948 ) ) ;
#7487 = LINE ( 'NONE', #4133, #6547 ) ;
#7488 = LINE ( 'NONE', #68, #4096 ) ;
#7489 = VECTOR ( 'NONE', #6175, 1000.000000000000000 ) ;
#7490 = CARTESIAN_POINT ( 'NONE',  ( -57.75735931288071612, -100.0000000000000000, -36.99999999999999289 ) ) ;
#7491 = CARTESIAN_POINT ( 'NONE',  ( -48.99999999999997158, -90.00000000000001421, 46.99999999999998579 ) ) ;
#7492 = EDGE_CURVE ( 'NONE', #6759, #233, #8319, .T. ) ;
#7493 = CARTESIAN_POINT ( 'NONE',  ( 39.29999999999998295, -4.000000000000000000, 25.99999999999999645 ) ) ;
#7494 = EDGE_LOOP ( 'NONE', ( #7640, #4910, #721, #7718 ) ) ;
#7495 = DIRECTION ( 'NONE',  ( -0.5773502691896265082, -0.5773502691896240657, 0.5773502691896266192 ) ) ;
#7496 = ORIENTED_EDGE ( 'NONE', *, *, #3908, .T. ) ;
#7497 = ORIENTED_EDGE ( 'NONE', *, *, #5015, .T. ) ;
#7498 = EDGE_CURVE ( 'NONE', #8675, #3978, #1083, .T. ) ;
#7499 = CARTESIAN_POINT ( 'NONE',  ( -24.99999999999999289, -90.00000000000001421, 38.00000000000000711 ) ) ;
#7500 = PLANE ( 'NONE',  #2372 ) ;
#7501 = ORIENTED_EDGE ( 'NONE', *, *, #2643, .F. ) ;
#7502 = LINE ( 'NONE', #2203, #1461 ) ;
#7503 = DIRECTION ( 'NONE',  ( 8.673617379884040402E-17, 1.000000000000000000, 0.000000000000000000 ) ) ;
#7504 = VERTEX_POINT ( 'NONE', #6375 ) ;
#7505 = CARTESIAN_POINT ( 'NONE',  ( -16.50000000000001421, -8.000000000000000000, 35.00000000000002842 ) ) ;
#7506 = DIRECTION ( 'NONE',  ( 0.000000000000000000, 0.000000000000000000, -1.000000000000000000 ) ) ;
#7507 = ADVANCED_FACE ( 'NONE', ( #4444 ), #8364, .F. ) ;
#7508 = VECTOR ( 'NONE', #2808, 1000.000000000000114 ) ;
#7509 = VECTOR ( 'NONE', #428, 1000.000000000000000 ) ;
#7510 = ORIENTED_EDGE ( 'NONE', *, *, #4974, .T. ) ;
#7511 = VECTOR ( 'NONE', #3886, 1000.000000000000000 ) ;
#7512 = CARTESIAN_POINT ( 'NONE',  ( -38.50000000000000711, 0.000000000000000000, 35.00000000000002132 ) ) ;
#7513 = VECTOR ( 'NONE', #2820, 1000.000000000000000 ) ;
#7514 = EDGE_LOOP ( 'NONE', ( #3145, #8122, #1523, #3261, #7266, #3796, #2541, #5790, #4245, #8602, #1812, #6970, #3268, #147, #636, #7295, #4264, #6321, #5899, #7168, #7362, #2304, #3502, #4623 ) ) ;
#7515 = ORIENTED_EDGE ( 'NONE', *, *, #3077, .F. ) ;
#7516 = FACE_OUTER_BOUND ( 'NONE', #4587, .T. ) ;
#7517 = EDGE_CURVE ( 'NONE', #6513, #6327, #1041, .T. ) ;
#7518 = EDGE_LOOP ( 'NONE', ( #6899, #4429, #7041, #4531 ) ) ;
#7519 = CARTESIAN_POINT ( 'NONE',  ( 27.49999999999999645, 5.999999999999985789, 35.00000000000000711 ) ) ;
#7520 = AXIS2_PLACEMENT_3D ( 'NONE', #8588, #25, #4588 ) ;
#7521 = CARTESIAN_POINT ( 'NONE',  ( 62.00000000000002842, -91.00000000000004263, -36.99999999999999289 ) ) ;
#7522 = AXIS2_PLACEMENT_3D ( 'NONE', #5878, #415, #5837 ) ;
#7523 = DIRECTION ( 'NONE',  ( -0.000000000000000000, 1.000000000000000000, -0.000000000000000000 ) ) ;
#7524 = LINE ( 'NONE', #2707, #5486 ) ;
#7525 = CARTESIAN_POINT ( 'NONE',  ( -37.99999999999996447, -90.00000000000001421, 45.00000000000001421 ) ) ;
#7526 = ORIENTED_EDGE ( 'NONE', *, *, #135, .F. ) ;
#7527 = ORIENTED_EDGE ( 'NONE', *, *, #6622, .F. ) ;
#7528 = FACE_OUTER_BOUND ( 'NONE', #7514, .T. ) ;
#7529 = ORIENTED_EDGE ( 'NONE', *, *, #1931, .T. ) ;
#7530 = VECTOR ( 'NONE', #4314, 1000.000000000000000 ) ;
#7531 = CARTESIAN_POINT ( 'NONE',  ( -27.50000000000000355, 4.000000000000000000, 29.00000000000001776 ) ) ;
#7532 = CARTESIAN_POINT ( 'NONE',  ( -57.99999999999997868, 0.000000000000000000, 2.200000000000002398 ) ) ;
#7533 = CARTESIAN_POINT ( 'NONE',  ( 31.30000000000000782, -105.0000000000000142, 45.00000000000003553 ) ) ;
#7534 = DIRECTION ( 'NONE',  ( -0.000000000000000000, -1.000000000000000000, 0.000000000000000000 ) ) ;
#7535 = CARTESIAN_POINT ( 'NONE',  ( 0.000000000000000000, 5.000000000000000000, 0.000000000000000000 ) ) ;
#7536 = ADVANCED_FACE ( 'NONE', ( #2941, #5059 ), #7129, .T. ) ;
#7537 = CARTESIAN_POINT ( 'NONE',  ( 47.29999999999998295, 0.000000000000000000, 25.99999999999999645 ) ) ;
#7538 = VECTOR ( 'NONE', #4568, 1000.000000000000000 ) ;
#7539 = VERTEX_POINT ( 'NONE', #5758 ) ;
#7540 = CARTESIAN_POINT ( 'NONE',  ( -58.99999999999997158, -87.28768939877072341, 45.25000000000009948 ) ) ;
#7541 = AXIS2_PLACEMENT_3D ( 'NONE', #424, #3742, #6421 ) ;
#7542 = ORIENTED_EDGE ( 'NONE', *, *, #5078, .F. ) ;
#7543 = ORIENTED_EDGE ( 'NONE', *, *, #2306, .F. ) ;
#7544 = CARTESIAN_POINT ( 'NONE',  ( 65.00000000000002842, 3.535898384862257160, 50.00000000000000711 ) ) ;
#7545 = DIRECTION ( 'NONE',  ( 1.000000000000000000, 0.000000000000000000, 0.000000000000000000 ) ) ;
#7546 = CARTESIAN_POINT ( 'NONE',  ( -9.299999999999995381, -90.00000000000001421, 42.50000000000000711 ) ) ;
#7547 = ADVANCED_FACE ( 'NONE', ( #3825 ), #1701, .T. ) ;
#7548 = ORIENTED_EDGE ( 'NONE', *, *, #171, .F. ) ;
#7549 = LINE ( 'NONE', #936, #3281 ) ;
#7550 = ADVANCED_FACE ( 'NONE', ( #2273 ), #7081, .F. ) ;
#7551 = VECTOR ( 'NONE', #680, 1000.000000000000000 ) ;
#7552 = CARTESIAN_POINT ( 'NONE',  ( -37.50000000000001421, 6.000000000000000000, 14.49999999999998401 ) ) ;
#7553 = ORIENTED_EDGE ( 'NONE', *, *, #1736, .T. ) ;
#7554 = DIRECTION ( 'NONE',  ( 1.000000000000000000, 0.000000000000000000, -0.000000000000000000 ) ) ;
#7555 = DIRECTION ( 'NONE',  ( -1.000000000000000000, 0.000000000000000000, 0.000000000000000000 ) ) ;
#7556 = CARTESIAN_POINT ( 'NONE',  ( 49.50000000000003553, -91.00000000000004263, -49.50000000000000711 ) ) ;
#7557 = ADVANCED_FACE ( 'NONE', ( #7669 ), #7793, .F. ) ;
#7558 = ADVANCED_FACE ( 'NONE', ( #2660 ), #2569, .T. ) ;
#7559 = ORIENTED_EDGE ( 'NONE', *, *, #4617, .F. ) ;
#7560 = CARTESIAN_POINT ( 'NONE',  ( -58.99999999999997158, -100.0000000000000000, 43.99999999999998579 ) ) ;
#7561 = ORIENTED_EDGE ( 'NONE', *, *, #1244, .F. ) ;
#7562 = EDGE_LOOP ( 'NONE', ( #6148, #840, #4859, #6682 ) ) ;
#7563 = LINE ( 'NONE', #5655, #7935 ) ;
#7564 = ORIENTED_EDGE ( 'NONE', *, *, #3476, .T. ) ;
#7565 = CARTESIAN_POINT ( 'NONE',  ( -21.00000000000000711, 0.000000000000000000, 30.00000000000002132 ) ) ;
#7566 = VECTOR ( 'NONE', #1766, 1000.000000000000000 ) ;
#7567 = DIRECTION ( 'NONE',  ( -0.000000000000000000, 1.000000000000000000, -0.000000000000000000 ) ) ;
#7568 = EDGE_CURVE ( 'NONE', #2186, #5069, #3323, .T. ) ;
#7569 = FACE_OUTER_BOUND ( 'NONE', #5446, .T. ) ;
#7570 = CARTESIAN_POINT ( 'NONE',  ( 49.00000000000000711, -90.50000000000001421, 41.00000000000002842 ) ) ;
#7571 = ORIENTED_EDGE ( 'NONE', *, *, #2648, .F. ) ;
#7572 = ORIENTED_EDGE ( 'NONE', *, *, #7382, .T. ) ;
#7573 = ORIENTED_EDGE ( 'NONE', *, *, #7031, .F. ) ;
#7574 = DIRECTION ( 'NONE',  ( -0.000000000000000000, 1.000000000000000000, -0.000000000000000000 ) ) ;
#7575 = ORIENTED_EDGE ( 'NONE', *, *, #1120, .F. ) ;
#7576 = CARTESIAN_POINT ( 'NONE',  ( -3.837835791779479866, -90.00000000000001421, -4.573754592639868832 ) ) ;
#7577 = PLANE ( 'NONE',  #2321 ) ;
#7578 = PLANE ( 'NONE',  #8217 ) ;
#7579 = LINE ( 'NONE', #4184, #1032 ) ;
#7580 = CARTESIAN_POINT ( 'NONE',  ( -36.50000000000001421, 6.000000000000000000, -34.50000000000000000 ) ) ;
#7581 = DIRECTION ( 'NONE',  ( 0.000000000000000000, 0.000000000000000000, -1.000000000000000000 ) ) ;
#7582 = ORIENTED_EDGE ( 'NONE', *, *, #1738, .T. ) ;
#7583 = DIRECTION ( 'NONE',  ( -0.000000000000000000, 0.000000000000000000, 1.000000000000000000 ) ) ;
#7584 = ORIENTED_EDGE ( 'NONE', *, *, #3354, .F. ) ;
#7585 = ORIENTED_EDGE ( 'NONE', *, *, #5083, .F. ) ;
#7586 = AXIS2_PLACEMENT_3D ( 'NONE', #4841, #7583, #6255 ) ;
#7587 = LINE ( 'NONE', #2108, #183 ) ;
#7588 = DIRECTION ( 'NONE',  ( 1.000000000000000000, -0.000000000000000000, -0.000000000000000000 ) ) ;
#7589 = DIRECTION ( 'NONE',  ( 0.000000000000000000, 0.000000000000000000, -1.000000000000000000 ) ) ;
#7590 = EDGE_CURVE ( 'NONE', #1391, #3060, #5141, .T. ) ;
#7591 = ORIENTED_EDGE ( 'NONE', *, *, #387, .T. ) ;
#7592 = DIRECTION ( 'NONE',  ( -1.000000000000000000, 0.000000000000000000, 0.000000000000000000 ) ) ;
#7593 = AXIS2_PLACEMENT_3D ( 'NONE', #8353, #4600, #2309 ) ;
#7594 = VECTOR ( 'NONE', #1220, 1000.000000000000000 ) ;
#7595 = VECTOR ( 'NONE', #2597, 1000.000000000000000 ) ;
#7596 = CARTESIAN_POINT ( 'NONE',  ( 27.49999999999999645, 7.000000000000000000, 38.50000000000001421 ) ) ;
#7597 = ORIENTED_EDGE ( 'NONE', *, *, #5085, .T. ) ;
#7598 = DIRECTION ( 'NONE',  ( -0.000000000000000000, -0.000000000000000000, -1.000000000000000000 ) ) ;
#7599 = VECTOR ( 'NONE', #4541, 1000.000000000000000 ) ;
#7600 = LINE ( 'NONE', #1553, #4499 ) ;
#7601 = CARTESIAN_POINT ( 'NONE',  ( 62.00000000000002842, -81.10744349011216059, -50.99018758282586816 ) ) ;
#7602 = COLOUR_RGB ( '',0.6392156862745097534, 0.6117647058823529882, 0.5999999999999999778 ) ;
#7603 = VERTEX_POINT ( 'NONE', #3244 ) ;
#7604 = FACE_BOUND ( 'NONE', #1644, .T. ) ;
#7605 = ADVANCED_FACE ( 'NONE', ( #3991 ), #1302, .F. ) ;
#7606 = ORIENTED_EDGE ( 'NONE', *, *, #3725, .F. ) ;
#7607 = EDGE_LOOP ( 'NONE', ( #5590, #3715, #5265, #2242 ) ) ;
#7608 = DIRECTION ( 'NONE',  ( 1.000000000000000000, 0.000000000000000000, 0.000000000000000000 ) ) ;
#7609 = ORIENTED_EDGE ( 'NONE', *, *, #5183, .T. ) ;
#7610 = CARTESIAN_POINT ( 'NONE',  ( -55.99999999999996447, -60.00000000000000000, -25.19999999999999574 ) ) ;
#7611 = AXIS2_PLACEMENT_3D ( 'NONE', #2109, #2638, #1327 ) ;
#7612 = CARTESIAN_POINT ( 'NONE',  ( -38.50000000000000711, -8.000000000000000000, 35.00000000000002132 ) ) ;
#7613 = DIRECTION ( 'NONE',  ( 1.000000000000000000, 0.000000000000000000, 0.000000000000000000 ) ) ;
#7614 = DIRECTION ( 'NONE',  ( -0.000000000000000000, 1.000000000000000000, -0.000000000000000000 ) ) ;
#7615 = ORIENTED_EDGE ( 'NONE', *, *, #2400, .F. ) ;
#7616 = ORIENTED_EDGE ( 'NONE', *, *, #6634, .F. ) ;
#7617 = VECTOR ( 'NONE', #2310, 1000.000000000000000 ) ;
#7618 = FACE_BOUND ( 'NONE', #3837, .T. ) ;
#7619 = ORIENTED_EDGE ( 'NONE', *, *, #6071, .F. ) ;
#7620 = EDGE_CURVE ( 'NONE', #4404, #4797, #3280, .T. ) ;
#7621 = DIRECTION ( 'NONE',  ( -0.7071067811865485719, 0.000000000000000000, 0.7071067811865465735 ) ) ;
#7622 = CARTESIAN_POINT ( 'NONE',  ( -50.99999999999995026, -98.99999999999998579, 50.00000000000000711 ) ) ;
#7623 = EDGE_CURVE ( 'NONE', #5928, #4128, #8231, .T. ) ;
#7624 = CARTESIAN_POINT ( 'NONE',  ( 19.00000000000000000, -90.50000000000001421, -23.24999999999997868 ) ) ;
#7625 = CARTESIAN_POINT ( 'NONE',  ( -64.99999999999997158, 7.000000000000000000, -46.99999999999999289 ) ) ;
#7626 = DIRECTION ( 'NONE',  ( 0.000000000000000000, -1.000000000000000000, 0.000000000000000000 ) ) ;
#7627 = LINE ( 'NONE', #6252, #6887 ) ;
#7628 = ORIENTED_EDGE ( 'NONE', *, *, #8525, .F. ) ;
#7629 = DIRECTION ( 'NONE',  ( 0.000000000000000000, 0.000000000000000000, -1.000000000000000000 ) ) ;
#7630 = ORIENTED_EDGE ( 'NONE', *, *, #8103, .T. ) ;
#7631 = VERTEX_POINT ( 'NONE', #4613 ) ;
#7632 = DIRECTION ( 'NONE',  ( 0.000000000000000000, -1.000000000000000000, 0.000000000000000000 ) ) ;
#7633 = CARTESIAN_POINT ( 'NONE',  ( -8.626407040611047148E-15, -83.50000000000000000, 50.00000000000002132 ) ) ;
#7634 = DIRECTION ( 'NONE',  ( -0.000000000000000000, 1.000000000000000000, -0.000000000000000000 ) ) ;
#7635 = EDGE_LOOP ( 'NONE', ( #3866, #1494, #3516, #8011, #6194, #174 ) ) ;
#7636 = AXIS2_PLACEMENT_3D ( 'NONE', #2045, #4738, #5930 ) ;
#7637 = PLANE ( 'NONE',  #3581 ) ;
#7638 = DIRECTION ( 'NONE',  ( 0.000000000000000000, 0.000000000000000000, -1.000000000000000000 ) ) ;
#7639 = EDGE_CURVE ( 'NONE', #4128, #6562, #6012, .T. ) ;
#7640 = ORIENTED_EDGE ( 'NONE', *, *, #4195, .F. ) ;
#7641 = DIRECTION ( 'NONE',  ( 0.000000000000000000, 0.000000000000000000, 1.000000000000000000 ) ) ;
#7642 = DIRECTION ( 'NONE',  ( 0.000000000000000000, 0.000000000000000000, 1.000000000000000000 ) ) ;
#7643 = DIRECTION ( 'NONE',  ( 0.000000000000000000, 1.000000000000000000, 0.000000000000000000 ) ) ;
#7644 = ORIENTED_EDGE ( 'NONE', *, *, #5766, .F. ) ;
#7645 = EDGE_CURVE ( 'NONE', #560, #4959, #3868, .T. ) ;
#7646 = LINE ( 'NONE', #2922, #3369 ) ;
#7647 = ORIENTED_EDGE ( 'NONE', *, *, #4551, .F. ) ;
#7648 = EDGE_LOOP ( 'NONE', ( #8463, #1574, #5925, #5806 ) ) ;
#7649 = AXIS2_PLACEMENT_3D ( 'NONE', #3075, #5761, #8451 ) ;
#7650 = VECTOR ( 'NONE', #6933, 999.9999999999998863 ) ;
#7652 = EDGE_CURVE ( 'NONE', #1432, #1054, #7395, .T. ) ;
#7651 = LINE ( 'NONE', #904, #6664 ) ;
#7653 = VERTEX_POINT ( 'NONE', #8041 ) ;
#7654 = CIRCLE ( 'NONE', #8350, 7.000000000000006217 ) ;
#7655 = EDGE_CURVE ( 'NONE', #4166, #2413, #5309, .T. ) ;
#7656 = EDGE_CURVE ( 'NONE', #8107, #3404, #1261, .T. ) ;
#7657 = VECTOR ( 'NONE', #5847, 1000.000000000000000 ) ;
#7658 = CARTESIAN_POINT ( 'NONE',  ( -55.99999999999996447, 0.000000000000000000, -25.19999999999999574 ) ) ;
#7659 = CARTESIAN_POINT ( 'NONE',  ( 36.49999999999998579, 6.000000000000000000, -34.50000000000001421 ) ) ;
#7660 = VECTOR ( 'NONE', #1996, 1000.000000000000000 ) ;
#7661 = DIRECTION ( 'NONE',  ( 0.000000000000000000, 0.000000000000000000, 1.000000000000000000 ) ) ;
#7662 = CIRCLE ( 'NONE', #4561, 1.750000000000001554 ) ;
#7663 = EDGE_LOOP ( 'NONE', ( #6286, #1407 ) ) ;
#7664 = VECTOR ( 'NONE', #3488, 1000.000000000000000 ) ;
#7665 = CARTESIAN_POINT ( 'NONE',  ( -16.50000000000001421, 10.53553390593273775, 33.75000000000002842 ) ) ;
#7666 = AXIS2_PLACEMENT_3D ( 'NONE', #6211, #3442, #6302 ) ;
#7667 = ORIENTED_EDGE ( 'NONE', *, *, #7435, .T. ) ;
#7668 = CARTESIAN_POINT ( 'NONE',  ( -59.99999999999997868, -60.00000000000000000, -24.19999999999999929 ) ) ;
#7669 = FACE_OUTER_BOUND ( 'NONE', #309, .T. ) ;
#7670 = DIRECTION ( 'NONE',  ( 1.678764654171103998E-16, -0.000000000000000000, -1.000000000000000000 ) ) ;
#7671 = DIRECTION ( 'NONE',  ( -0.5773502691896265082, -0.5773502691896240657, -0.5773502691896266192 ) ) ;
#7672 = EDGE_CURVE ( 'NONE', #5433, #940, #5188, .T. ) ;
#7673 = DIRECTION ( 'NONE',  ( 0.000000000000000000, -0.000000000000000000, -1.000000000000000000 ) ) ;
#7674 = LINE ( 'NONE', #1624, #6518 ) ;
#7675 = EDGE_CURVE ( 'NONE', #270, #5198, #2532, .T. ) ;
#7676 = CARTESIAN_POINT ( 'NONE',  ( -36.50000000000001421, 6.000000000000000000, -35.50000000000000711 ) ) ;
#7677 = VERTEX_POINT ( 'NONE', #5225 ) ;
#7678 = ORIENTED_EDGE ( 'NONE', *, *, #287, .F. ) ;
#7679 = AXIS2_PLACEMENT_3D ( 'NONE', #20, #6561, #1270 ) ;
#7680 = DIRECTION ( 'NONE',  ( 0.000000000000000000, -0.5000000000000071054, 0.8660254037844345998 ) ) ;
#7681 = CIRCLE ( 'NONE', #3166, 1.000000000000000888 ) ;
#7682 = DIRECTION ( 'NONE',  ( -0.000000000000000000, 1.000000000000000000, -0.000000000000000000 ) ) ;
#7683 = PLANE ( 'NONE',  #2166 ) ;
#7684 = EDGE_LOOP ( 'NONE', ( #7888, #1036, #3287, #2636 ) ) ;
#7685 = LINE ( 'NONE', #1632, #335 ) ;
#7686 = CIRCLE ( 'NONE', #7394, 0.9999999999999870104 ) ;
#7687 = VECTOR ( 'NONE', #5019, 1000.000000000000000 ) ;
#7688 = DIRECTION ( 'NONE',  ( -0.000000000000000000, 1.000000000000000000, -0.000000000000000000 ) ) ;
#7689 = LINE ( 'NONE', #4292, #1106 ) ;
#7690 = ORIENTED_EDGE ( 'NONE', *, *, #3240, .F. ) ;
#7691 = CARTESIAN_POINT ( 'NONE',  ( 0.000000000000000000, 5.000000000000000000, 0.000000000000000000 ) ) ;
#7692 = EDGE_CURVE ( 'NONE', #986, #4981, #5266, .T. ) ;
#7693 = DIRECTION ( 'NONE',  ( -6.207711584730260660E-48, 1.000000000000000000, 3.697785493223491743E-32 ) ) ;
#7694 = PLANE ( 'NONE',  #1725 ) ;
#7695 = COLOUR_RGB ( '',0.6392156862745097534, 0.6117647058823529882, 0.5999999999999999778 ) ;
#7696 = ORIENTED_EDGE ( 'NONE', *, *, #6220, .T. ) ;
#7697 = LINE ( 'NONE', #947, #6041 ) ;
#7698 = ORIENTED_EDGE ( 'NONE', *, *, #6805, .T. ) ;
#7699 = ORIENTED_EDGE ( 'NONE', *, *, #3014, .F. ) ;
#7700 = DIRECTION ( 'NONE',  ( 0.5000000000000014433, 0.7071067811865445751, 0.5000000000000027756 ) ) ;
#7701 = EDGE_LOOP ( 'NONE', ( #4323, #6297 ) ) ;
#7702 = EDGE_CURVE ( 'NONE', #2170, #1914, #1874, .T. ) ;
#7703 = CARTESIAN_POINT ( 'NONE',  ( 0.000000000000000000, -100.0000000000000000, 47.00000000000000711 ) ) ;
#7704 = CARTESIAN_POINT ( 'NONE',  ( -58.99999999999997158, -100.0000000000000000, 45.25000000000009948 ) ) ;
#7705 = CYLINDRICAL_SURFACE ( 'NONE', #2013, 1.750000000000001554 ) ;
#7706 = ORIENTED_EDGE ( 'NONE', *, *, #655, .F. ) ;
#7707 = EDGE_CURVE ( 'NONE', #3205, #1314, #8659, .T. ) ;
#7708 = DIRECTION ( 'NONE',  ( 1.000000000000000000, 0.000000000000000000, 0.000000000000000000 ) ) ;
#7709 = VERTEX_POINT ( 'NONE', #466 ) ;
#7710 = FACE_OUTER_BOUND ( 'NONE', #2611, .T. ) ;
#7711 = CARTESIAN_POINT ( 'NONE',  ( -56.49999999999997868, -89.05545635173706387, 45.25000000000009948 ) ) ;
#7712 = CARTESIAN_POINT ( 'NONE',  ( 49.00000000000000711, -83.50000000000000000, 41.00000000000002842 ) ) ;
#7713 = APPLICATION_PROTOCOL_DEFINITION ( 'draft international standard', 'automotive_design', 1998, #4510 ) ;
#7714 = CIRCLE ( 'NONE', #3906, 3.000000000000002665 ) ;
#7715 = DIRECTION ( 'NONE',  ( 0.000000000000000000, 1.000000000000000000, 0.000000000000000000 ) ) ;
#7716 = CARTESIAN_POINT ( 'NONE',  ( 52.00000000000004263, -91.00000000000004263, -47.00000000000000000 ) ) ;
#7717 = DIRECTION ( 'NONE',  ( -1.000000000000000000, 0.000000000000000000, -0.000000000000000000 ) ) ;
#7718 = ORIENTED_EDGE ( 'NONE', *, *, #8190, .F. ) ;
#7719 = ORIENTED_EDGE ( 'NONE', *, *, #2274, .F. ) ;
#7720 = VECTOR ( 'NONE', #3267, 1000.000000000000000 ) ;
#7721 = CARTESIAN_POINT ( 'NONE',  ( -52.00000000000004263, -98.00000000000000000, -47.00000000000000000 ) ) ;
#7722 = DIRECTION ( 'NONE',  ( -0.7071067811865533459, 4.906538933386840629E-16, 0.7071067811865417996 ) ) ;
#7723 = DIRECTION ( 'NONE',  ( 1.000000000000000000, 0.000000000000000000, 0.000000000000000000 ) ) ;
#7724 = VERTEX_POINT ( 'NONE', #3163 ) ;
#7725 = DIRECTION ( 'NONE',  ( -1.000000000000000000, 0.000000000000000000, 0.000000000000000000 ) ) ;
#7726 = EDGE_CURVE ( 'NONE', #211, #1991, #5848, .T. ) ;
#7727 = DIRECTION ( 'NONE',  ( 0.000000000000000000, 0.000000000000000000, -1.000000000000000000 ) ) ;
#7728 = LINE ( 'NONE', #6269, #8694 ) ;
#7729 = ORIENTED_EDGE ( 'NONE', *, *, #1030, .T. ) ;
#7730 = DIRECTION ( 'NONE',  ( 0.000000000000000000, 0.000000000000000000, -1.000000000000000000 ) ) ;
#7731 = VECTOR ( 'NONE', #2736, 1000.000000000000000 ) ;
#7732 = DIRECTION ( 'NONE',  ( 0.000000000000000000, 0.000000000000000000, 1.000000000000000000 ) ) ;
#7733 = CARTESIAN_POINT ( 'NONE',  ( 43.29999999999999005, 5.000000000000000000, -44.75000000000001421 ) ) ;
#7734 = EDGE_CURVE ( 'NONE', #1709, #592, #1340, .T. ) ;
#7735 = EDGE_CURVE ( 'NONE', #7138, #949, #6142, .T. ) ;
#7736 = ORIENTED_EDGE ( 'NONE', *, *, #7019, .T. ) ;
#7737 = DIRECTION ( 'NONE',  ( -0.000000000000000000, 1.000000000000000000, -0.000000000000000000 ) ) ;
#7738 = ORIENTED_EDGE ( 'NONE', *, *, #8615, .T. ) ;
#7739 = ORIENTED_EDGE ( 'NONE', *, *, #275, .F. ) ;
#7740 = VECTOR ( 'NONE', #5738, 1000.000000000000000 ) ;
#7741 = CIRCLE ( 'NONE', #2088, 1.000000000000000888 ) ;
#7742 = DIRECTION ( 'NONE',  ( 0.000000000000000000, 1.000000000000000000, -0.000000000000000000 ) ) ;
#7743 = VECTOR ( 'NONE', #411, 1000.000000000000000 ) ;
#7744 = VERTEX_POINT ( 'NONE', #8262 ) ;
#7745 = LINE ( 'NONE', #1695, #2366 ) ;
#7746 = CYLINDRICAL_SURFACE ( 'NONE', #4942, 1.750000000000005107 ) ;
#7747 = ADVANCED_FACE ( 'NONE', ( #771 ), #143, .F. ) ;
#7748 = VERTEX_POINT ( 'NONE', #4214 ) ;
#7749 = AXIS2_PLACEMENT_3D ( 'NONE', #5243, #3394, #29 ) ;
#7750 = CARTESIAN_POINT ( 'NONE',  ( -42.00000000000000711, 0.000000000000000000, 30.00000000000002132 ) ) ;
#7751 = ORIENTED_EDGE ( 'NONE', *, *, #8373, .F. ) ;
#7752 = CARTESIAN_POINT ( 'NONE',  ( -59.99999999999997868, 0.000000000000000000, -26.19999999999999574 ) ) ;
#7753 = CARTESIAN_POINT ( 'NONE',  ( 40.00000000000000711, -44.99999999999999289, -50.00099999999999767 ) ) ;
#7754 = DIRECTION ( 'NONE',  ( 0.000000000000000000, 1.000000000000000000, 0.000000000000000000 ) ) ;
#7755 = CARTESIAN_POINT ( 'NONE',  ( -50.99999999999996447, -100.0000000000000000, 35.00000000000000711 ) ) ;
#7756 = DIRECTION ( 'NONE',  ( -0.000000000000000000, -1.000000000000000000, -0.000000000000000000 ) ) ;
#7757 = VECTOR ( 'NONE', #4174, 1000.000000000000000 ) ;
#7758 = DIRECTION ( 'NONE',  ( -1.000000000000000000, 0.000000000000000000, -1.728250562629726132E-16 ) ) ;
#7759 = ADVANCED_FACE ( 'NONE', ( #5390 ), #96, .T. ) ;
#7760 = CARTESIAN_POINT ( 'NONE',  ( -59.99999999999997868, -60.00000000000000000, 2.200000000000002398 ) ) ;
#7761 = ORIENTED_EDGE ( 'NONE', *, *, #151, .T. ) ;
#7762 = ORIENTED_EDGE ( 'NONE', *, *, #2988, .F. ) ;
#7763 = CARTESIAN_POINT ( 'NONE',  ( 19.00000000000000711, -83.50000000000000000, 41.00000000000002842 ) ) ;
#7764 = ORIENTED_EDGE ( 'NONE', *, *, #8253, .F. ) ;
#7765 = DIRECTION ( 'NONE',  ( 0.7071067811865465735, 0.000000000000000000, 0.7071067811865485719 ) ) ;
#7766 = LINE ( 'NONE', #4458, #7953 ) ;
#7767 = ORIENTED_EDGE ( 'NONE', *, *, #5136, .T. ) ;
#7768 = FACE_BOUND ( 'NONE', #6906, .T. ) ;
#7769 = EDGE_CURVE ( 'NONE', #5653, #3404, #7963, .T. ) ;
#7770 = CARTESIAN_POINT ( 'NONE',  ( 19.00000000000000000, -83.50000000000000000, -21.99999999999997868 ) ) ;
#7771 = LINE ( 'NONE', #4415, #4213 ) ;
#7772 = VERTEX_POINT ( 'NONE', #5478 ) ;
#7773 = CARTESIAN_POINT ( 'NONE',  ( -58.99999999999997158, -105.0000000000000142, 42.25000000000009948 ) ) ;
#7774 = EDGE_CURVE ( 'NONE', #7744, #8587, #6900, .T. ) ;
#7775 = DIRECTION ( 'NONE',  ( 0.000000000000000000, -1.000000000000000000, 0.000000000000000000 ) ) ;
#7776 = PLANE ( 'NONE',  #7365 ) ;
#7777 = AXIS2_PLACEMENT_3D ( 'NONE', #6976, #7641, #7554 ) ;
#7778 = EDGE_CURVE ( 'NONE', #534, #1571, #6810, .T. ) ;
#7779 = VERTEX_POINT ( 'NONE', #3372 ) ;
#7780 = CARTESIAN_POINT ( 'NONE',  ( -64.99999999999997158, -98.99999999999998579, 50.00000000000000711 ) ) ;
#7781 = ORIENTED_EDGE ( 'NONE', *, *, #3615, .F. ) ;
#7782 = VERTEX_POINT ( 'NONE', #4775 ) ;
#7783 = LINE ( 'NONE', #1730, #4838 ) ;
#7784 = VERTEX_POINT ( 'NONE', #861 ) ;
#7785 = CARTESIAN_POINT ( 'NONE',  ( -58.99999999999997158, -86.05025253169436894, 46.99999999999998579 ) ) ;
#7786 = CARTESIAN_POINT ( 'NONE',  ( -13.00000000000000888, 0.000000000000000000, 40.00000000000002132 ) ) ;
#7787 = VECTOR ( 'NONE', #2255, 1000.000000000000000 ) ;
#7788 = ORIENTED_EDGE ( 'NONE', *, *, #6091, .F. ) ;
#7789 = EDGE_CURVE ( 'NONE', #3479, #3381, #4916, .T. ) ;
#7790 = CARTESIAN_POINT ( 'NONE',  ( -42.00000000000000711, -8.000000000000000000, 40.00000000000002132 ) ) ;
#7791 = VERTEX_POINT ( 'NONE', #3462 ) ;
#7792 = DIRECTION ( 'NONE',  ( -0.000000000000000000, 1.000000000000000000, -0.000000000000000000 ) ) ;
#7793 = CYLINDRICAL_SURFACE ( 'NONE', #1477, 1.750000000000001554 ) ;
#7794 = DIRECTION ( 'NONE',  ( 1.000000000000000000, 0.000000000000000000, 0.000000000000000000 ) ) ;
#7795 = CIRCLE ( 'NONE', #3149, 0.9999999999999870104 ) ;
#7796 = DIRECTION ( 'NONE',  ( 0.000000000000000000, -1.000000000000000000, 0.000000000000000000 ) ) ;
#7797 = VECTOR ( 'NONE', #1349, 1000.000000000000000 ) ;
#7798 = FACE_BOUND ( 'NONE', #1195, .T. ) ;
#7799 = DIRECTION ( 'NONE',  ( 0.000000000000000000, 0.000000000000000000, -1.000000000000000000 ) ) ;
#7800 = VECTOR ( 'NONE', #6868, 1000.000000000000000 ) ;
#7801 = FACE_OUTER_BOUND ( 'NONE', #4456, .T. ) ;
#7802 = AXIS2_PLACEMENT_3D ( 'NONE', #5156, #3665, #3794 ) ;
#7803 = ORIENTED_EDGE ( 'NONE', *, *, #7889, .T. ) ;
#7804 = ORIENTED_EDGE ( 'NONE', *, *, #6909, .F. ) ;
#7805 = LINE ( 'NONE', #1095, #3582 ) ;
#7806 = ORIENTED_EDGE ( 'NONE', *, *, #7057, .T. ) ;
#7807 = DIRECTION ( 'NONE',  ( 1.000000000000000000, 0.000000000000000000, 0.000000000000000000 ) ) ;
#7808 = FACE_OUTER_BOUND ( 'NONE', #4424, .T. ) ;
#7809 = ORIENTED_EDGE ( 'NONE', *, *, #7958, .F. ) ;
#7810 = FACE_OUTER_BOUND ( 'NONE', #5854, .T. ) ;
#7811 = ADVANCED_FACE ( 'NONE', ( #8126 ), #3417, .F. ) ;
#7812 = AXIS2_PLACEMENT_3D ( 'NONE', #7533, #250, #5669 ) ;
#7813 = DIRECTION ( 'NONE',  ( 0.000000000000000000, 0.000000000000000000, -1.000000000000000000 ) ) ;
#7814 = LINE ( 'NONE', #4463, #8433 ) ;
#7815 = ORIENTED_EDGE ( 'NONE', *, *, #1853, .F. ) ;
#7816 = CARTESIAN_POINT ( 'NONE',  ( -39.69999999999999574, -4.000000000000000000, -47.00000000000000000 ) ) ;
#7817 = AXIS2_PLACEMENT_3D ( 'NONE', #844, #4802, #5461 ) ;
#7818 = EDGE_CURVE ( 'NONE', #6712, #5712, #6098, .T. ) ;
#7819 = SURFACE_STYLE_FILL_AREA ( #3140 ) ;
#7820 = LINE ( 'NONE', #4420, #1304 ) ;
#7821 = EDGE_CURVE ( 'NONE', #1238, #2537, #2044, .T. ) ;
#7822 = AXIS2_PLACEMENT_3D ( 'NONE', #5401, #5938, #7267 ) ;
#7823 = VECTOR ( 'NONE', #514, 1000.000000000000000 ) ;
#7824 = VERTEX_POINT ( 'NONE', #3550 ) ;
#7825 = PLANE ( 'NONE',  #1399 ) ;
#7826 = ORIENTED_EDGE ( 'NONE', *, *, #3514, .T. ) ;
#7827 = EDGE_LOOP ( 'NONE', ( #410, #3412, #1609, #1341 ) ) ;
#7828 = AXIS2_PLACEMENT_3D ( 'NONE', #7329, #623, #5295 ) ;
#7829 = PLANE ( 'NONE',  #8638 ) ;
#7830 = ORIENTED_EDGE ( 'NONE', *, *, #6909, .T. ) ;
#7831 = EDGE_CURVE ( 'NONE', #7631, #5196, #4727, .T. ) ;
#7832 = ADVANCED_FACE ( 'NONE', ( #5573 ), #4590, .T. ) ;
#7833 = AXIS2_PLACEMENT_3D ( 'NONE', #3309, #8681, #3937 ) ;
#7834 = CARTESIAN_POINT ( 'NONE',  ( -56.49999999999995737, -89.05545635173709229, -45.25000000000012790 ) ) ;
#7835 = EDGE_LOOP ( 'NONE', ( #7510, #4831, #1426, #6095 ) ) ;
#7836 = DIRECTION ( 'NONE',  ( 0.000000000000000000, 0.000000000000000000, -1.000000000000000000 ) ) ;
#7837 = ORIENTED_EDGE ( 'NONE', *, *, #2539, .F. ) ;
#7838 = CARTESIAN_POINT ( 'NONE',  ( 39.30000000000000426, -4.000000000000000000, -47.00000000000000000 ) ) ;
#7839 = CARTESIAN_POINT ( 'NONE',  ( 43.29999999999999005, 11.94974746830584600, -44.75000000000001421 ) ) ;
#7840 = LINE ( 'NONE', #1875, #8288 ) ;
#7841 = CARTESIAN_POINT ( 'NONE',  ( 0.000000000000000000, -90.00000000000001421, 38.00000000000000711 ) ) ;
#7842 = ADVANCED_FACE ( 'NONE', ( #6187 ), #5523, .T. ) ;
#7843 = DIRECTION ( 'NONE',  ( -0.000000000000000000, -1.000000000000000000, -0.000000000000000000 ) ) ;
#7844 = CARTESIAN_POINT ( 'NONE',  ( 42.30000000000000426, -105.0000000000000142, 45.00000000000003553 ) ) ;
#7845 = CARTESIAN_POINT ( 'NONE',  ( 0.000000000000000000, -90.00000000000001421, 45.00000000000001421 ) ) ;
#7846 = ORIENTED_EDGE ( 'NONE', *, *, #1758, .F. ) ;
#7847 = ORIENTED_EDGE ( 'NONE', *, *, #5719, .T. ) ;
#7848 = CARTESIAN_POINT ( 'NONE',  ( -61.99999999999997158, -91.00000000000004263, 37.00000000000009948 ) ) ;
#7849 = VERTEX_POINT ( 'NONE', #4868 ) ;
#7850 = CARTESIAN_POINT ( 'NONE',  ( 45.30000000000001847, -100.0000000000000000, 34.00000000000001421 ) ) ;
#7851 = CYLINDRICAL_SURFACE ( 'NONE', #3305, 4.000000000000000000 ) ;
#7852 = EDGE_LOOP ( 'NONE', ( #6136, #76, #3368, #674 ) ) ;
#7853 = LINE ( 'NONE', #8421, #44 ) ;
#7854 =( NAMED_UNIT ( * ) SI_UNIT ( $, .STERADIAN. ) SOLID_ANGLE_UNIT ( ) );
#7855 = DIRECTION ( 'NONE',  ( 0.000000000000000000, 0.000000000000000000, -1.000000000000000000 ) ) ;
#7856 = VECTOR ( 'NONE', #6438, 1000.000000000000000 ) ;
#7857 = VERTEX_POINT ( 'NONE', #12 ) ;
#7858 = DIRECTION ( 'NONE',  ( 0.000000000000000000, 0.000000000000000000, -1.000000000000000000 ) ) ;
#7859 = EDGE_LOOP ( 'NONE', ( #5400, #1227 ) ) ;
#7860 =( NAMED_UNIT ( * ) SI_UNIT ( $, .STERADIAN. ) SOLID_ANGLE_UNIT ( ) );
#7861 = DIRECTION ( 'NONE',  ( 0.000000000000000000, 0.000000000000000000, -1.000000000000000000 ) ) ;
#7862 = CARTESIAN_POINT ( 'NONE',  ( 0.000000000000000000, -90.00000000000001421, 45.00000000000001421 ) ) ;
#7863 = ORIENTED_EDGE ( 'NONE', *, *, #5736, .T. ) ;
#7864 = FACE_OUTER_BOUND ( 'NONE', #479, .T. ) ;
#7865 = VERTEX_POINT ( 'NONE', #7565 ) ;
#7866 = ORIENTED_EDGE ( 'NONE', *, *, #5416, .T. ) ;
#7867 = LINE ( 'NONE', #8603, #6395 ) ;
#7868 = VECTOR ( 'NONE', #7134, 1000.000000000000000 ) ;
#7869 = ORIENTED_EDGE ( 'NONE', *, *, #6141, .T. ) ;
#7870 = VECTOR ( 'NONE', #976, 1000.000000000000000 ) ;
#7871 = MANIFOLD_SOLID_BREP ( 'Cut-Extrude2[2]', #5644 ) ;
#7872 = EDGE_CURVE ( 'NONE', #7423, #912, #328, .T. ) ;
#7873 = AXIS2_PLACEMENT_3D ( 'NONE', #3743, #8491, #1792 ) ;
#7874 = DIRECTION ( 'NONE',  ( 0.000000000000000000, 0.000000000000000000, -1.000000000000000000 ) ) ;
#7875 = AXIS2_PLACEMENT_3D ( 'NONE', #8551, #7460, #576 ) ;
#7876 = ORIENTED_EDGE ( 'NONE', *, *, #2475, .F. ) ;
#7877 = CARTESIAN_POINT ( 'NONE',  ( 5.000000000000002665, -97.00000000000001421, 50.00000000000002132 ) ) ;
#7878 = EDGE_LOOP ( 'NONE', ( #5386, #8488 ) ) ;
#7879 = LINE ( 'NONE', #423, #752 ) ;
#7880 = CARTESIAN_POINT ( 'NONE',  ( 62.00000000000002842, -105.0000000000000142, 50.00000000000000711 ) ) ;
#7881 = DIRECTION ( 'NONE',  ( 0.000000000000000000, 0.000000000000000000, 1.000000000000000000 ) ) ;
#7882 = VECTOR ( 'NONE', #2299, 1000.000000000000000 ) ;
#7883 = FACE_BOUND ( 'NONE', #8690, .T. ) ;
#7884 = CARTESIAN_POINT ( 'NONE',  ( 5.000000000000005329, -105.0000000000000142, 38.00000000000000711 ) ) ;
#7885 = VECTOR ( 'NONE', #3053, 1000.000000000000000 ) ;
#7886 = LINE ( 'NONE', #964, #2641 ) ;
#7887 = ORIENTED_EDGE ( 'NONE', *, *, #1317, .F. ) ;
#7888 = ORIENTED_EDGE ( 'NONE', *, *, #3455, .F. ) ;
#7889 = EDGE_CURVE ( 'NONE', #7182, #6308, #2220, .T. ) ;
#7890 = DIRECTION ( 'NONE',  ( -0.5773502691896231775, 0.5773502691896231775, 0.5773502691896310601 ) ) ;
#7891 = ORIENTED_EDGE ( 'NONE', *, *, #253, .F. ) ;
#7892 = DIRECTION ( 'NONE',  ( 0.000000000000000000, 1.000000000000000000, 0.000000000000000000 ) ) ;
#7893 = DIRECTION ( 'NONE',  ( -1.000000000000000000, -0.000000000000000000, -0.000000000000000000 ) ) ;
#7894 = EDGE_LOOP ( 'NONE', ( #1887, #572, #1653, #3170 ) ) ;
#7895 = FACE_OUTER_BOUND ( 'NONE', #2074, .T. ) ;
#7896 = DIRECTION ( 'NONE',  ( -0.000000000000000000, -1.000000000000000000, -0.000000000000000000 ) ) ;
#7897 = VERTEX_POINT ( 'NONE', #7033 ) ;
#7898 = CARTESIAN_POINT ( 'NONE',  ( -12.99999999999999467, -104.0000000000000142, 31.00000000000000000 ) ) ;
#7899 = ORIENTED_EDGE ( 'NONE', *, *, #6972, .F. ) ;
#7900 = CARTESIAN_POINT ( 'NONE',  ( -42.00000000000000711, -8.000000000000000000, 30.00000000000002132 ) ) ;
#7901 = LINE ( 'NONE', #1202, #5992 ) ;
#7902 = ORIENTED_EDGE ( 'NONE', *, *, #5549, .F. ) ;
#7903 = LINE ( 'NONE', #1861, #3939 ) ;
#7904 = EDGE_LOOP ( 'NONE', ( #8668, #803, #5809, #5813 ) ) ;
#7905 = EDGE_LOOP ( 'NONE', ( #4366, #965, #1699, #7263 ) ) ;
#7906 = CARTESIAN_POINT ( 'NONE',  ( -58.99999999999994316, -105.0000000000000142, -42.25000000000012790 ) ) ;
#7907 = VERTEX_POINT ( 'NONE', #4960 ) ;
#7908 = EDGE_CURVE ( 'NONE', #2607, #3158, #6573, .T. ) ;
#7909 = CARTESIAN_POINT ( 'NONE',  ( -16.50000000000001421, 10.53553390593273775, 36.25000000000003553 ) ) ;
#7910 = VERTEX_POINT ( 'NONE', #1815 ) ;
#7911 = EDGE_CURVE ( 'NONE', #6881, #4906, #2929, .T. ) ;
#7912 = DIRECTION ( 'NONE',  ( 0.000000000000000000, 0.000000000000000000, -1.000000000000000000 ) ) ;
#7913 = ORIENTED_EDGE ( 'NONE', *, *, #5174, .F. ) ;
#7914 = DIRECTION ( 'NONE',  ( 0.000000000000000000, -1.000000000000000000, 0.000000000000000000 ) ) ;
#7915 = DIRECTION ( 'NONE',  ( 0.000000000000000000, -0.8660254037844344888, -0.5000000000000069944 ) ) ;
#7916 = EDGE_CURVE ( 'NONE', #4199, #2655, #6842, .T. ) ;
#7917 = CARTESIAN_POINT ( 'NONE',  ( 49.00000000000000711, -90.50000000000001421, 39.75000000000002132 ) ) ;
#7918 = CIRCLE ( 'NONE', #2560, 6.749999999999999112 ) ;
#7919 = CARTESIAN_POINT ( 'NONE',  ( -35.69999999999999574, -4.000000000000000000, -44.75000000000001421 ) ) ;
#7920 = CARTESIAN_POINT ( 'NONE',  ( -39.99999999999997158, -105.0000000000000142, 38.00000000000001421 ) ) ;
#7921 = ORIENTED_EDGE ( 'NONE', *, *, #2539, .T. ) ;
#7922 = CARTESIAN_POINT ( 'NONE',  ( 5.000000000000005329, -103.0000000000000142, 38.00000000000000711 ) ) ;
#7923 = ORIENTED_EDGE ( 'NONE', *, *, #7435, .F. ) ;
#7924 = CARTESIAN_POINT ( 'NONE',  ( 59.00000000000003553, -105.0000000000000142, -43.99999999999999289 ) ) ;
#7925 = CONICAL_SURFACE ( 'NONE', #5251, 5.999999999999998224, 0.7853981633974378429 ) ;
#7926 = EDGE_CURVE ( 'NONE', #8404, #3917, #2975, .T. ) ;
#7927 = VERTEX_POINT ( 'NONE', #6533 ) ;
#7928 = LINE ( 'NONE', #3429, #5116 ) ;
#7929 = DIRECTION ( 'NONE',  ( 1.000000000000000000, -0.000000000000000000, -0.000000000000000000 ) ) ;
#7930 = EDGE_LOOP ( 'NONE', ( #2132, #6537, #2329, #3854, #5506, #7644 ) ) ;
#7931 = LINE ( 'NONE', #2545, #8359 ) ;
#7932 = AXIS2_PLACEMENT_3D ( 'NONE', #3329, #3957, #6639 ) ;
#7933 = ADVANCED_FACE ( 'NONE', ( #5250 ), #5658, .T. ) ;
#7934 = EDGE_CURVE ( 'NONE', #2215, #4209, #2305, .T. ) ;
#7935 = VECTOR ( 'NONE', #2836, 1000.000000000000114 ) ;
#7936 = DIRECTION ( 'NONE',  ( 0.000000000000000000, 0.000000000000000000, -1.000000000000000000 ) ) ;
#7937 = ORIENTED_EDGE ( 'NONE', *, *, #3223, .F. ) ;
#7938 = CYLINDRICAL_SURFACE ( 'NONE', #7327, 1.750000000000001554 ) ;
#7939 = ORIENTED_EDGE ( 'NONE', *, *, #431, .F. ) ;
#7940 = AXIS2_PLACEMENT_3D ( 'NONE', #2893, #3605, #4310 ) ;
#7941 = CIRCLE ( 'NONE', #3154, 1.000000000000000888 ) ;
#7942 = FACE_OUTER_BOUND ( 'NONE', #3177, .T. ) ;
#7943 = AXIS2_PLACEMENT_3D ( 'NONE', #3856, #7118, #6449 ) ;
#7944 = CARTESIAN_POINT ( 'NONE',  ( -27.50000000000000355, 5.999999999999971578, 41.00000000000001421 ) ) ;
#7945 = ADVANCED_FACE ( 'NONE', ( #8398 ), #8596, .F. ) ;
#7946 = DIRECTION ( 'NONE',  ( -1.000000000000000000, 0.000000000000000000, 0.000000000000000000 ) ) ;
#7947 = ORIENTED_EDGE ( 'NONE', *, *, #2740, .T. ) ;
#7948 = EDGE_CURVE ( 'NONE', #5196, #7631, #4446, .T. ) ;
#7949 = CARTESIAN_POINT ( 'NONE',  ( -60.75735931288066638, -84.80761184457500690, -47.00000000000000711 ) ) ;
#7950 = EDGE_LOOP ( 'NONE', ( #4995, #4695, #1191, #8050 ) ) ;
#7951 = VECTOR ( 'NONE', #3251, 1000.000000000000000 ) ;
#7952 = DIRECTION ( 'NONE',  ( 0.000000000000000000, 0.000000000000000000, -1.000000000000000000 ) ) ;
#7953 = VECTOR ( 'NONE', #4328, 1000.000000000000000 ) ;
#7954 = AXIS2_PLACEMENT_3D ( 'NONE', #7790, #7836, #7126 ) ;
#7955 = DIRECTION ( 'NONE',  ( 0.000000000000000000, -0.7071067811865524577, 0.7071067811865425767 ) ) ;
#7956 = AXIS2_PLACEMENT_3D ( 'NONE', #8379, #2333, #7723 ) ;
#7957 = ORIENTED_EDGE ( 'NONE', *, *, #5462, .F. ) ;
#7958 = EDGE_CURVE ( 'NONE', #2804, #4733, #6365, .T. ) ;
#7959 = LINE ( 'NONE', #3197, #5276 ) ;
#7960 = VERTEX_POINT ( 'NONE', #5705 ) ;
#7961 = CARTESIAN_POINT ( 'NONE',  ( -61.99999999999995737, -100.0000000000000000, -47.00000000000000000 ) ) ;
#7962 = CARTESIAN_POINT ( 'NONE',  ( -55.99999999999996447, -60.00000000000000000, 1.200000000000002176 ) ) ;
#7963 = CIRCLE ( 'NONE', #3179, 5.999999999999998224 ) ;
#7964 = DIRECTION ( 'NONE',  ( 0.000000000000000000, 0.000000000000000000, 1.000000000000000000 ) ) ;
#7965 = CARTESIAN_POINT ( 'NONE',  ( -36.99999999999999289, -100.0000000000000000, 33.00000000000001421 ) ) ;
#7966 = DIRECTION ( 'NONE',  ( 0.000000000000000000, 0.000000000000000000, -1.000000000000000000 ) ) ;
#7967 = ORIENTED_EDGE ( 'NONE', *, *, #1559, .T. ) ;
#7968 = ORIENTED_EDGE ( 'NONE', *, *, #6806, .T. ) ;
#7969 = DIRECTION ( 'NONE',  ( 0.000000000000000000, 0.000000000000000000, -1.000000000000000000 ) ) ;
#7970 = VERTEX_POINT ( 'NONE', #3186 ) ;
#7971 = DIRECTION ( 'NONE',  ( -0.000000000000000000, 1.000000000000000000, -0.000000000000000000 ) ) ;
#7972 = CARTESIAN_POINT ( 'NONE',  ( -31.70000000000001350, 0.000000000000000000, 25.99999999999999645 ) ) ;
#7973 = DIRECTION ( 'NONE',  ( 0.000000000000000000, -0.000000000000000000, 1.000000000000000000 ) ) ;
#7974 = LINE ( 'NONE', #4628, #3720 ) ;
#7975 = CARTESIAN_POINT ( 'NONE',  ( 19.00000000000000711, -83.50000000000000000, 39.75000000000002842 ) ) ;
#7976 = EDGE_CURVE ( 'NONE', #1370, #3393, #5871, .T. ) ;
#7977 = LINE ( 'NONE', #7322, #6176 ) ;
#7978 = ORIENTED_EDGE ( 'NONE', *, *, #3414, .F. ) ;
#7979 = DIRECTION ( 'NONE',  ( 0.000000000000000000, -0.000000000000000000, 1.000000000000000000 ) ) ;
#7980 = ORIENTED_EDGE ( 'NONE', *, *, #5441, .F. ) ;
#7981 = LINE ( 'NONE', #6746, #3086 ) ;
#7982 = DIRECTION ( 'NONE',  ( 0.000000000000000000, -0.7071067811865524577, 0.7071067811865425767 ) ) ;
#7983 = CARTESIAN_POINT ( 'NONE',  ( -27.50000000000000355, 26.09188309203678102, 41.75000000000001421 ) ) ;
#7984 = CIRCLE ( 'NONE', #4046, 1.750000000000001554 ) ;
#7985 = CARTESIAN_POINT ( 'NONE',  ( 44.30000000000000426, -93.50000000000000000, 50.00000000000000711 ) ) ;
#7986 = EDGE_CURVE ( 'NONE', #7748, #4199, #7901, .T. ) ;
#7987 = VERTEX_POINT ( 'NONE', #906 ) ;
#7988 = DIRECTION ( 'NONE',  ( 0.000000000000000000, 0.000000000000000000, -1.000000000000000000 ) ) ;
#7989 = ORIENTED_EDGE ( 'NONE', *, *, #88, .T. ) ;
#7990 = ADVANCED_FACE ( 'NONE', ( #239 ), #2780, .F. ) ;
#7991 = AXIS2_PLACEMENT_3D ( 'NONE', #2603, #8441, #1245 ) ;
#7992 = CARTESIAN_POINT ( 'NONE',  ( -58.99999999999994316, -84.99999999999998579, -44.00000000000012790 ) ) ;
#7993 = ADVANCED_FACE ( 'NONE', ( #710 ), #5999, .F. ) ;
#7994 = FACE_OUTER_BOUND ( 'NONE', #6861, .T. ) ;
#7995 = ORIENTED_EDGE ( 'NONE', *, *, #4334, .F. ) ;
#7996 = ORIENTED_EDGE ( 'NONE', *, *, #2750, .F. ) ;
#7997 = VECTOR ( 'NONE', #1182, 1000.000000000000114 ) ;
#7998 = DIRECTION ( 'NONE',  ( 0.000000000000000000, 0.000000000000000000, -1.000000000000000000 ) ) ;
#7999 = ORIENTED_EDGE ( 'NONE', *, *, #1975, .T. ) ;
#8000 = AXIS2_PLACEMENT_3D ( 'NONE', #669, #8030, #5422 ) ;
#8001 = DIRECTION ( 'NONE',  ( -1.000000000000000000, -0.000000000000000000, -0.000000000000000000 ) ) ;
#8002 = PLANE ( 'NONE',  #2269 ) ;
#8003 = DIRECTION ( 'NONE',  ( 1.000000000000000000, 0.000000000000000000, 0.000000000000000000 ) ) ;
#8004 = DIRECTION ( 'NONE',  ( -0.000000000000000000, -1.000000000000000000, -0.000000000000000000 ) ) ;
#8005 = EDGE_CURVE ( 'NONE', #3395, #1229, #8238, .T. ) ;
#8006 = CARTESIAN_POINT ( 'NONE',  ( -58.99999999999997158, 0.000000000000000000, 43.99999999999998579 ) ) ;
#8007 = FACE_BOUND ( 'NONE', #1167, .T. ) ;
#8008 = VERTEX_POINT ( 'NONE', #8028 ) ;
#8009 = CIRCLE ( 'NONE', #114, 3.000000000000002665 ) ;
#8010 = DIRECTION ( 'NONE',  ( -0.000000000000000000, 1.000000000000000000, -0.000000000000000000 ) ) ;
#8011 = ORIENTED_EDGE ( 'NONE', *, *, #3255, .T. ) ;
#8012 = CARTESIAN_POINT ( 'NONE',  ( 43.29999999999999005, -4.000000000000000000, -41.25000000000000711 ) ) ;
#8013 = ORIENTED_EDGE ( 'NONE', *, *, #2085, .F. ) ;
#8014 = DIRECTION ( 'NONE',  ( 0.000000000000000000, 0.000000000000000000, -1.000000000000000000 ) ) ;
#8015 = CARTESIAN_POINT ( 'NONE',  ( 52.00000000000004263, -98.00000000000000000, -42.75735931288070191 ) ) ;
#8016 = AXIS2_PLACEMENT_3D ( 'NONE', #2881, #5566, #2832 ) ;
#8017 = ORIENTED_EDGE ( 'NONE', *, *, #1044, .T. ) ;
#8018 = DIRECTION ( 'NONE',  ( -1.000000000000000000, 0.000000000000000000, -1.678764654171103751E-16 ) ) ;
#8019 = CARTESIAN_POINT ( 'NONE',  ( -6.999999999999993783, -105.0000000000000142, 47.00000000000000711 ) ) ;
#8020 = EDGE_CURVE ( 'NONE', #7849, #567, #634, .T. ) ;
#8021 = DIRECTION ( 'NONE',  ( -1.000000000000000000, 0.000000000000000000, 0.000000000000000000 ) ) ;
#8022 = ORIENTED_EDGE ( 'NONE', *, *, #8322, .F. ) ;
#8023 = CARTESIAN_POINT ( 'NONE',  ( 62.00000000000002842, 3.535898384862256716, 50.00000000000000711 ) ) ;
#8024 = ORIENTED_EDGE ( 'NONE', *, *, #5394, .F. ) ;
#8025 = LINE ( 'NONE', #5293, #6883 ) ;
#8026 = DIRECTION ( 'NONE',  ( 0.000000000000000000, 0.000000000000000000, -1.000000000000000000 ) ) ;
#8027 = EDGE_CURVE ( 'NONE', #8394, #6941, #6039, .T. ) ;
#8028 = CARTESIAN_POINT ( 'NONE',  ( -58.99999999999994316, -100.0000000000000000, -42.25000000000012790 ) ) ;
#8029 = EDGE_CURVE ( 'NONE', #2301, #3048, #4726, .T. ) ;
#8030 = DIRECTION ( 'NONE',  ( -0.000000000000000000, 1.000000000000000000, -0.000000000000000000 ) ) ;
#8031 = ORIENTED_EDGE ( 'NONE', *, *, #207, .F. ) ;
#8032 = CARTESIAN_POINT ( 'NONE',  ( -58.99999999999997158, -100.0000000000000000, 44.00000000000009948 ) ) ;
#8033 = AXIS2_PLACEMENT_3D ( 'NONE', #6368, #3648, #864 ) ;
#8034 = LINE ( 'NONE', #8078, #1440 ) ;
#8035 = EDGE_CURVE ( 'NONE', #264, #5414, #4063, .T. ) ;
#8036 = CARTESIAN_POINT ( 'NONE',  ( 19.00000000000000000, -83.50000000000000000, -21.99999999999997868 ) ) ;
#8037 = ORIENTED_EDGE ( 'NONE', *, *, #6543, .T. ) ;
#8038 = VERTEX_POINT ( 'NONE', #1939 ) ;
#8039 = DIRECTION ( 'NONE',  ( 0.000000000000000000, 0.000000000000000000, -1.000000000000000000 ) ) ;
#8040 = EDGE_LOOP ( 'NONE', ( #3579, #1720, #1309, #4772 ) ) ;
#8041 = CARTESIAN_POINT ( 'NONE',  ( 37.49999999999998579, 6.000000000000000000, 14.49999999999998046 ) ) ;
#8042 = CARTESIAN_POINT ( 'NONE',  ( -58.99999999999997158, -105.0000000000000142, 44.00000000000009948 ) ) ;
#8043 = AXIS2_PLACEMENT_3D ( 'NONE', #4730, #3405, #1418 ) ;
#8044 = CARTESIAN_POINT ( 'NONE',  ( -64.99999999999997158, -98.99999999999998579, 50.00000000000000711 ) ) ;
#8045 = ADVANCED_FACE ( 'NONE', ( #4640 ), #1900, .F. ) ;
#8046 = LINE ( 'NONE', #2001, #1153 ) ;
#8047 = CARTESIAN_POINT ( 'NONE',  ( -55.00000000000000711, -90.00000000000001421, 32.00000000000001421 ) ) ;
#8048 = VERTEX_POINT ( 'NONE', #1983 ) ;
#8049 = DIRECTION ( 'NONE',  ( 0.000000000000000000, -0.7071067811865491270, 0.7071067811865459074 ) ) ;
#8050 = ORIENTED_EDGE ( 'NONE', *, *, #2466, .F. ) ;
#8051 = CARTESIAN_POINT ( 'NONE',  ( 0.000000000000000000, 7.000000000000000000, 48.00000000000000711 ) ) ;
#8052 = ORIENTED_EDGE ( 'NONE', *, *, #5883, .T. ) ;
#8053 = DIRECTION ( 'NONE',  ( 0.000000000000000000, -1.000000000000000000, 0.000000000000000000 ) ) ;
#8054 = CYLINDRICAL_SURFACE ( 'NONE', #6268, 1.750000000000005107 ) ;
#8055 = CARTESIAN_POINT ( 'NONE',  ( 60.75735931288073033, -84.80761184457502111, -46.99999999999999289 ) ) ;
#8056 = CARTESIAN_POINT ( 'NONE',  ( -58.99999999999997158, -84.99999999999998579, 42.75000000000009948 ) ) ;
#8057 = CARTESIAN_POINT ( 'NONE',  ( 62.00000000000002842, -100.0000000000000000, 50.00000000000000711 ) ) ;
#8058 = DIRECTION ( 'NONE',  ( -0.000000000000000000, 1.000000000000000000, -0.000000000000000000 ) ) ;
#8059 = ORIENTED_EDGE ( 'NONE', *, *, #3111, .T. ) ;
#8060 = CARTESIAN_POINT ( 'NONE',  ( -6.999999999999993783, -103.0000000000000142, 47.00000000000000711 ) ) ;
#8061 = ORIENTED_EDGE ( 'NONE', *, *, #2990, .T. ) ;
#8062 = ORIENTED_EDGE ( 'NONE', *, *, #7623, .T. ) ;
#8063 = VECTOR ( 'NONE', #5358, 1000.000000000000000 ) ;
#8064 = DIRECTION ( 'NONE',  ( 0.000000000000000000, 1.000000000000000000, 0.000000000000000000 ) ) ;
#8065 = CARTESIAN_POINT ( 'NONE',  ( 43.29999999999999005, 11.94974746830584600, -41.25000000000000711 ) ) ;
#8066 = ORIENTED_EDGE ( 'NONE', *, *, #7250, .F. ) ;
#8067 = LINE ( 'NONE', #81, #643 ) ;
#8068 = VECTOR ( 'NONE', #5099, 999.9999999999998863 ) ;
#8069 = DIRECTION ( 'NONE',  ( 0.000000000000000000, 0.000000000000000000, 1.000000000000000000 ) ) ;
#8070 = VECTOR ( 'NONE', #3025, 1000.000000000000000 ) ;
#8071 = VECTOR ( 'NONE', #7336, 1000.000000000000000 ) ;
#8072 = ORIENTED_EDGE ( 'NONE', *, *, #8569, .F. ) ;
#8073 = LINE ( 'NONE', #6754, #6217 ) ;
#8074 = EDGE_CURVE ( 'NONE', #1281, #2580, #7371, .T. ) ;
#8075 = AXIS2_PLACEMENT_3D ( 'NONE', #7056, #5031, #7189 ) ;
#8076 = EDGE_CURVE ( 'NONE', #1617, #7006, #1331, .T. ) ;
#8077 = AXIS2_PLACEMENT_3D ( 'NONE', #5887, #7914, #2531 ) ;
#8078 = CARTESIAN_POINT ( 'NONE',  ( -52.00000000000004263, -100.0000000000000000, -47.00000000000000000 ) ) ;
#8079 = PLANE ( 'NONE',  #2244 ) ;
#8080 = EDGE_LOOP ( 'NONE', ( #4392, #929, #781, #8277 ) ) ;
#8081 = ORIENTED_EDGE ( 'NONE', *, *, #7031, .T. ) ;
#8082 = VECTOR ( 'NONE', #2686, 1000.000000000000000 ) ;
#8083 = EDGE_CURVE ( 'NONE', #3242, #5497, #5567, .T. ) ;
#8084 = EDGE_LOOP ( 'NONE', ( #6860, #6897, #4108, #527, #728 ) ) ;
#8085 = EDGE_CURVE ( 'NONE', #2655, #92, #2640, .T. ) ;
#8086 = DIRECTION ( 'NONE',  ( -0.000000000000000000, -1.000000000000000000, -0.000000000000000000 ) ) ;
#8087 = DIRECTION ( 'NONE',  ( 1.000000000000000000, 0.000000000000000000, -0.000000000000000000 ) ) ;
#8088 = AXIS2_PLACEMENT_3D ( 'NONE', #4622, #8707, #7310 ) ;
#8089 = VECTOR ( 'NONE', #4833, 1000.000000000000000 ) ;
#8090 = ADVANCED_FACE ( 'NONE', ( #5953 ), #5339, .F. ) ;
#8091 = FACE_OUTER_BOUND ( 'NONE', #6389, .T. ) ;
#8092 = CYLINDRICAL_SURFACE ( 'NONE', #3951, 1.000000000000000888 ) ;
#8093 = CARTESIAN_POINT ( 'NONE',  ( -55.00000000000000000, -100.0000000000000000, 32.00000000000001421 ) ) ;
#8094 = ORIENTED_EDGE ( 'NONE', *, *, #7034, .T. ) ;
#8095 = VERTEX_POINT ( 'NONE', #3353 ) ;
#8096 = CARTESIAN_POINT ( 'NONE',  ( 6.707597440443649891E-15, -100.0000000000000000, 29.00000000000000000 ) ) ;
#8097 = VECTOR ( 'NONE', #8086, 1000.000000000000000 ) ;
#8098 = ORIENTED_EDGE ( 'NONE', *, *, #7645, .F. ) ;
#8099 = LINE ( 'NONE', #2056, #2860 ) ;
#8100 = LINE ( 'NONE', #6291, #498 ) ;
#8101 = EDGE_CURVE ( 'NONE', #3517, #7338, #3446, .T. ) ;
#8102 = ORIENTED_EDGE ( 'NONE', *, *, #1503, .F. ) ;
#8103 = EDGE_CURVE ( 'NONE', #7784, #1919, #8067, .T. ) ;
#8104 = FACE_BOUND ( 'NONE', #2116, .T. ) ;
#8105 = CARTESIAN_POINT ( 'NONE',  ( 43.29999999999997584, 5.000000000000000000, 24.75000000000000000 ) ) ;
#8106 = CARTESIAN_POINT ( 'NONE',  ( -49.49999999999995737, -100.0000000000000000, 49.50000000000010658 ) ) ;
#8107 = VERTEX_POINT ( 'NONE', #7944 ) ;
#8108 = DIRECTION ( 'NONE',  ( -1.000000000000000000, 0.000000000000000000, -3.854941057726237604E-16 ) ) ;
#8109 = VERTEX_POINT ( 'NONE', #1371 ) ;
#8110 = VERTEX_POINT ( 'NONE', #6749 ) ;
#8111 = MANIFOLD_SOLID_BREP ( 'Cut-Extrude2[3]', #3392 ) ;
#8112 = CARTESIAN_POINT ( 'NONE',  ( -31.70000000000000639, 0.000000000000000000, -47.00000000000000000 ) ) ;
#8113 = CARTESIAN_POINT ( 'NONE',  ( -52.00000000000004263, -98.00000000000000000, -42.75735931288070191 ) ) ;
#8114 = ORIENTED_EDGE ( 'NONE', *, *, #2113, .F. ) ;
#8115 = DIRECTION ( 'NONE',  ( 0.000000000000000000, 0.000000000000000000, -1.000000000000000000 ) ) ;
#8116 = PLANE ( 'NONE',  #3789 ) ;
#8117 = VERTEX_POINT ( 'NONE', #971 ) ;
#8118 = DIRECTION ( 'NONE',  ( 0.000000000000000000, 0.000000000000000000, -1.000000000000000000 ) ) ;
#8119 = DIRECTION ( 'NONE',  ( -0.000000000000000000, 1.000000000000000000, -0.000000000000000000 ) ) ;
#8120 = VECTOR ( 'NONE', #1962, 1000.000000000000000 ) ;
#8121 = CARTESIAN_POINT ( 'NONE',  ( 36.49999999999998579, 6.000000000000000000, 14.49999999999998046 ) ) ;
#8122 = ORIENTED_EDGE ( 'NONE', *, *, #8083, .T. ) ;
#8123 = VECTOR ( 'NONE', #3995, 1000.000000000000227 ) ;
#8124 = ORIENTED_EDGE ( 'NONE', *, *, #3056, .T. ) ;
#8125 = ORIENTED_EDGE ( 'NONE', *, *, #1586, .T. ) ;
#8126 = FACE_OUTER_BOUND ( 'NONE', #1171, .T. ) ;
#8127 = ADVANCED_FACE ( 'NONE', ( #6082 ), #4242, .T. ) ;
#8128 = CARTESIAN_POINT ( 'NONE',  ( -36.50000000000001421, 6.000000000000000000, 14.49999999999998401 ) ) ;
#8129 = FACE_OUTER_BOUND ( 'NONE', #1374, .T. ) ;
#8130 = DIRECTION ( 'NONE',  ( 1.678764654171103998E-16, -0.000000000000000000, -1.000000000000000000 ) ) ;
#8131 = EDGE_CURVE ( 'NONE', #7226, #582, #2824, .T. ) ;
#8132 = CARTESIAN_POINT ( 'NONE',  ( -58.99999999999995737, -100.0000000000000000, -47.00000000000000000 ) ) ;
#8133 = EDGE_LOOP ( 'NONE', ( #3482, #2391 ) ) ;
#8134 = ORIENTED_EDGE ( 'NONE', *, *, #5890, .T. ) ;
#8135 = CARTESIAN_POINT ( 'NONE',  ( 59.00000000000003553, -105.0000000000000142, -42.24999999999998579 ) ) ;
#8136 = ORIENTED_EDGE ( 'NONE', *, *, #5880, .F. ) ;
#8137 = CARTESIAN_POINT ( 'NONE',  ( 43.29999999999997584, 0.000000000000000000, 24.75000000000000000 ) ) ;
#8138 = FACE_OUTER_BOUND ( 'NONE', #6064, .T. ) ;
#8139 = PLANE ( 'NONE',  #2258 ) ;
#8140 = CARTESIAN_POINT ( 'NONE',  ( 49.00000000000000000, -83.50000000000000000, -20.74999999999997868 ) ) ;
#8141 = VECTOR ( 'NONE', #6084, 1000.000000000000000 ) ;
#8142 = CARTESIAN_POINT ( 'NONE',  ( -61.99999999999997158, -104.0000000000000142, 47.00000000000000711 ) ) ;
#8143 = PLANE ( 'NONE',  #2379 ) ;
#8144 = ORIENTED_EDGE ( 'NONE', *, *, #6543, .F. ) ;
#8145 = LINE ( 'NONE', #2105, #4626 ) ;
#8146 = ADVANCED_FACE ( 'NONE', ( #6927 ), #7637, .T. ) ;
#8147 = AXIS2_PLACEMENT_3D ( 'NONE', #6968, #7682, #933 ) ;
#8148 = ORIENTED_EDGE ( 'NONE', *, *, #586, .T. ) ;
#8149 = VECTOR ( 'NONE', #242, 1000.000000000000000 ) ;
#8150 = ORIENTED_EDGE ( 'NONE', *, *, #2192, .F. ) ;
#8151 = CARTESIAN_POINT ( 'NONE',  ( -50.99999999999996447, -90.00000000000001421, 35.00000000000000711 ) ) ;
#8152 = DIRECTION ( 'NONE',  ( -0.000000000000000000, 1.000000000000000000, -0.000000000000000000 ) ) ;
#8153 = DIRECTION ( 'NONE',  ( -0.000000000000000000, -1.000000000000000000, -0.000000000000000000 ) ) ;
#8154 = ORIENTED_EDGE ( 'NONE', *, *, #2648, .T. ) ;
#8155 = LINE ( 'NONE', #2115, #8141 ) ;
#8156 = ORIENTED_EDGE ( 'NONE', *, *, #8076, .F. ) ;
#8157 = DIRECTION ( 'NONE',  ( 0.000000000000000000, 0.000000000000000000, -1.000000000000000000 ) ) ;
#8158 = EDGE_CURVE ( 'NONE', #6817, #7987, #7549, .T. ) ;
#8159 = DIRECTION ( 'NONE',  ( -0.000000000000000000, -1.000000000000000000, -0.000000000000000000 ) ) ;
#8160 = ORIENTED_EDGE ( 'NONE', *, *, #170, .F. ) ;
#8161 = LINE ( 'NONE', #4113, #4217 ) ;
#8162 = ORIENTED_EDGE ( 'NONE', *, *, #2764, .T. ) ;
#8163 = ORIENTED_EDGE ( 'NONE', *, *, #3888, .F. ) ;
#8164 = EDGE_LOOP ( 'NONE', ( #1656, #1069, #7457, #5202 ) ) ;
#8165 = DIRECTION ( 'NONE',  ( -0.000000000000000000, 1.000000000000000000, -0.000000000000000000 ) ) ;
#8166 = EDGE_CURVE ( 'NONE', #1686, #2344, #6215, .T. ) ;
#8167 = DIRECTION ( 'NONE',  ( 0.000000000000000000, -1.000000000000000000, 0.000000000000000000 ) ) ;
#8168 = LINE ( 'NONE', #775, #4615 ) ;
#8169 = DIRECTION ( 'NONE',  ( 1.000000000000000000, -0.000000000000000000, 5.337610695313253357E-16 ) ) ;
#8170 = DIRECTION ( 'NONE',  ( -5.337610695313253357E-16, 0.000000000000000000, 1.000000000000000000 ) ) ;
#8171 = ORIENTED_EDGE ( 'NONE', *, *, #4540, .F. ) ;
#8172 = EDGE_CURVE ( 'NONE', #2549, #2478, #7502, .T. ) ;
#8173 = EDGE_LOOP ( 'NONE', ( #215, #139 ) ) ;
#8174 = ADVANCED_FACE ( 'NONE', ( #1455 ), #5464, .F. ) ;
#8175 = DIRECTION ( 'NONE',  ( 0.000000000000000000, -0.000000000000000000, -1.000000000000000000 ) ) ;
#8176 = ORIENTED_EDGE ( 'NONE', *, *, #5174, .T. ) ;
#8177 = CARTESIAN_POINT ( 'NONE',  ( -61.99999999999997158, 7.000000000000000000, -46.99999999999999289 ) ) ;
#8178 = CARTESIAN_POINT ( 'NONE',  ( 62.00000000000002842, 7.000000000000000000, -47.99999999999999289 ) ) ;
#8179 = FACE_OUTER_BOUND ( 'NONE', #2401, .T. ) ;
#8180 = VECTOR ( 'NONE', #6845, 1000.000000000000000 ) ;
#8181 = CARTESIAN_POINT ( 'NONE',  ( 0.9999999999999956701, -107.0000000000000000, 43.00000000000000000 ) ) ;
#8182 = DIRECTION ( 'NONE',  ( 0.000000000000000000, -1.000000000000000000, 0.000000000000000000 ) ) ;
#8183 = CARTESIAN_POINT ( 'NONE',  ( 0.000000000000000000, -90.00000000000001421, 32.00000000000001421 ) ) ;
#8184 = ORIENTED_EDGE ( 'NONE', *, *, #8453, .F. ) ;
#8185 = CARTESIAN_POINT ( 'NONE',  ( -64.99999999999997158, -100.0000000000000000, -49.99999999999999289 ) ) ;
#8186 = EDGE_CURVE ( 'NONE', #6802, #883, #2577, .T. ) ;
#8187 = ORIENTED_EDGE ( 'NONE', *, *, #2613, .F. ) ;
#8188 = ORIENTED_EDGE ( 'NONE', *, *, #2767, .T. ) ;
#8189 = CARTESIAN_POINT ( 'NONE',  ( -36.99999999999999289, -90.00000000000001421, 29.00000000000000711 ) ) ;
#8190 = EDGE_CURVE ( 'NONE', #1862, #7603, #5507, .T. ) ;
#8191 = FACE_OUTER_BOUND ( 'NONE', #2967, .T. ) ;
#8192 = LINE ( 'NONE', #6925, #2735 ) ;
#8193 = VERTEX_POINT ( 'NONE', #846 ) ;
#8194 = DIRECTION ( 'NONE',  ( -0.000000000000000000, -1.000000000000000000, -0.000000000000000000 ) ) ;
#8195 = EDGE_CURVE ( 'NONE', #6258, #2499, #4289, .T. ) ;
#8196 = CIRCLE ( 'NONE', #2854, 1.000000000000000888 ) ;
#8197 = PLANE ( 'NONE',  #547 ) ;
#8198 = EDGE_LOOP ( 'NONE', ( #5529, #456, #3924, #8556 ) ) ;
#8199 = DIRECTION ( 'NONE',  ( 0.5465658520092963046, 0.000000000000000000, 0.8374161267956046206 ) ) ;
#8200 = DIRECTION ( 'NONE',  ( -0.000000000000000000, 1.000000000000000000, -0.000000000000000000 ) ) ;
#8201 = CARTESIAN_POINT ( 'NONE',  ( -64.99999999999997158, -98.99999999999998579, 50.00000000000000711 ) ) ;
#8202 = CIRCLE ( 'NONE', #605, 1.750000000000001554 ) ;
#8203 = EDGE_CURVE ( 'NONE', #6308, #6151, #8245, .T. ) ;
#8204 =( BOUNDED_CURVE ( )  B_SPLINE_CURVE ( 3, ( #2484, #7834, #3194, #4476 ),
 .UNSPECIFIED., .F., .F. ) 
 B_SPLINE_CURVE_WITH_KNOTS ( ( 4, 4 ),
 ( 3.926990816987240951, 7.068583470577034511 ),
 .UNSPECIFIED. ) 
 CURVE ( )  GEOMETRIC_REPRESENTATION_ITEM ( )  RATIONAL_B_SPLINE_CURVE ( ( 1.000000000000000000, 0.3333333333333332038, 0.3333333333333332038, 1.000000000000000000 ) ) 
 REPRESENTATION_ITEM ( '' )  );
#8205 = AXIS2_PLACEMENT_3D ( 'NONE', #911, #3467, #6816 ) ;
#8206 = ADVANCED_FACE ( 'NONE', ( #2914, #7012, #3629 ), #265, .T. ) ;
#8207 = ORIENTED_EDGE ( 'NONE', *, *, #2582, .T. ) ;
#8208 = AXIS2_PLACEMENT_3D ( 'NONE', #1012, #3296, #5325 ) ;
#8209 = LINE ( 'NONE', #4206, #6891 ) ;
#8210 = AXIS2_PLACEMENT_3D ( 'NONE', #3683, #3018, #4958 ) ;
#8211 = ORIENTED_EDGE ( 'NONE', *, *, #5950, .F. ) ;
#8212 = ORIENTED_EDGE ( 'NONE', *, *, #1031, .T. ) ;
#8213 = FACE_OUTER_BOUND ( 'NONE', #4913, .T. ) ;
#8214 = EDGE_LOOP ( 'NONE', ( #5601, #792, #5072, #2313 ) ) ;
#8215 = CARTESIAN_POINT ( 'NONE',  ( 19.00000000000000711, -83.50000000000000000, 41.00000000000002842 ) ) ;
#8216 = AXIS2_PLACEMENT_3D ( 'NONE', #2236, #4272, #1441 ) ;
#8217 = AXIS2_PLACEMENT_3D ( 'NONE', #3613, #5632, #4230 ) ;
#8218 = DIRECTION ( 'NONE',  ( 0.000000000000000000, -0.7071067811865524577, 0.7071067811865425767 ) ) ;
#8219 = LINE ( 'NONE', #5623, #7617 ) ;
#8220 = VECTOR ( 'NONE', #5338, 1000.000000000000114 ) ;
#8221 = DIRECTION ( 'NONE',  ( -0.000000000000000000, 1.000000000000000000, -0.000000000000000000 ) ) ;
#8222 = ORIENTED_EDGE ( 'NONE', *, *, #6091, .T. ) ;
#8223 = ORIENTED_EDGE ( 'NONE', *, *, #6077, .T. ) ;
#8224 = EDGE_CURVE ( 'NONE', #8718, #854, #7685, .T. ) ;
#8225 = ORIENTED_EDGE ( 'NONE', *, *, #5736, .F. ) ;
#8226 = FACE_BOUND ( 'NONE', #3757, .T. ) ;
#8227 = EDGE_LOOP ( 'NONE', ( #4953, #1297, #7667, #6140 ) ) ;
#8228 = CYLINDRICAL_SURFACE ( 'NONE', #1175, 1.750000000000005107 ) ;
#8229 = DIRECTION ( 'NONE',  ( 0.7660444431189812331, 0.000000000000000000, 0.6427876096865353661 ) ) ;
#8230 = FACE_OUTER_BOUND ( 'NONE', #5315, .T. ) ;
#8231 = CIRCLE ( 'NONE', #1756, 3.000000000000002665 ) ;
#8232 = DIRECTION ( 'NONE',  ( 0.5000000000000069944, -0.8660254037844344888, 0.000000000000000000 ) ) ;
#8233 = PLANE ( 'NONE',  #4692 ) ;
#8234 = DIRECTION ( 'NONE',  ( 0.000000000000000000, 0.000000000000000000, -1.000000000000000000 ) ) ;
#8235 = VECTOR ( 'NONE', #7555, 1000.000000000000000 ) ;
#8236 = EDGE_LOOP ( 'NONE', ( #507, #3190, #4513, #8443 ) ) ;
#8237 = DIRECTION ( 'NONE',  ( -1.000000000000000000, 0.000000000000000000, -5.551115123125783688E-16 ) ) ;
#8238 = CIRCLE ( 'NONE', #7828, 1.000000000000000888 ) ;
#8239 = ORIENTED_EDGE ( 'NONE', *, *, #5697, .F. ) ;
#8240 = ORIENTED_EDGE ( 'NONE', *, *, #6625, .T. ) ;
#8241 = DIRECTION ( 'NONE',  ( 1.476360405086644556E-16, 0.000000000000000000, -1.000000000000000000 ) ) ;
#8242 = CARTESIAN_POINT ( 'NONE',  ( 33.75000000000000000, 0.000000000000000000, 28.75000000000000355 ) ) ;
#8243 = DIRECTION ( 'NONE',  ( 0.000000000000000000, -1.000000000000000000, 0.000000000000000000 ) ) ;
#8244 = ORIENTED_EDGE ( 'NONE', *, *, #5615, .F. ) ;
#8245 = LINE ( 'NONE', #222, #7664 ) ;
#8246 = ADVANCED_FACE ( 'NONE', ( #4498 ), #8507, .F. ) ;
#8247 = VECTOR ( 'NONE', #2599, 1000.000000000000000 ) ;
#8248 = DIRECTION ( 'NONE',  ( -0.000000000000000000, -1.000000000000000000, -0.000000000000000000 ) ) ;
#8249 = ORIENTED_EDGE ( 'NONE', *, *, #7265, .F. ) ;
#8250 = DIRECTION ( 'NONE',  ( 8.673617379884040402E-17, 1.000000000000000000, 5.196803904905448164E-32 ) ) ;
#8251 = DIRECTION ( 'NONE',  ( -0.000000000000000000, 0.7071067811865459074, -0.7071067811865491270 ) ) ;
#8252 = DIRECTION ( 'NONE',  ( 0.000000000000000000, 0.000000000000000000, -1.000000000000000000 ) ) ;
#8253 = EDGE_CURVE ( 'NONE', #3917, #5855, #3131, .T. ) ;
#8254 = EDGE_LOOP ( 'NONE', ( #3811, #5860, #8059, #4511 ) ) ;
#8255 = CARTESIAN_POINT ( 'NONE',  ( -6.655711229775227444, -125.8626460450250875, 34.99999999999999289 ) ) ;
#8256 = VERTEX_POINT ( 'NONE', #3711 ) ;
#8257 = EDGE_CURVE ( 'NONE', #2344, #3345, #6437, .T. ) ;
#8258 = VERTEX_POINT ( 'NONE', #5814 ) ;
#8259 = ADVANCED_FACE ( 'NONE', ( #7768, #6393, #8381 ), #3758, .F. ) ;
#8260 = PLANE ( 'NONE',  #901 ) ;
#8261 = EDGE_LOOP ( 'NONE', ( #3761, #1005, #4566, #2568 ) ) ;
#8262 = CARTESIAN_POINT ( 'NONE',  ( 39.29999999999998295, 0.000000000000000000, 25.99999999999999645 ) ) ;
#8263 = DIRECTION ( 'NONE',  ( -0.000000000000000000, 1.000000000000000000, -0.000000000000000000 ) ) ;
#8264 = CYLINDRICAL_SURFACE ( 'NONE', #3819, 1.750000000000001554 ) ;
#8265 = FACE_OUTER_BOUND ( 'NONE', #3805, .T. ) ;
#8266 = VERTEX_POINT ( 'NONE', #1145 ) ;
#8267 = ORIENTED_EDGE ( 'NONE', *, *, #1123, .F. ) ;
#8268 = PLANE ( 'NONE',  #201 ) ;
#8269 = ORIENTED_EDGE ( 'NONE', *, *, #2966, .F. ) ;
#8270 = DIRECTION ( 'NONE',  ( 0.7660444431189800119, 0.000000000000000000, -0.6427876096865370315 ) ) ;
#8271 = DIRECTION ( 'NONE',  ( 0.000000000000000000, -1.000000000000000000, 0.000000000000000000 ) ) ;
#8272 = CARTESIAN_POINT ( 'NONE',  ( 62.00000000000002842, -101.5358983848622927, 50.00000000000000711 ) ) ;
#8273 = DIRECTION ( 'NONE',  ( 0.000000000000000000, 0.000000000000000000, -1.000000000000000000 ) ) ;
#8274 = ADVANCED_FACE ( 'NONE', ( #3800 ), #5861, .F. ) ;
#8275 = DIRECTION ( 'NONE',  ( 0.000000000000000000, 0.000000000000000000, 1.000000000000000000 ) ) ;
#8276 = LINE ( 'NONE', #5635, #8626 ) ;
#8277 = ORIENTED_EDGE ( 'NONE', *, *, #6189, .F. ) ;
#8278 = DIRECTION ( 'NONE',  ( 0.000000000000000000, 0.000000000000000000, -1.000000000000000000 ) ) ;
#8279 = VERTEX_POINT ( 'NONE', #2465 ) ;
#8280 = EDGE_LOOP ( 'NONE', ( #3411, #7826, #3235, #7341 ) ) ;
#8281 = AXIS2_PLACEMENT_3D ( 'NONE', #5360, #8049, #5935 ) ;
#8282 = CARTESIAN_POINT ( 'NONE',  ( 0.000000000000000000, -100.0000000000000000, 45.00000000000001421 ) ) ;
#8283 = FACE_OUTER_BOUND ( 'NONE', #1954, .T. ) ;
#8284 = CARTESIAN_POINT ( 'NONE',  ( -38.50000000000000711, 5.000000000000000000, 36.25000000000002842 ) ) ;
#8285 = EDGE_LOOP ( 'NONE', ( #1011, #5696, #6926, #6986 ) ) ;
#8286 = AXIS2_PLACEMENT_3D ( 'NONE', #3022, #5709, #4389 ) ;
#8287 = ADVANCED_FACE ( 'NONE', ( #7810 ), #6478, .T. ) ;
#8288 = VECTOR ( 'NONE', #7214, 1000.000000000000000 ) ;
#8289 = CIRCLE ( 'NONE', #5752, 1.250000000000001110 ) ;
#8290 = CARTESIAN_POINT ( 'NONE',  ( -39.70000000000000995, 7.000000000000000000, -39.00000000000000711 ) ) ;
#8291 = ORIENTED_EDGE ( 'NONE', *, *, #3737, .F. ) ;
#8292 = EDGE_CURVE ( 'NONE', #7784, #2125, #7143, .T. ) ;
#8293 = LINE ( 'NONE', #4946, #2835 ) ;
#8294 = VECTOR ( 'NONE', #5863, 1000.000000000000000 ) ;
#8295 = EDGE_CURVE ( 'NONE', #1768, #2373, #7853, .T. ) ;
#8296 = DIRECTION ( 'NONE',  ( -0.000000000000000000, 1.000000000000000000, -0.000000000000000000 ) ) ;
#8297 = DIRECTION ( 'NONE',  ( 0.7071067811865473507, 0.000000000000000000, 0.7071067811865477948 ) ) ;
#8298 = EDGE_CURVE ( 'NONE', #3876, #2196, #8497, .T. ) ;
#8299 = AXIS2_PLACEMENT_3D ( 'NONE', #1638, #8296, #7642 ) ;
#8300 = VECTOR ( 'NONE', #2168, 1000.000000000000000 ) ;
#8301 = EDGE_CURVE ( 'NONE', #1606, #6060, #3091, .T. ) ;
#8302 = AXIS2_PLACEMENT_3D ( 'NONE', #7105, #2510, #1064 ) ;
#8303 = ORIENTED_EDGE ( 'NONE', *, *, #4811, .T. ) ;
#8304 = CARTESIAN_POINT ( 'NONE',  ( 7.170190367370793454E-16, 7.000000000000000000, 15.49999999999998046 ) ) ;
#8305 = ORIENTED_EDGE ( 'NONE', *, *, #3455, .T. ) ;
#8306 = ORIENTED_EDGE ( 'NONE', *, *, #4250, .T. ) ;
#8307 = CYLINDRICAL_SURFACE ( 'NONE', #3283, 0.9999999999999974465 ) ;
#8308 = ORIENTED_EDGE ( 'NONE', *, *, #3848, .T. ) ;
#8309 = EDGE_CURVE ( 'NONE', #3546, #1710, #2506, .T. ) ;
#8310 = EDGE_CURVE ( 'NONE', #2098, #8256, #7099, .T. ) ;
#8311 = DIRECTION ( 'NONE',  ( 0.000000000000000000, -1.000000000000000000, 0.000000000000000000 ) ) ;
#8312 = CARTESIAN_POINT ( 'NONE',  ( -57.76372342639604085, -100.0000000000000000, 37.70130249412246570 ) ) ;
#8313 = DIRECTION ( 'NONE',  ( 1.000000000000000000, -0.000000000000000000, 0.000000000000000000 ) ) ;
#8314 = ORIENTED_EDGE ( 'NONE', *, *, #8561, .T. ) ;
#8315 = VERTEX_POINT ( 'NONE', #486 ) ;
#8316 = CARTESIAN_POINT ( 'NONE',  ( 42.30000000000000426, -1.737959181815040933E-30, 47.99999999999997868 ) ) ;
#8317 = EDGE_LOOP ( 'NONE', ( #6111, #7616, #36, #3134 ) ) ;
#8318 = DIRECTION ( 'NONE',  ( -0.000000000000000000, 1.000000000000000000, -0.000000000000000000 ) ) ;
#8319 = LINE ( 'NONE', #7839, #5702 ) ;
#8320 = CARTESIAN_POINT ( 'NONE',  ( 62.00000000000002842, 3.535898384862256716, 50.00000000000000711 ) ) ;
#8321 = LINE ( 'NONE', #251, #1322 ) ;
#8322 = EDGE_CURVE ( 'NONE', #4150, #8256, #5203, .T. ) ;
#8323 = CARTESIAN_POINT ( 'NONE',  ( -16.50000000000001421, -8.000000000000000000, 33.25000000000002842 ) ) ;
#8324 = DIRECTION ( 'NONE',  ( -6.938893903907246521E-15, -0.000000000000000000, -1.000000000000000000 ) ) ;
#8325 = PLANE ( 'NONE',  #2524 ) ;
#8326 = EDGE_LOOP ( 'NONE', ( #3907, #7256, #7690, #3681 ) ) ;
#8327 = ORIENTED_EDGE ( 'NONE', *, *, #7065, .F. ) ;
#8328 = CARTESIAN_POINT ( 'NONE',  ( 37.49999999999998579, 7.000000000000000000, 0.000000000000000000 ) ) ;
#8329 = VECTOR ( 'NONE', #6219, 1000.000000000000000 ) ;
#8330 = DIRECTION ( 'NONE',  ( -0.7071067811865465735, -0.000000000000000000, -0.7071067811865485719 ) ) ;
#8331 = CARTESIAN_POINT ( 'NONE',  ( -55.99999999999996447, -60.00000000000000000, 7.200000000000002842 ) ) ;
#8332 = EDGE_LOOP ( 'NONE', ( #989, #5108, #1296, #7079 ) ) ;
#8333 = VECTOR ( 'NONE', #58, 1000.000000000000000 ) ;
#8334 = DIRECTION ( 'NONE',  ( 0.000000000000000000, 1.000000000000000000, -0.000000000000000000 ) ) ;
#8335 = DIRECTION ( 'NONE',  ( -0.000000000000000000, -0.000000000000000000, 1.000000000000000000 ) ) ;
#8336 = ORIENTED_EDGE ( 'NONE', *, *, #2740, .F. ) ;
#8337 = DIRECTION ( 'NONE',  ( 0.000000000000000000, -1.000000000000000000, 0.000000000000000000 ) ) ;
#8338 = ADVANCED_FACE ( 'NONE', ( #7895 ), #1848, .F. ) ;
#8339 = FACE_OUTER_BOUND ( 'NONE', #8254, .T. ) ;
#8340 = CARTESIAN_POINT ( 'NONE',  ( -21.79999999999999716, -90.00000000000001421, 42.50000000000000711 ) ) ;
#8341 = ORIENTED_EDGE ( 'NONE', *, *, #4059, .F. ) ;
#8342 = CARTESIAN_POINT ( 'NONE',  ( -52.00000000000004263, -98.00000000000000000, -47.00000000000000000 ) ) ;
#8343 = EDGE_CURVE ( 'NONE', #8506, #5256, #5686, .T. ) ;
#8344 = ORIENTED_EDGE ( 'NONE', *, *, #7948, .T. ) ;
#8345 = VERTEX_POINT ( 'NONE', #1673 ) ;
#8346 = AXIS2_PLACEMENT_3D ( 'NONE', #3783, #5149, #426 ) ;
#8347 = AXIS2_PLACEMENT_3D ( 'NONE', #4769, #2609, #5426 ) ;
#8348 = DIRECTION ( 'NONE',  ( -0.7071067811865530128, 6.133173666733547089E-17, -0.7071067811865420216 ) ) ;
#8349 = ORIENTED_EDGE ( 'NONE', *, *, #1940, .T. ) ;
#8350 = AXIS2_PLACEMENT_3D ( 'NONE', #726, #5314, #7966 ) ;
#8351 = DIRECTION ( 'NONE',  ( -1.678764654171103998E-16, 0.000000000000000000, 1.000000000000000000 ) ) ;
#8352 = AXIS2_PLACEMENT_3D ( 'NONE', #2317, #1040, #3824 ) ;
#8353 = CARTESIAN_POINT ( 'NONE',  ( -48.99999999999997158, -103.0000000000000142, 46.00000000000001421 ) ) ;
#8354 = CARTESIAN_POINT ( 'NONE',  ( -39.69999999999999574, 0.000000000000000000, -47.00000000000000000 ) ) ;
#8355 = CARTESIAN_POINT ( 'NONE',  ( 65.00000000000002842, -100.0000000000000000, 47.00000000000000711 ) ) ;
#8356 = VECTOR ( 'NONE', #5882, 1000.000000000000000 ) ;
#8357 = ORIENTED_EDGE ( 'NONE', *, *, #5816, .F. ) ;
#8358 = EDGE_CURVE ( 'NONE', #7032, #1729, #5391, .T. ) ;
#8359 = VECTOR ( 'NONE', #6649, 1000.000000000000000 ) ;
#8360 = LINE ( 'NONE', #2270, #4435 ) ;
#8361 = VECTOR ( 'NONE', #3752, 1000.000000000000000 ) ;
#8362 = ORIENTED_EDGE ( 'NONE', *, *, #1997, .F. ) ;
#8363 = CARTESIAN_POINT ( 'NONE',  ( -49.49999999999995737, -91.00000000000004263, 49.50000000000010658 ) ) ;
#8364 = PLANE ( 'NONE',  #56 ) ;
#8365 = LINE ( 'NONE', #6914, #1742 ) ;
#8366 = EDGE_CURVE ( 'NONE', #2549, #4733, #2059, .T. ) ;
#8367 = CARTESIAN_POINT ( 'NONE',  ( -58.99999999999994316, -84.99999999999998579, -42.75000000000012790 ) ) ;
#8368 = PLANE ( 'NONE',  #2430 ) ;
#8369 = LINE ( 'NONE', #475, #6450 ) ;
#8370 = EDGE_LOOP ( 'NONE', ( #379, #3016 ) ) ;
#8371 = EDGE_LOOP ( 'NONE', ( #2779, #770, #7559, #3739 ) ) ;
#8372 = VECTOR ( 'NONE', #4179, 1000.000000000000000 ) ;
#8373 = EDGE_CURVE ( 'NONE', #7032, #3279, #7359, .T. ) ;
#8374 = ADVANCED_FACE ( 'NONE', ( #6026, #4092, #5988, #8104, #3257, #5367 ), #528, .F. ) ;
#8375 = DIRECTION ( 'NONE',  ( -1.678764654171103998E-16, 0.000000000000000000, 1.000000000000000000 ) ) ;
#8376 = VECTOR ( 'NONE', #4939, 1000.000000000000000 ) ;
#8377 = ADVANCED_FACE ( 'NONE', ( #8672 ), #4751, .F. ) ;
#8378 = CARTESIAN_POINT ( 'NONE',  ( -64.99999999999997158, 3.535898384862257160, -49.99999999999999289 ) ) ;
#8379 = CARTESIAN_POINT ( 'NONE',  ( -6.999999999999993783, -103.0000000000000142, 47.00000000000000711 ) ) ;
#8380 = ORIENTED_EDGE ( 'NONE', *, *, #2378, .T. ) ;
#8381 = FACE_OUTER_BOUND ( 'NONE', #6474, .T. ) ;
#8382 = AXIS2_PLACEMENT_3D ( 'NONE', #5307, #1299, #7998 ) ;
#8383 = VECTOR ( 'NONE', #6605, 1000.000000000000000 ) ;
#8384 = FACE_BOUND ( 'NONE', #2121, .T. ) ;
#8385 = LINE ( 'NONE', #8290, #1813 ) ;
#8386 = ORIENTED_EDGE ( 'NONE', *, *, #1503, .T. ) ;
#8387 = CYLINDRICAL_SURFACE ( 'NONE', #5209, 3.000000000000002665 ) ;
#8388 = CARTESIAN_POINT ( 'NONE',  ( -42.00000000000000711, -8.000000000000000000, 30.00000000000002132 ) ) ;
#8389 = CYLINDRICAL_SURFACE ( 'NONE', #3564, 1.250000000000001110 ) ;
#8390 = VECTOR ( 'NONE', #3953, 1000.000000000000000 ) ;
#8391 = ADVANCED_FACE ( 'NONE', ( #2630 ), #656, .F. ) ;
#8392 = ORIENTED_EDGE ( 'NONE', *, *, #7161, .F. ) ;
#8393 = LINE ( 'NONE', #6536, #5063 ) ;
#8394 = VERTEX_POINT ( 'NONE', #4670 ) ;
#8395 = ORIENTED_EDGE ( 'NONE', *, *, #1030, .F. ) ;
#8396 = DIRECTION ( 'NONE',  ( 0.000000000000000000, 0.000000000000000000, -1.000000000000000000 ) ) ;
#8397 = ORIENTED_EDGE ( 'NONE', *, *, #4520, .T. ) ;
#8398 = FACE_OUTER_BOUND ( 'NONE', #3960, .T. ) ;
#8399 = LINE ( 'NONE', #2354, #2646 ) ;
#8400 = DIRECTION ( 'NONE',  ( 0.000000000000000000, 0.000000000000000000, 1.000000000000000000 ) ) ;
#8401 = LINE ( 'NONE', #332, #8070 ) ;
#8402 = ORIENTED_EDGE ( 'NONE', *, *, #4858, .T. ) ;
#8403 = DIRECTION ( 'NONE',  ( -0.5000000000000015543, -0.8660254037844377084, 0.000000000000000000 ) ) ;
#8404 = VERTEX_POINT ( 'NONE', #6691 ) ;
#8405 = DIRECTION ( 'NONE',  ( -1.000000000000000000, 8.673617379884040402E-17, -1.678764654171103998E-16 ) ) ;
#8406 = CYLINDRICAL_SURFACE ( 'NONE', #6410, 1.750000000000001554 ) ;
#8407 = LINE ( 'NONE', #8450, #681 ) ;
#8408 = LINE ( 'NONE', #1747, #1164 ) ;
#8409 = EDGE_CURVE ( 'NONE', #2301, #7910, #1181, .T. ) ;
#8410 = CARTESIAN_POINT ( 'NONE',  ( 59.00000000000002132, -86.05025253169419841, 47.00000000000000711 ) ) ;
#8411 = DIRECTION ( 'NONE',  ( -0.000000000000000000, -1.000000000000000000, -0.000000000000000000 ) ) ;
#8412 = CARTESIAN_POINT ( 'NONE',  ( -13.00000000000000888, -8.000000000000000000, 30.00000000000002132 ) ) ;
#8413 = ORIENTED_EDGE ( 'NONE', *, *, #2032, .F. ) ;
#8414 = ORIENTED_EDGE ( 'NONE', *, *, #3464, .T. ) ;
#8415 = VECTOR ( 'NONE', #1077, 1000.000000000000000 ) ;
#8416 = DIRECTION ( 'NONE',  ( 0.000000000000000000, -1.000000000000000000, 0.000000000000000000 ) ) ;
#8417 = ORIENTED_EDGE ( 'NONE', *, *, #1044, .F. ) ;
#8418 = DIRECTION ( 'NONE',  ( -0.000000000000000000, -1.000000000000000000, -0.000000000000000000 ) ) ;
#8419 = PLANE ( 'NONE',  #7956 ) ;
#8420 = VERTEX_POINT ( 'NONE', #610 ) ;
#8421 = CARTESIAN_POINT ( 'NONE',  ( -26.66666666666680641, -76.66666666666682772, 61.33333333333337833 ) ) ;
#8422 = ADVANCED_FACE ( 'NONE', ( #1358 ), #6608, .T. ) ;
#8423 = LINE ( 'NONE', #7190, #7856 ) ;
#8424 = DIRECTION ( 'NONE',  ( 0.5773502691896266192, 0.5773502691896240657, 0.5773502691896266192 ) ) ;
#8425 = VERTEX_POINT ( 'NONE', #8713 ) ;
#8426 = AXIS2_PLACEMENT_3D ( 'NONE', #5979, #602, #8580 ) ;
#8427 = DIRECTION ( 'NONE',  ( -0.000000000000000000, 1.000000000000000000, -0.000000000000000000 ) ) ;
#8428 = VECTOR ( 'NONE', #330, 1000.000000000000000 ) ;
#8429 = CARTESIAN_POINT ( 'NONE',  ( 49.00000000000000000, -90.50000000000001421, -21.99999999999997868 ) ) ;
#8430 = LINE ( 'NONE', #5210, #4544 ) ;
#8431 = CIRCLE ( 'NONE', #1950, 1.750000000000005107 ) ;
#8432 = EDGE_CURVE ( 'NONE', #756, #1449, #5239, .T. ) ;
#8433 = VECTOR ( 'NONE', #8590, 1000.000000000000000 ) ;
#8434 = EDGE_LOOP ( 'NONE', ( #2908, #2909, #5489, #6492 ) ) ;
#8435 = FACE_OUTER_BOUND ( 'NONE', #4873, .T. ) ;
#8436 = EDGE_LOOP ( 'NONE', ( #6642, #2350, #5114, #451 ) ) ;
#8437 = ORIENTED_EDGE ( 'NONE', *, *, #1654, .F. ) ;
#8438 = DIRECTION ( 'NONE',  ( 0.000000000000000000, 0.000000000000000000, -1.000000000000000000 ) ) ;
#8439 = CIRCLE ( 'NONE', #696, 1.250000000000001110 ) ;
#8440 = EDGE_LOOP ( 'NONE', ( #5398, #5734, #4028, #4225, #5637, #5572, #3171, #3610 ) ) ;
#8441 = DIRECTION ( 'NONE',  ( 0.7071067811865489050, 0.000000000000000000, -0.7071067811865462405 ) ) ;
#8442 = CARTESIAN_POINT ( 'NONE',  ( -48.99999999999997158, -103.0000000000000142, 46.00000000000001421 ) ) ;
#8443 = ORIENTED_EDGE ( 'NONE', *, *, #1838, .F. ) ;
#8444 = VECTOR ( 'NONE', #5910, 1000.000000000000000 ) ;
#8445 = EDGE_CURVE ( 'NONE', #5629, #4675, #5285, .T. ) ;
#8446 = PLANE ( 'NONE',  #7954 ) ;
#8447 = EDGE_LOOP ( 'NONE', ( #2862, #983, #4892, #7024 ) ) ;
#8448 = DIRECTION ( 'NONE',  ( -0.000000000000000000, -1.000000000000000000, -0.000000000000000000 ) ) ;
#8449 = CARTESIAN_POINT ( 'NONE',  ( 37.49999999999998579, 6.000000000000000000, -34.50000000000001421 ) ) ;
#8450 = CARTESIAN_POINT ( 'NONE',  ( 33.75000000000000000, 26.09188309203678102, 28.75000000000000355 ) ) ;
#8451 = DIRECTION ( 'NONE',  ( -1.000000000000000000, 0.000000000000000000, 0.000000000000000000 ) ) ;
#8452 = FACE_OUTER_BOUND ( 'NONE', #6835, .T. ) ;
#8453 = EDGE_CURVE ( 'NONE', #2666, #3557, #7931, .T. ) ;
#8454 = LINE ( 'NONE', #2409, #4687 ) ;
#8455 = LINE ( 'NONE', #302, #3647 ) ;
#8456 = ADVANCED_FACE ( 'NONE', ( #6736 ), #698, .T. ) ;
#8457 = EDGE_LOOP ( 'NONE', ( #6580, #6962, #6548, #2710 ) ) ;
#8458 = VERTEX_POINT ( 'NONE', #2012 ) ;
#8459 = DIRECTION ( 'NONE',  ( -0.000000000000000000, -1.000000000000000000, -0.000000000000000000 ) ) ;
#8460 = VERTEX_POINT ( 'NONE', #1928 ) ;
#8461 = CARTESIAN_POINT ( 'NONE',  ( 62.00000000000002842, -105.0000000000000142, 47.00000000000000711 ) ) ;
#8462 = DIRECTION ( 'NONE',  ( -1.000000000000000000, 0.000000000000000000, -0.000000000000000000 ) ) ;
#8463 = ORIENTED_EDGE ( 'NONE', *, *, #2274, .T. ) ;
#8464 = CARTESIAN_POINT ( 'NONE',  ( -6.568819562365511634E-15, 6.000000000000000000, -35.50000000000001421 ) ) ;
#8465 = CARTESIAN_POINT ( 'NONE',  ( 0.000000000000000000, 0.000000000000000000, 0.000000000000000000 ) ) ;
#8466 = CARTESIAN_POINT ( 'NONE',  ( 62.00000000000002842, -84.80761184457490742, 45.75735931288071612 ) ) ;
#8467 = VERTEX_POINT ( 'NONE', #7272 ) ;
#8468 = DIRECTION ( 'NONE',  ( 0.000000000000000000, 0.000000000000000000, 1.000000000000000000 ) ) ;
#8469 = ADVANCED_FACE ( 'NONE', ( #4715 ), #7410, .F. ) ;
#8470 = EDGE_CURVE ( 'NONE', #6308, #2461, #7974, .T. ) ;
#8471 = EDGE_CURVE ( 'NONE', #5657, #3295, #157, .T. ) ;
#8472 = DIRECTION ( 'NONE',  ( 0.000000000000000000, -0.000000000000000000, -1.000000000000000000 ) ) ;
#8473 = PLANE ( 'NONE',  #2287 ) ;
#8474 = AXIS2_PLACEMENT_3D ( 'NONE', #4512, #5786, #7243 ) ;
#8475 = ORIENTED_EDGE ( 'NONE', *, *, #1736, .F. ) ;
#8476 = PLANE ( 'NONE',  #8474 ) ;
#8477 = ORIENTED_EDGE ( 'NONE', *, *, #1693, .T. ) ;
#8478 = ORIENTED_EDGE ( 'NONE', *, *, #6231, .T. ) ;
#8479 = CARTESIAN_POINT ( 'NONE',  ( -49.49999999999995737, -84.99999999999998579, 49.50000000000010658 ) ) ;
#8480 = EDGE_CURVE ( 'NONE', #821, #1370, #7579, .T. ) ;
#8481 = EDGE_LOOP ( 'NONE', ( #8072, #1473 ) ) ;
#8482 = AXIS2_PLACEMENT_3D ( 'NONE', #4447, #6334, #2407 ) ;
#8483 = CARTESIAN_POINT ( 'NONE',  ( -39.70000000000000995, 7.000000000000000000, 18.99999999999999645 ) ) ;
#8484 = VECTOR ( 'NONE', #8297, 1000.000000000000000 ) ;
#8485 = VERTEX_POINT ( 'NONE', #2141 ) ;
#8486 = AXIS2_PLACEMENT_3D ( 'NONE', #6426, #1796, #4401 ) ;
#8487 = DIRECTION ( 'NONE',  ( 1.000000000000000000, 0.000000000000000000, 0.000000000000000000 ) ) ;
#8488 = ORIENTED_EDGE ( 'NONE', *, *, #3707, .F. ) ;
#8489 = FACE_OUTER_BOUND ( 'NONE', #5565, .T. ) ;
#8490 = DIRECTION ( 'NONE',  ( -1.000000000000000000, 0.000000000000000000, 0.000000000000000000 ) ) ;
#8491 = DIRECTION ( 'NONE',  ( -1.000000000000000000, 0.000000000000000000, -0.000000000000000000 ) ) ;
#8492 = AXIS2_PLACEMENT_3D ( 'NONE', #339, #3031, #1082 ) ;
#8493 = LINE ( 'NONE', #2322, #740 ) ;
#8494 = CIRCLE ( 'NONE', #6807, 1.750000000000001554 ) ;
#8495 = LINE ( 'NONE', #1749, #667 ) ;
#8496 = DIRECTION ( 'NONE',  ( 1.000000000000000000, 0.000000000000000000, 0.000000000000000000 ) ) ;
#8497 = CIRCLE ( 'NONE', #8075, 1.750000000000005107 ) ;
#8498 = CARTESIAN_POINT ( 'NONE',  ( -55.99999999999996447, 0.000000000000000000, -25.19999999999999574 ) ) ;
#8499 = VECTOR ( 'NONE', #1515, 1000.000000000000000 ) ;
#8500 = ORIENTED_EDGE ( 'NONE', *, *, #3583, .T. ) ;
#8501 = VERTEX_POINT ( 'NONE', #6293 ) ;
#8502 = CARTESIAN_POINT ( 'NONE',  ( 31.30000000000000782, -83.50000000000000000, 47.99999999999997868 ) ) ;
#8503 = ORIENTED_EDGE ( 'NONE', *, *, #6103, .T. ) ;
#8504 = DIRECTION ( 'NONE',  ( 0.000000000000000000, 0.000000000000000000, -1.000000000000000000 ) ) ;
#8505 = PLANE ( 'NONE',  #4845 ) ;
#8506 = VERTEX_POINT ( 'NONE', #3432 ) ;
#8507 = PLANE ( 'NONE',  #2440 ) ;
#8508 = VECTOR ( 'NONE', #4834, 1000.000000000000000 ) ;
#8509 = DIRECTION ( 'NONE',  ( 1.000000000000000000, 0.000000000000000000, 0.000000000000000000 ) ) ;
#8510 = CARTESIAN_POINT ( 'NONE',  ( 49.00000000000000711, -83.50000000000000000, 45.00000000000004263 ) ) ;
#8511 = EDGE_LOOP ( 'NONE', ( #4301, #2615, #8148, #744 ) ) ;
#8512 = DIRECTION ( 'NONE',  ( -1.000000000000000000, 0.000000000000000000, -1.728250562629726132E-16 ) ) ;
#8513 = AXIS2_PLACEMENT_3D ( 'NONE', #8680, #8637, #2598 ) ;
#8514 = EDGE_LOOP ( 'NONE', ( #5374, #7127, #4721, #6785 ) ) ;
#8515 =( LENGTH_UNIT ( ) NAMED_UNIT ( * ) SI_UNIT ( .MILLI., .METRE. ) );
#8516 = FACE_OUTER_BOUND ( 'NONE', #7135, .T. ) ;
#8517 = VECTOR ( 'NONE', #3883, 1000.000000000000114 ) ;
#8518 = ORIENTED_EDGE ( 'NONE', *, *, #5883, .F. ) ;
#8519 = CARTESIAN_POINT ( 'NONE',  ( 53.74264068711941178, -84.99999999999998579, -53.74264068711936915 ) ) ;
#8520 = VERTEX_POINT ( 'NONE', #7490 ) ;
#8521 = EDGE_LOOP ( 'NONE', ( #6938, #5500 ) ) ;
#8522 = AXIS2_PLACEMENT_3D ( 'NONE', #6705, #4105, #1243 ) ;
#8523 = DIRECTION ( 'NONE',  ( 0.000000000000000000, -1.000000000000000000, 0.000000000000000000 ) ) ;
#8524 = ORIENTED_EDGE ( 'NONE', *, *, #7119, .F. ) ;
#8525 = EDGE_CURVE ( 'NONE', #1412, #216, #4135, .T. ) ;
#8526 = DIRECTION ( 'NONE',  ( 1.000000000000000000, 0.000000000000000000, 2.851600234482422925E-16 ) ) ;
#8527 = ORIENTED_EDGE ( 'NONE', *, *, #7958, .T. ) ;
#8528 = CARTESIAN_POINT ( 'NONE',  ( -57.75735931288073743, -100.0000000000000000, -36.99999999999999289 ) ) ;
#8529 = ORIENTED_EDGE ( 'NONE', *, *, #2223, .F. ) ;
#8530 = CARTESIAN_POINT ( 'NONE',  ( -39.99999999999997158, -90.00000000000001421, 46.99999999999998579 ) ) ;
#8531 = DIRECTION ( 'NONE',  ( -0.000000000000000000, -1.000000000000000000, -0.000000000000000000 ) ) ;
#8532 = CARTESIAN_POINT ( 'NONE',  ( 0.000000000000000000, -4.000000000000000000, 0.000000000000000000 ) ) ;
#8533 =( NAMED_UNIT ( * ) SI_UNIT ( $, .STERADIAN. ) SOLID_ANGLE_UNIT ( ) );
#8534 = LINE ( 'NONE', #3746, #2210 ) ;
#8535 = LINE ( 'NONE', #1048, #611 ) ;
#8536 = DIRECTION ( 'NONE',  ( 0.000000000000000000, -1.000000000000000000, 0.000000000000000000 ) ) ;
#8537 = VERTEX_POINT ( 'NONE', #923 ) ;
#8538 = EDGE_LOOP ( 'NONE', ( #5218, #6109, #4377, #697 ) ) ;
#8539 = CARTESIAN_POINT ( 'NONE',  ( -58.99999999999997158, -105.0000000000000142, 44.00000000000009948 ) ) ;
#8540 = ORIENTED_EDGE ( 'NONE', *, *, #829, .F. ) ;
#8541 = VECTOR ( 'NONE', #516, 1000.000000000000000 ) ;
#8542 = EDGE_CURVE ( 'NONE', #6081, #92, #2276, .T. ) ;
#8543 = CARTESIAN_POINT ( 'NONE',  ( 33.74999999999999289, 4.000000000000000000, 41.25000000000001421 ) ) ;
#8544 = DIRECTION ( 'NONE',  ( -1.000000000000000000, 0.000000000000000000, -0.000000000000000000 ) ) ;
#8545 = ORIENTED_EDGE ( 'NONE', *, *, #4539, .T. ) ;
#8546 = DIRECTION ( 'NONE',  ( -0.000000000000000000, 1.000000000000000000, -0.000000000000000000 ) ) ;
#8547 = CARTESIAN_POINT ( 'NONE',  ( -61.99999999999997158, -100.0000000000000000, -46.99999999999999289 ) ) ;
#8548 = ORIENTED_EDGE ( 'NONE', *, *, #1724, .T. ) ;
#8549 = CYLINDRICAL_SURFACE ( 'NONE', #8302, 3.000000000000002665 ) ;
#8550 = ORIENTED_EDGE ( 'NONE', *, *, #8310, .T. ) ;
#8551 = CARTESIAN_POINT ( 'NONE',  ( 29.30000000000000782, 7.000000000000000000, 50.00000000000000711 ) ) ;
#8552 = DIRECTION ( 'NONE',  ( 0.000000000000000000, 0.000000000000000000, 1.000000000000000000 ) ) ;
#8553 = EDGE_CURVE ( 'NONE', #7539, #7279, #3524, .T. ) ;
#8554 = PRESENTATION_STYLE_ASSIGNMENT (( #1564 ) ) ;
#8555 = EDGE_CURVE ( 'NONE', #7970, #2993, #6958, .T. ) ;
#8556 = ORIENTED_EDGE ( 'NONE', *, *, #2482, .T. ) ;
#8557 = CARTESIAN_POINT ( 'NONE',  ( 5.000000000000003553, -90.00000000000001421, 48.00000000000000711 ) ) ;
#8558 = EDGE_CURVE ( 'NONE', #7865, #4956, #1534, .T. ) ;
#8559 = ORIENTED_EDGE ( 'NONE', *, *, #3122, .F. ) ;
#8560 = ORIENTED_EDGE ( 'NONE', *, *, #3203, .T. ) ;
#8561 = EDGE_CURVE ( 'NONE', #5415, #4150, #6827, .T. ) ;
#8562 = FACE_BOUND ( 'NONE', #6246, .T. ) ;
#8563 = VECTOR ( 'NONE', #1751, 1000.000000000000000 ) ;
#8564 = VERTEX_POINT ( 'NONE', #1578 ) ;
#8565 = AXIS2_PLACEMENT_3D ( 'NONE', #571, #7191, #3841 ) ;
#8566 = CARTESIAN_POINT ( 'NONE',  ( -61.99999999999997158, -105.0000000000000142, 47.00000000000000711 ) ) ;
#8567 = AXIS2_PLACEMENT_3D ( 'NONE', #5858, #352, #5028 ) ;
#8568 = VERTEX_POINT ( 'NONE', #69 ) ;
#8569 = EDGE_CURVE ( 'NONE', #1122, #5476, #181, .T. ) ;
#8570 = CARTESIAN_POINT ( 'NONE',  ( -58.99999999999997158, 0.000000000000000000, 46.99999999999998579 ) ) ;
#8571 = EDGE_LOOP ( 'NONE', ( #6516, #4815, #4097, #1570 ) ) ;
#8572 = EDGE_CURVE ( 'NONE', #3642, #7249, #8321, .T. ) ;
#8573 = CARTESIAN_POINT ( 'NONE',  ( 37.49999999999998579, 6.000000000000000000, -34.50000000000001421 ) ) ;
#8574 = DIRECTION ( 'NONE',  ( 0.000000000000000000, 0.000000000000000000, -1.000000000000000000 ) ) ;
#8575 = CARTESIAN_POINT ( 'NONE',  ( -21.79999999999999716, -100.0000000000000000, 42.50000000000000711 ) ) ;
#8576 = CARTESIAN_POINT ( 'NONE',  ( 65.00000000000002842, -101.5358983848622927, -46.99999999999999289 ) ) ;
#8577 = LINE ( 'NONE', #7087, #5815 ) ;
#8578 = ORIENTED_EDGE ( 'NONE', *, *, #4783, .F. ) ;
#8579 = VECTOR ( 'NONE', #5205, 1000.000000000000000 ) ;
#8580 = DIRECTION ( 'NONE',  ( 0.000000000000000000, 0.000000000000000000, -1.000000000000000000 ) ) ;
#8581 = ORIENTED_EDGE ( 'NONE', *, *, #4649, .F. ) ;
#8582 = CARTESIAN_POINT ( 'NONE',  ( -35.69999999999999574, 11.94974746830584600, -43.00000000000000711 ) ) ;
#8583 = VERTEX_POINT ( 'NONE', #8140 ) ;
#8584 = CARTESIAN_POINT ( 'NONE',  ( -37.99999999999996447, -90.00000000000001421, 35.00000000000000711 ) ) ;
#8585 = CARTESIAN_POINT ( 'NONE',  ( -59.99999999999997868, 0.000000000000000000, 2.200000000000002398 ) ) ;
#8586 = EDGE_CURVE ( 'NONE', #65, #8315, #4973, .T. ) ;
#8587 = VERTEX_POINT ( 'NONE', #5633 ) ;
#8588 = CARTESIAN_POINT ( 'NONE',  ( 49.00000000000000000, -83.50000000000000000, -21.99999999999997868 ) ) ;
#8589 = ADVANCED_FACE ( 'NONE', ( #6250 ), #113, .T. ) ;
#8590 = DIRECTION ( 'NONE',  ( -9.505334114941409750E-17, -0.000000000000000000, 1.000000000000000000 ) ) ;
#8591 = ORIENTED_EDGE ( 'NONE', *, *, #8195, .F. ) ;
#8592 = PLANE ( 'NONE',  #7749 ) ;
#8593 = ORIENTED_EDGE ( 'NONE', *, *, #2426, .T. ) ;
#8594 = LINE ( 'NONE', #2427, #5619 ) ;
#8595 = CARTESIAN_POINT ( 'NONE',  ( -16.50000000000001421, 0.000000000000000000, 35.00000000000002842 ) ) ;
#8596 = PLANE ( 'NONE',  #365 ) ;
#8597 = DIRECTION ( 'NONE',  ( 0.000000000000000000, -1.000000000000000000, 0.000000000000000000 ) ) ;
#8598 = ORIENTED_EDGE ( 'NONE', *, *, #8309, .F. ) ;
#8599 = EDGE_CURVE ( 'NONE', #702, #2394, #6117, .T. ) ;
#8600 = FACE_BOUND ( 'NONE', #4653, .T. ) ;
#8601 = ORIENTED_EDGE ( 'NONE', *, *, #7517, .T. ) ;
#8602 = ORIENTED_EDGE ( 'NONE', *, *, #4554, .F. ) ;
#8603 = CARTESIAN_POINT ( 'NONE',  ( -52.00000000000005684, -84.99999999999998579, -47.00000000000000000 ) ) ;
#8604 = ORIENTED_EDGE ( 'NONE', *, *, #3500, .T. ) ;
#8605 = CIRCLE ( 'NONE', #306, 3.000000000000002665 ) ;
#8606 = EDGE_CURVE ( 'NONE', #2607, #562, #4791, .T. ) ;
#8607 = CARTESIAN_POINT ( 'NONE',  ( 19.00000000000000711, -100.0000000000000000, 45.00000000000003553 ) ) ;
#8608 = VERTEX_POINT ( 'NONE', #2768 ) ;
#8609 = LINE ( 'NONE', #7877, #7538 ) ;
#8610 = ORIENTED_EDGE ( 'NONE', *, *, #1394, .F. ) ;
#8611 = CARTESIAN_POINT ( 'NONE',  ( -16.50000000000001421, -8.000000000000000000, 36.75000000000003553 ) ) ;
#8612 = LINE ( 'NONE', #4035, #6029 ) ;
#8613 = DIRECTION ( 'NONE',  ( 0.000000000000000000, 0.000000000000000000, -1.000000000000000000 ) ) ;
#8614 = CARTESIAN_POINT ( 'NONE',  ( -38.50000000000000711, 0.000000000000000000, 33.25000000000002132 ) ) ;
#8615 = EDGE_CURVE ( 'NONE', #233, #7724, #2163, .T. ) ;
#8616 = VERTEX_POINT ( 'NONE', #876 ) ;
#8617 = CARTESIAN_POINT ( 'NONE',  ( -57.75735931288073743, -98.00000000000000000, -36.99999999999999289 ) ) ;
#8618 = ORIENTED_EDGE ( 'NONE', *, *, #7320, .T. ) ;
#8619 = CARTESIAN_POINT ( 'NONE',  ( -52.00000000000004263, -98.00000000000000000, -47.00000000000000000 ) ) ;
#8620 = VECTOR ( 'NONE', #7971, 1000.000000000000000 ) ;
#8621 = ORIENTED_EDGE ( 'NONE', *, *, #913, .F. ) ;
#8622 = DIRECTION ( 'NONE',  ( -1.000000000000000000, 0.000000000000000000, 0.000000000000000000 ) ) ;
#8623 = DIRECTION ( 'NONE',  ( 1.678764654171103998E-16, 0.000000000000000000, -1.000000000000000000 ) ) ;
#8624 = ORIENTED_EDGE ( 'NONE', *, *, #7734, .F. ) ;
#8625 = CARTESIAN_POINT ( 'NONE',  ( -27.50000000000000355, 26.09188309203678102, 35.00000000000001421 ) ) ;
#8626 = VECTOR ( 'NONE', #1003, 1000.000000000000000 ) ;
#8627 = FACE_OUTER_BOUND ( 'NONE', #5725, .T. ) ;
#8628 = VECTOR ( 'NONE', #3178, 1000.000000000000000 ) ;
#8629 = CIRCLE ( 'NONE', #7666, 1.750000000000001554 ) ;
#8630 = CARTESIAN_POINT ( 'NONE',  ( -3.837835791779479866, -100.0000000000000000, -4.573754592639868832 ) ) ;
#8631 = ORIENTED_EDGE ( 'NONE', *, *, #1047, .F. ) ;
#8632 = ADVANCED_FACE ( 'NONE', ( #5451 ), #2099, .F. ) ;
#8633 = DIRECTION ( 'NONE',  ( 0.000000000000000000, 1.000000000000000000, -0.000000000000000000 ) ) ;
#8634 = ADVANCED_FACE ( 'NONE', ( #4319 ), #2363, .F. ) ;
#8635 = ORIENTED_EDGE ( 'NONE', *, *, #6266, .T. ) ;
#8636 = FACE_BOUND ( 'NONE', #7859, .T. ) ;
#8637 = DIRECTION ( 'NONE',  ( 0.000000000000000000, 1.000000000000000000, -0.000000000000000000 ) ) ;
#8638 = AXIS2_PLACEMENT_3D ( 'NONE', #2521, #2395, #3234 ) ;
#8639 = FILL_AREA_STYLE_COLOUR ( '', #1773 ) ;
#8640 = CIRCLE ( 'NONE', #5968, 1.750000000000005107 ) ;
#8641 = PLANE ( 'NONE',  #7991 ) ;
#8642 = ORIENTED_EDGE ( 'NONE', *, *, #2400, .T. ) ;
#8643 = CARTESIAN_POINT ( 'NONE',  ( 19.00000000000000711, -83.50000000000000000, 45.00000000000003553 ) ) ;
#8644 = ORIENTED_EDGE ( 'NONE', *, *, #499, .F. ) ;
#8645 = VECTOR ( 'NONE', #563, 1000.000000000000000 ) ;
#8646 = FACE_OUTER_BOUND ( 'NONE', #1821, .T. ) ;
#8647 = AXIS2_PLACEMENT_3D ( 'NONE', #7140, #4410, #7010 ) ;
#8648 = ADVANCED_FACE ( 'NONE', ( #5062 ), #2852, .T. ) ;
#8649 = VECTOR ( 'NONE', #6715, 1000.000000000000000 ) ;
#8650 = DIRECTION ( 'NONE',  ( 0.000000000000000000, -1.000000000000000000, 0.000000000000000000 ) ) ;
#8651 = AXIS2_PLACEMENT_3D ( 'NONE', #5582, #8271, #4927 ) ;
#8652 = ORIENTED_EDGE ( 'NONE', *, *, #641, .F. ) ;
#8653 = ORIENTED_EDGE ( 'NONE', *, *, #913, .T. ) ;
#8654 = CARTESIAN_POINT ( 'NONE',  ( 21.24999999999999645, 26.09188309203678102, 41.25000000000000711 ) ) ;
#8655 = ORIENTED_EDGE ( 'NONE', *, *, #1120, .T. ) ;
#8656 = DIRECTION ( 'NONE',  ( -0.000000000000000000, -1.000000000000000000, -0.000000000000000000 ) ) ;
#8657 = EDGE_CURVE ( 'NONE', #8110, #6700, #1085, .T. ) ;
#8658 = LINE ( 'NONE', #53, #6235 ) ;
#8659 = CIRCLE ( 'NONE', #6979, 3.000000000000002665 ) ;
#8660 = LINE ( 'NONE', #6765, #5877 ) ;
#8661 = CARTESIAN_POINT ( 'NONE',  ( 43.29999999999997584, -4.000000000000000000, 24.75000000000000000 ) ) ;
#8662 = LINE ( 'NONE', #8132, #1308 ) ;
#8663 = ORIENTED_EDGE ( 'NONE', *, *, #8716, .T. ) ;
#8664 = CARTESIAN_POINT ( 'NONE',  ( 36.49999999999998579, 6.000000000000000000, -34.50000000000001421 ) ) ;
#8665 = ADVANCED_FACE ( 'NONE', ( #5102 ), #5800, .F. ) ;
#8666 = EDGE_LOOP ( 'NONE', ( #3052, #247, #4647, #4514 ) ) ;
#8667 = CYLINDRICAL_SURFACE ( 'NONE', #7822, 1.750000000000001554 ) ;
#8668 = ORIENTED_EDGE ( 'NONE', *, *, #2378, .F. ) ;
#8669 = LINE ( 'NONE', #5985, #178 ) ;
#8670 = CARTESIAN_POINT ( 'NONE',  ( -27.50000000000000355, 0.000000000000000000, 35.00000000000001421 ) ) ;
#8671 = EDGE_CURVE ( 'NONE', #8404, #3279, #8408, .T. ) ;
#8672 = FACE_OUTER_BOUND ( 'NONE', #1543, .T. ) ;
#8673 = DIRECTION ( 'NONE',  ( 3.854941057726237604E-16, 0.000000000000000000, -1.000000000000000000 ) ) ;
#8674 = LINE ( 'NONE', #8630, #1252 ) ;
#8675 = VERTEX_POINT ( 'NONE', #7131 ) ;
#8676 = DIRECTION ( 'NONE',  ( -6.207711584730260660E-48, 1.000000000000000000, 3.697785493223491743E-32 ) ) ;
#8677 = EDGE_LOOP ( 'NONE', ( #3011, #4427, #2834, #7098 ) ) ;
#8678 = ADVANCED_FACE ( 'NONE', ( #1043 ), #3745, .T. ) ;
#8679 = PLANE ( 'NONE',  #1386 ) ;
#8680 = CARTESIAN_POINT ( 'NONE',  ( -21.79999999999999716, -90.00000000000001421, 42.50000000000000711 ) ) ;
#8681 = DIRECTION ( 'NONE',  ( 0.000000000000000000, -1.000000000000000000, 0.000000000000000000 ) ) ;
#8682 = STYLED_ITEM ( 'NONE', ( #61 ), #2219 ) ;
#8683 = DIRECTION ( 'NONE',  ( -1.000000000000000000, 0.000000000000000000, -0.000000000000000000 ) ) ;
#8684 = ORIENTED_EDGE ( 'NONE', *, *, #3575, .F. ) ;
#8685 = CARTESIAN_POINT ( 'NONE',  ( 50.33333333333337123, -92.17851130197767873, 47.00000000000000711 ) ) ;
#8686 = CARTESIAN_POINT ( 'NONE',  ( -61.49999999999996447, -85.51992244580439717, 45.25000000000009948 ) ) ;
#8687 = EDGE_CURVE ( 'NONE', #2666, #5909, #2559, .T. ) ;
#8688 = CARTESIAN_POINT ( 'NONE',  ( 65.00000000000002842, -105.0000000000000142, -46.99999999999999289 ) ) ;
#8689 = ORIENTED_EDGE ( 'NONE', *, *, #5718, .F. ) ;
#8690 = EDGE_LOOP ( 'NONE', ( #2289, #8598, #7978, #3313, #3228, #2656, #3941, #3549 ) ) ;
#8691 = AXIS2_PLACEMENT_3D ( 'NONE', #1090, #1136, #430 ) ;
#8692 = CARTESIAN_POINT ( 'NONE',  ( -21.00000000000000000, -8.000000000000000000, 30.00000000000002132 ) ) ;
#8693 = ORIENTED_EDGE ( 'NONE', *, *, #8358, .F. ) ;
#8694 = VECTOR ( 'NONE', #8424, 999.9999999999998863 ) ;
#8695 = DIRECTION ( 'NONE',  ( -1.000000000000000000, -0.000000000000000000, -0.000000000000000000 ) ) ;
#8696 = AXIS2_PLACEMENT_3D ( 'NONE', #5147, #382, #5759 ) ;
#8697 = CARTESIAN_POINT ( 'NONE',  ( -61.99999999999997158, -105.0000000000000142, 47.00000000000000711 ) ) ;
#8698 = VECTOR ( 'NONE', #3577, 999.9999999999998863 ) ;
#8699 = CARTESIAN_POINT ( 'NONE',  ( -58.99999999999994316, -100.0000000000000000, -42.75000000000012790 ) ) ;
#8700 = DIRECTION ( 'NONE',  ( 0.000000000000000000, 0.000000000000000000, -1.000000000000000000 ) ) ;
#8701 = LINE ( 'NONE', #4040, #7228 ) ;
#8702 = VERTEX_POINT ( 'NONE', #298 ) ;
#8703 = CIRCLE ( 'NONE', #6036, 1.000000000000000888 ) ;
#8704 = PLANE ( 'NONE',  #6024 ) ;
#8705 = ADVANCED_FACE ( 'NONE', ( #3699 ), #6997, .F. ) ;
#8706 = ORIENTED_EDGE ( 'NONE', *, *, #2525, .T. ) ;
#8707 = DIRECTION ( 'NONE',  ( 1.000000000000000000, -0.000000000000000000, 5.551115123125777772E-16 ) ) ;
#8708 = MECHANICAL_DESIGN_GEOMETRIC_PRESENTATION_REPRESENTATION (  '', ( #7172 ), #3509 ) ;
#8709 = VERTEX_POINT ( 'NONE', #7755 ) ;
#8710 = LINE ( 'NONE', #5364, #1868 ) ;
#8711 = CYLINDRICAL_SURFACE ( 'NONE', #3597, 5.999999999999998224 ) ;
#8712 = ORIENTED_EDGE ( 'NONE', *, *, #8657, .F. ) ;
#8713 = CARTESIAN_POINT ( 'NONE',  ( -16.50000000000001421, 0.000000000000000000, 33.75000000000002842 ) ) ;
#8714 = EDGE_CURVE ( 'NONE', #6881, #5701, #6378, .T. ) ;
#8715 = DIRECTION ( 'NONE',  ( 0.000000000000000000, 0.000000000000000000, -1.000000000000000000 ) ) ;
#8716 = EDGE_CURVE ( 'NONE', #562, #2216, #8493, .T. ) ;
#8717 = DIRECTION ( 'NONE',  ( 0.000000000000000000, 1.000000000000000000, 0.000000000000000000 ) ) ;
#8718 = VERTEX_POINT ( 'NONE', #6503 ) ;
#8719 = CARTESIAN_POINT ( 'NONE',  ( 19.00000000000000000, -83.50000000000000000, -21.99999999999997868 ) ) ;
#8720 = ORIENTED_EDGE ( 'NONE', *, *, #6355, .T. ) ;
#8721 = CARTESIAN_POINT ( 'NONE',  ( 43.29999999999997584, 0.000000000000000000, 22.99999999999999645 ) ) ;
#8722 = CARTESIAN_POINT ( 'NONE',  ( -39.70000000000000995, -4.000000000000000000, 25.99999999999999645 ) ) ;
#8723 = DIRECTION ( 'NONE',  ( 1.000000000000000000, 0.000000000000000000, 0.000000000000000000 ) ) ;
#8724 = DIRECTION ( 'NONE',  ( -0.000000000000000000, 1.000000000000000000, -0.000000000000000000 ) ) ;
#8725 = EDGE_CURVE ( 'NONE', #970, #2413, #2987, .T. ) ;
ENDSEC;
END-ISO-10303-21;
