#pragma once
#include <Arduino.h>

struct UiGlyph { uint16_t codepoint; uint32_t offset; uint8_t width; uint8_t height; int8_t xOffset; int8_t yOffset; uint8_t advance; };
struct UiFont { const uint8_t *bitmap; const UiGlyph *glyphs; uint16_t glyphCount; uint8_t ascent; uint8_t descent; uint8_t lineHeight; };

static const uint8_t UiFontSmall_bitmap[] = {
  0x2F,0x21,0xF2,0x1F,0x21,0xF2,0x1F,0x21,0xF2,0x0F,0x10,0xF1,0x00,0x01,0x92,0x3D,0x30,0x0C,0x5B,0x60,0x0B,0x4A,0x60,0x0B,
  0x49,0x50,0x05,0x14,0x20,0x00,0x00,0x00,0x00,0x00,0x00,0x00,0x00,0x00,0x00,0x00,0x00,0x00,0x00,0x00,0x00,0x00,0x00,0x00,
  0x00,0x00,0x00,0x5A,0x00,0xB3,0x00,0x07,0x70,0x0E,0x10,0x00,0xA5,0x01,0xE0,0x05,0xFF,0xFF,0xFF,0xF4,0x00,0xE0,0x06,0x90,
  0x00,0x2D,0x00,0x87,0x00,0x04,0xB0,0x0A,0x50,0x0E,0xFF,0xFF,0xFF,0xA0,0x08,0x70,0x0E,0x10,0x00,0xA4,0x02,0xD0,0x00,0x0D,
  0x20,0x4B,0x00,0x00,0x00,0x01,0x50,0x00,0x00,0x00,0x4C,0x00,0x00,0x01,0x9E,0xFC,0x50,0x00,0xCC,0x8D,0x9F,0x30,0x2F,0x24,
  0xC0,0xB9,0x03,0xF3,0x4C,0x02,0x30,0x0C,0xDA,0xD0,0x00,0x00,0x07,0xDF,0xD7,0x00,0x00,0x04,0xD6,0xE9,0x04,0x70,0x4C,0x04,
  0xF0,0x4E,0x14,0xC0,0x5E,0x00,0xCD,0x8D,0x6D,0x80,0x01,0x9E,0xFD,0x70,0x00,0x00,0x4C,0x00,0x00,0x00,0x02,0x50,0x00,0x00,
  0x04,0xDD,0x50,0x00,0x8A,0x00,0x0E,0x43,0xE0,0x03,0xE1,0x00,0x1F,0x00,0xE1,0x0C,0x60,0x00,0x0E,0x33,0xE0,0x7B,0x00,0x00,
  0x05,0xDD,0x52,0xE2,0x00,0x00,0x00,0x00,0x0B,0x70,0x00,0x00,0x00,0x00,0x5C,0x07,0xEC,0x30,0x00,0x01,0xE3,0x2E,0x17,0xB0,
  0x00,0x09,0x80,0x5B,0x03,0xD0,0x00,0x4D,0x10,0x2E,0x17,0xB0,0x01,0xD4,0x00,0x07,0xEC,0x30,0x01,0xAE,0xD5,0x00,0x00,0x8D,
  0x26,0xF1,0x00,0x0A,0x80,0x1F,0x20,0x00,0x6D,0x1A,0xC0,0x00,0x00,0xCE,0xD2,0x00,0x00,0x2D,0xF6,0x00,0x00,0x1D,0x95,0xE2,
  0x4A,0x07,0xD0,0x09,0xC8,0xB0,0x6C,0x00,0x0C,0xF6,0x02,0xE7,0x13,0xCF,0x60,0x04,0xCE,0xD8,0x5E,0x30,0x0C,0x50,0x0B,0x40,
  0x0B,0x40,0x05,0x10,0x00,0x00,0x00,0x00,0x00,0x00,0x00,0x00,0x00,0x00,0x00,0x00,0x00,0x00,0x00,0x57,0x00,0xD5,0x04,0xE1,
  0x08,0xA0,0x0A,0x70,0x0C,0x60,0x0E,0x40,0x0E,0x40,0x0C,0x60,0x0A,0x80,0x06,0xC0,0x01,0xE3,0x00,0x89,0x57,0x00,0x3F,0x20,
  0x0D,0x70,0x07,0xB0,0x05,0xD0,0x03,0xF0,0x01,0xF2,0x01,0xF1,0x03,0xE0,0x05,0xC0,0x0A,0x90,0x1F,0x20,0x6B,0x00,0x00,0x3B,
  0x00,0x03,0x93,0xA4,0x90,0x17,0xDE,0xB3,0x01,0x7D,0xEB,0x40,0x38,0x3A,0x39,0x00,0x02,0x90,0x00,0x00,0x00,0x00,0x00,0x00,
  0x00,0x00,0x00,0x00,0x00,0x00,0x00,0x00,0x00,0x00,0x00,0x00,0x00,0x00,0x03,0xE0,0x00,0x00,0x00,0x3E,0x00,0x00,0x00,0x03,
  0xE0,0x00,0x00,0xDF,0xFF,0xFF,0xA0,0x01,0x14,0xE1,0x11,0x00,0x00,0x3E,0x00,0x00,0x00,0x02,0xC0,0x00,0x00,0x00,0x00,0x00,
  0x00,0x05,0x13,0xE0,0x5A,0x08,0x50,0x3F,0xFF,0xF3,0x01,0x11,0x10,0x00,0x00,0x00,0x00,0x00,0x00,0x00,0x00,0x00,0x19,0x23,
  0xE3,0x00,0x0B,0x50,0x01,0xF1,0x00,0x4C,0x00,0x09,0x80,0x00,0xD4,0x00,0x2E,0x00,0x06,0xB0,0x00,0xA7,0x00,0x0E,0x20,0x03,
  0xD0,0x00,0x79,0x00,0x0B,0x50,0x00,0x31,0x00,0x00,0x00,0x5C,0xEA,0x10,0x00,0x5E,0x53,0x9D,0x10,0x0C,0x60,0x00,0xC6,0x02,
  0xF1,0x00,0x07,0xB0,0x4D,0x00,0x00,0x4D,0x05,0xC0,0x00,0x03,0xE0,0x4D,0x00,0x00,0x4D,0x02,0xF1,0x00,0x07,0xB0,0x0D,0x60,
  0x00,0xC6,0x00,0x5E,0x53,0x9D,0x10,0x00,0x5C,0xEA,0x20,0x00,0x01,0xBF,0x14,0xEB,0xF1,0x95,0x2F,0x10,0x02,0xF1,0x00,0x2F,
  0x10,0x02,0xF1,0x00,0x2F,0x10,0x02,0xF1,0x00,0x2F,0x10,0x02,0xF1,0x00,0x2F,0x10,0x01,0xAE,0xD9,0x10,0x0B,0xA3,0x3B,0xA0,
  0x3E,0x10,0x02,0xF1,0x38,0x00,0x01,0xF2,0x00,0x00,0x05,0xE0,0x00,0x00,0x1D,0x70,0x00,0x01,0xCA,0x00,0x00,0x1C,0xA0,0x00,
  0x01,0xDA,0x00,0x00,0x1D,0xB2,0x11,0x10,0x6F,0xFF,0xFF,0xF4,0x00,0x8D,0xEB,0x20,0x09,0xC3,0x29,0xD1,0x0F,0x30,0x00,0xD5,
  0x05,0x00,0x00,0xD4,0x00,0x01,0x39,0xC0,0x00,0x0C,0xFE,0x30,0x00,0x00,0x15,0xE4,0x26,0x00,0x00,0x8A,0x3F,0x10,0x00,0x9A,
  0x0B,0xB3,0x26,0xE4,0x01,0x9D,0xEC,0x40,0x00,0x00,0x2F,0xB0,0x00,0x00,0x0C,0xDB,0x00,0x00,0x07,0xC7,0xB0,0x00,0x03,0xE3,
  0x7B,0x00,0x00,0xD7,0x07,0xB0,0x00,0x8B,0x00,0x7B,0x00,0x4E,0x20,0x07,0xB0,0x0A,0xFF,0xFF,0xFF,0xF4,0x11,0x11,0x18,0xB1,
  0x00,0x00,0x00,0x7B,0x00,0x00,0x00,0x07,0xB0,0x00,0x0F,0xFF,0xFF,0xD0,0x1F,0x31,0x11,0x10,0x2F,0x00,0x00,0x00,0x3F,0x00,
  0x10,0x00,0x3E,0x8E,0xFC,0x30,0x4F,0x92,0x19,0xD1,0x25,0x00,0x00,0xE4,0x12,0x00,0x00,0xC6,0x5E,0x10,0x01,0xE4,0x1C,0xB3,
  0x3A,0xC0,0x02,0xAE,0xEA,0x10,0x00,0x6C,0xEB,0x30,0x05,0xE5,0x39,0xE1,0x0C,0x50,0x00,0xB4,0x2E,0x00,0x10,0x00,0x4D,0x6D,
  0xFC,0x30,0x5F,0xC3,0x18,0xE1,0x5F,0x30,0x00,0xD6,0x3F,0x00,0x00,0xA8,0x1E,0x30,0x00,0xD5,0x08,0xD4,0x3A,0xD1,0x00,0x8D,
  0xEA,0x20,0xAF,0xFF,0xFF,0xD1,0x11,0x11,0x9B,0x00,0x00,0x1E,0x40,0x00,0x07,0xC0,0x00,0x01,0xE5,0x00,0x00,0x6D,0x00,0x00,
  0x0D,0x60,0x00,0x05,0xE0,0x00,0x00,0xC7,0x00,0x00,0x4E,0x10,0x00,0x0B,0x80,0x00,0x00,0x01,0x9E,0xEA,0x10,0x09,0xC3,0x3B,
  0xB0,0x0E,0x40,0x02,0xF1,0x0D,0x40,0x02,0xF1,0x07,0xC2,0x2B,0xA0,0x01,0xCF,0xFD,0x20,0x0D,0x92,0x18,0xE1,0x4E,0x00,0x00,
  0xC6,0x5E,0x00,0x00,0xC7,0x1D,0x93,0x28,0xE2,0x02,0xAE,0xEB,0x30,0x01,0x9E,0xD9,0x00,0x0C,0xB3,0x3B,0xA0,0x3F,0x10,0x01,
  0xE2,0x5D,0x00,0x00,0xC6,0x3E,0x10,0x01,0xE7,0x0C,0xB3,0x3B,0xF8,0x01,0xAE,0xD7,0xB6,0x00,0x00,0x00,0xD4,0x3C,0x10,0x04,
  0xE0,0x0D,0xA3,0x5D,0x70,0x02,0xBE,0xC7,0x00,0x00,0x03,0xE4,0x18,0x10,0x00,0x00,0x00,0x00,0x19,0x23,0xE3,0x2D,0x41,0x92,
  0x00,0x00,0x00,0x00,0x00,0x71,0x3E,0x06,0x90,0x75,0x00,0x00,0x00,0x00,0x01,0x00,0x00,0x00,0x5D,0x70,0x00,0x05,0xCD,0x60,
  0x00,0x4C,0xD6,0x00,0x00,0x0E,0xD3,0x00,0x00,0x00,0x17,0xEA,0x30,0x00,0x00,0x01,0x8E,0xB2,0x00,0x00,0x00,0x18,0x60,0x0A,
  0xFF,0xFF,0xF7,0x00,0x11,0x11,0x11,0x10,0x01,0x11,0x11,0x10,0x00,0xAF,0xFF,0xFF,0x70,0x00,0x00,0x00,0x00,0x00,0x00,0x00,
  0x00,0x00,0x02,0x00,0x00,0x00,0x00,0xAB,0x30,0x00,0x00,0x01,0x8E,0xB3,0x00,0x00,0x00,0x17,0xEA,0x30,0x00,0x00,0x04,0xEA,
  0x00,0x00,0x4C,0xD6,0x00,0x04,0xCD,0x60,0x00,0x00,0x86,0x00,0x00,0x00,0x03,0xCE,0xD7,0x02,0xE7,0x26,0xE5,0x6C,0x00,0x09,
  0xA2,0x30,0x00,0xA8,0x00,0x00,0x7E,0x20,0x00,0x8E,0x30,0x00,0x1F,0x40,0x00,0x02,0xF1,0x00,0x00,0x00,0x00,0x00,0x02,0x91,
  0x00,0x00,0x3D,0x20,0x00,0x00,0x01,0x8B,0xED,0xB7,0x00,0x00,0x00,0x4D,0xA5,0x22,0x5B,0xC2,0x00,0x02,0xE4,0x00,0x00,0x00,
  0x8C,0x00,0x0B,0x80,0x1A,0xEC,0xA7,0x0C,0x60,0x1F,0x10,0xB9,0x24,0xE8,0x06,0xB0,0x3E,0x02,0xF1,0x00,0x98,0x03,0xD0,0x5C,
  0x03,0xE0,0x00,0x78,0x02,0xF0,0x3E,0x02,0xF1,0x00,0x98,0x03,0xD0,0x1F,0x10,0xB9,0x14,0xEC,0x2A,0x90,0x0B,0x80,0x1A,0xEB,
  0x3C,0xEA,0x10,0x02,0xE4,0x00,0x00,0x00,0x00,0x00,0x00,0x4D,0x94,0x22,0x36,0x00,0x00,0x00,0x01,0x8B,0xEE,0xC9,0x10,0x00,
  0x00,0x04,0xF7,0x00,0x00,0x00,0x9C,0xC0,0x00,0x00,0x0E,0x4F,0x20,0x00,0x05,0xE0,0xB7,0x00,0x00,0xA9,0x07,0xC0,0x00,0x1E,
  0x40,0x2F,0x20,0x05,0xE2,0x11,0xD7,0x00,0xAF,0xFF,0xFF,0xC0,0x1F,0x40,0x00,0x2F,0x25,0xE0,0x00,0x00,0xC7,0xB9,0x00,0x00,
  0x07,0xC0,0x0F,0xFF,0xFD,0x81,0x00,0xF5,0x11,0x4D,0x90,0x0F,0x30,0x00,0x5D,0x00,0xF3,0x00,0x05,0xC0,0x0F,0x41,0x14,0xD6,
  0x00,0xFF,0xFF,0xFB,0x20,0x0F,0x30,0x02,0x9E,0x10,0xF3,0x00,0x00,0xE5,0x0F,0x30,0x00,0x0E,0x40,0xF5,0x11,0x3A,0xD1,0x0F,
  0xFF,0xFE,0xA3,0x00,0x00,0x19,0xCE,0xC5,0x00,0x02,0xDB,0x53,0x6E,0x80,0x09,0xB0,0x00,0x03,0xF2,0x1F,0x30,0x00,0x00,0x84,
  0x4F,0x00,0x00,0x00,0x00,0x5D,0x00,0x00,0x00,0x00,0x4F,0x00,0x00,0x00,0x00,0x1F,0x30,0x00,0x00,0x74,0x0A,0xB0,0x00,0x03,
  0xF2,0x02,0xDB,0x53,0x6E,0x80,0x00,0x19,0xDE,0xC6,0x00,0x0F,0xFF,0xEC,0x70,0x00,0x0F,0x51,0x25,0xDB,0x00,0x0F,0x30,0x00,
  0x1E,0x50,0x0F,0x30,0x00,0x08,0xB0,0x0F,0x30,0x00,0x05,0xD0,0x0F,0x30,0x00,0x04,0xF0,0x0F,0x30,0x00,0x05,0xD0,0x0F,0x30,
  0x00,0x08,0xB0,0x0F,0x30,0x00,0x1E,0x50,0x0F,0x51,0x36,0xEB,0x00,0x0F,0xFF,0xEB,0x60,0x00,0x0F,0xFF,0xFF,0xF9,0x0F,0x51,
  0x11,0x11,0x0F,0x30,0x00,0x00,0x0F,0x30,0x00,0x00,0x0F,0x51,0x11,0x10,0x0F,0xFF,0xFF,0xF3,0x0F,0x30,0x00,0x00,0x0F,0x30,
  0x00,0x00,0x0F,0x30,0x00,0x00,0x0F,0x51,0x11,0x11,0x0F,0xFF,0xFF,0xF9,0x0F,0xFF,0xFF,0xF6,0x0F,0x51,0x11,0x11,0x0F,0x30,
  0x00,0x00,0x0F,0x30,0x00,0x00,0x0F,0x51,0x11,0x10,0x0F,0xFF,0xFF,0xF0,0x0F,0x30,0x00,0x00,0x0F,0x30,0x00,0x00,0x0F,0x30,
  0x00,0x00,0x0F,0x30,0x00,0x00,0x0F,0x30,0x00,0x00,0x00,0x18,0xCE,0xC4,0x00,0x01,0xCC,0x53,0x7E,0x60,0x08,0xC1,0x00,0x05,
  0xF1,0x1E,0x50,0x00,0x00,0xB5,0x3F,0x00,0x00,0x00,0x00,0x5D,0x00,0x00,0x11,0x11,0x4E,0x00,0x05,0xFF,0xF8,0x2F,0x20,0x00,
  0x00,0xC7,0x0B,0xA0,0x00,0x03,0xF3,0x02,0xEB,0x43,0x6E,0x80,0x00,0x19,0xDE,0xC5,0x00,0x0F,0x30,0x00,0x05,0xD0,0x0F,0x30,
  0x00,0x05,0xD0,0x0F,0x30,0x00,0x05,0xD0,0x0F,0x30,0x00,0x05,0xD0,0x0F,0x51,0x11,0x16,0xD0,0x0F,0xFF,0xFF,0xFF,0xD0,0x0F,
  0x30,0x00,0x05,0xD0,0x0F,0x30,0x00,0x05,0xD0,0x0F,0x30,0x00,0x05,0xD0,0x0F,0x30,0x00,0x05,0xD0,0x0F,0x30,0x00,0x05,0xD0,
  0x0F,0x30,0xF3,0x0F,0x30,0xF3,0x0F,0x30,0xF3,0x0F,0x30,0xF3,0x0F,0x30,0xF3,0x0F,0x30,0x00,0x00,0x0B,0x80,0x00,0x00,0xB8,
  0x00,0x00,0x0B,0x80,0x00,0x00,0xB8,0x00,0x00,0x0B,0x80,0x00,0x00,0xB8,0x00,0x00,0x0B,0x86,0x80,0x00,0xB8,0x6E,0x00,0x0E,
  0x62,0xE7,0x27,0xF2,0x04,0xCE,0xC4,0x00,0x0F,0x30,0x00,0x5F,0x40,0xF3,0x00,0x4F,0x60,0x0F,0x30,0x2E,0x80,0x00,0xF3,0x1D,
  0xA0,0x00,0x0F,0x4B,0xC0,0x00,0x00,0xFC,0xEE,0x20,0x00,0x0F,0xD2,0xBB,0x00,0x00,0xF5,0x02,0xE6,0x00,0x0F,0x30,0x06,0xE2,
  0x00,0xF3,0x00,0x0B,0xB0,0x0F,0x30,0x00,0x2E,0x60,0x0F,0x30,0x00,0x00,0x0F,0x30,0x00,0x00,0x0F,0x30,0x00,0x00,0x0F,0x30,
  0x00,0x00,0x0F,0x30,0x00,0x00,0x0F,0x30,0x00,0x00,0x0F,0x30,0x00,0x00,0x0F,0x30,0x00,0x00,0x0F,0x30,0x00,0x00,0x0F,0x51,
  0x11,0x10,0x0F,0xFF,0xFF,0xF2,0x0F,0xD0,0x00,0x00,0x0D,0xF0,0x0F,0xF3,0x00,0x00,0x4F,0xF0,0x0F,0xD9,0x00,0x00,0x9C,0xF0,
  0x0F,0x8E,0x00,0x00,0xE7,0xF0,0x0F,0x4E,0x50,0x05,0xD3,0xF0,0x0F,0x38,0xA0,0x0A,0x83,0xF0,0x0F,0x33,0xF1,0x1E,0x23,0xF0,
  0x0F,0x30,0xC6,0x6C,0x03,0xF0,0x0F,0x30,0x7B,0xB6,0x03,0xF0,0x0F,0x30,0x1F,0xE1,0x03,0xF0,0x0F,0x30,0x0B,0xA0,0x03,0xF0,
  0x0F,0xB0,0x00,0x05,0xE0,0x0F,0xF4,0x00,0x05,0xE0,0x0F,0xAD,0x00,0x05,0xE0,0x0F,0x4D,0x70,0x05,0xE0,0x0F,0x35,0xE1,0x05,
  0xE0,0x0F,0x30,0xB9,0x05,0xE0,0x0F,0x30,0x2F,0x35,0xE0,0x0F,0x30,0x08,0xC5,0xE0,0x0F,0x30,0x01,0xEA,0xE0,0x0F,0x30,0x00,
  0x6F,0xE0,0x0F,0x30,0x00,0x0C,0xE0,0x00,0x19,0xDE,0xB4,0x00,0x02,0xDB,0x53,0x7F,0x70,0x09,0xB0,0x00,0x04,0xF2,0x1F,0x30,
  0x00,0x00,0xB8,0x4F,0x00,0x00,0x00,0x8B,0x5D,0x00,0x00,0x00,0x6C,0x4F,0x00,0x00,0x00,0x8B,0x1F,0x30,0x00,0x00,0xB8,0x09,
  0xB0,0x00,0x04,0xF2,0x02,0xDB,0x43,0x7E,0x70,0x00,0x19,0xDE,0xB4,0x00,0x0F,0xFF,0xFD,0x80,0x00,0xF5,0x12,0x4D,0x80,0x0F,
  0x30,0x00,0x5E,0x00,0xF3,0x00,0x02,0xF1,0x0F,0x30,0x00,0x5E,0x00,0xF5,0x12,0x4D,0x80,0x0F,0xFF,0xFD,0x80,0x00,0xF3,0x00,
  0x00,0x00,0x0F,0x30,0x00,0x00,0x00,0xF3,0x00,0x00,0x00,0x0F,0x30,0x00,0x00,0x00,0x00,0x19,0xDE,0xB4,0x00,0x02,0xDB,0x53,
  0x7F,0x70,0x09,0xB0,0x00,0x04,0xF2,0x1F,0x30,0x00,0x00,0xB8,0x4F,0x00,0x00,0x00,0x8B,0x5D,0x00,0x00,0x00,0x6C,0x4F,0x00,
  0x00,0x00,0x8B,0x1F,0x30,0x17,0x20,0xB8,0x09,0xB0,0x09,0xB5,0xE2,0x02,0xDB,0x43,0xEF,0x60,0x00,0x19,0xDE,0xBE,0x30,0x00,
  0x00,0x00,0x06,0xA0,0x0F,0xFF,0xFD,0x91,0x00,0xF5,0x11,0x4C,0xA0,0x0F,0x30,0x00,0x3F,0x10,0xF3,0x00,0x00,0xF3,0x0F,0x30,
  0x00,0x3F,0x20,0xF5,0x11,0x4C,0xB0,0x0F,0xFF,0xFF,0x91,0x00,0xF3,0x01,0xE7,0x00,0x0F,0x30,0x06,0xE1,0x00,0xF3,0x00,0x0D,
  0x80,0x0F,0x30,0x00,0x5F,0x20,0x01,0x9D,0xEC,0x40,0x00,0xCB,0x43,0x8F,0x30,0x2F,0x10,0x00,0xA9,0x03,0xF2,0x00,0x02,0x30,
  0x0B,0xE7,0x30,0x00,0x00,0x07,0xCF,0xD7,0x00,0x00,0x00,0x26,0xE9,0x04,0x70,0x00,0x04,0xF0,0x4E,0x10,0x00,0x5E,0x00,0xCC,
  0x42,0x5D,0x80,0x01,0x9D,0xED,0x70,0x00,0xAF,0xFF,0xFF,0xFF,0x31,0x11,0x6E,0x11,0x10,0x00,0x05,0xD0,0x00,0x00,0x00,0x5D,
  0x00,0x00,0x00,0x05,0xD0,0x00,0x00,0x00,0x5D,0x00,0x00,0x00,0x05,0xD0,0x00,0x00,0x00,0x5D,0x00,0x00,0x00,0x05,0xD0,0x00,
  0x00,0x00,0x5D,0x00,0x00,0x00,0x05,0xD0,0x00,0x00,0x1F,0x30,0x00,0x05,0xD0,0x1F,0x30,0x00,0x05,0xD0,0x1F,0x30,0x00,0x05,
  0xD0,0x1F,0x30,0x00,0x05,0xD0,0x1F,0x30,0x00,0x05,0xD0,0x1F,0x30,0x00,0x05,0xD0,0x1F,0x30,0x00,0x05,0xD0,0x0F,0x40,0x00,
  0x06,0xC0,0x0C,0x80,0x00,0x0B,0x90,0x04,0xF8,0x34,0xAE,0x20,0x00,0x4B,0xEE,0xA2,0x00,0xB9,0x00,0x00,0x07,0xC5,0xE0,0x00,
  0x00,0xC7,0x1F,0x40,0x00,0x1F,0x20,0xA9,0x00,0x06,0xC0,0x05,0xD0,0x00,0xB7,0x00,0x1E,0x30,0x1F,0x20,0x00,0xA8,0x06,0xC0,
  0x00,0x05,0xD0,0xA7,0x00,0x00,0x0E,0x3E,0x20,0x00,0x00,0x9C,0xC0,0x00,0x00,0x04,0xF7,0x00,0x00,0xB7,0x00,0x03,0xF7,0x00,
  0x03,0xF1,0x7B,0x00,0x07,0xFB,0x00,0x07,0xB0,0x4E,0x00,0x0A,0x9E,0x00,0x0B,0x80,0x0E,0x30,0x0E,0x3E,0x30,0x0E,0x40,0x0B,
  0x70,0x3E,0x0B,0x70,0x3F,0x00,0x07,0xA0,0x6B,0x07,0xA0,0x6B,0x00,0x03,0xE0,0xA7,0x03,0xE0,0xA7,0x00,0x00,0xE2,0xD3,0x00,
  0xE2,0xD4,0x00,0x00,0xB7,0xE0,0x00,0xB7,0xE0,0x00,0x00,0x7D,0xB0,0x00,0x7E,0xB0,0x00,0x00,0x3F,0x70,0x00,0x3F,0x70,0x00,
  0x5F,0x20,0x00,0x2E,0x50,0xAB,0x00,0x0A,0xB0,0x01,0xE6,0x05,0xE2,0x00,0x06,0xE2,0xD6,0x00,0x00,0x0B,0xEC,0x00,0x00,0x00,
  0x5F,0x60,0x00,0x00,0x1D,0xCE,0x10,0x00,0x09,0xC0,0xC9,0x00,0x03,0xF3,0x03,0xF4,0x00,0xD8,0x00,0x08,0xD1,0x8D,0x00,0x00,
  0x0D,0x80,0x9C,0x00,0x00,0x0D,0x81,0xE6,0x00,0x06,0xE1,0x06,0xE1,0x01,0xE6,0x00,0x0C,0x80,0x8C,0x00,0x00,0x4F,0x4F,0x40,
  0x00,0x00,0xAF,0xA0,0x00,0x00,0x03,0xF3,0x00,0x00,0x00,0x2F,0x20,0x00,0x00,0x02,0xF2,0x00,0x00,0x00,0x2F,0x20,0x00,0x00,
  0x02,0xF2,0x00,0x00,0x6F,0xFF,0xFF,0xFF,0x21,0x11,0x11,0x1A,0xC0,0x00,0x00,0x05,0xE2,0x00,0x00,0x02,0xE6,0x00,0x00,0x00,
  0xBA,0x00,0x00,0x00,0x7E,0x10,0x00,0x00,0x3F,0x40,0x00,0x00,0x0D,0x80,0x00,0x00,0x09,0xC0,0x00,0x00,0x04,0xF4,0x11,0x11,
  0x10,0x9F,0xFF,0xFF,0xFF,0x30,0x0E,0xF9,0x0E,0x30,0x0E,0x30,0x0E,0x30,0x0E,0x30,0x0E,0x30,0x0E,0x30,0x0E,0x30,0x0E,0x30,
  0x0E,0x30,0x0E,0x30,0x0E,0x30,0x0E,0xF9,0xC5,0x00,0x08,0x90,0x00,0x4D,0x00,0x00,0xE2,0x00,0x0A,0x60,0x00,0x6A,0x00,0x02,
  0xE0,0x00,0x0D,0x30,0x00,0x97,0x00,0x05,0xB0,0x00,0x1E,0x00,0x00,0xC4,0x00,0x02,0x10,0x7F,0xF1,0x01,0xF1,0x01,0xF1,0x01,
  0xF1,0x01,0xF1,0x01,0xF1,0x01,0xF1,0x01,0xF1,0x01,0xF1,0x01,0xF1,0x01,0xF1,0x01,0xF1,0x7F,0xF1,0x00,0xDE,0x10,0x05,0xCB,
  0x70,0x0C,0x54,0xD0,0x4D,0x00,0xC6,0x33,0x00,0x23,0x00,0x00,0x00,0x00,0x00,0x00,0x00,0x00,0x00,0x00,0x00,0x00,0x00,0x00,
  0x00,0xFF,0xFF,0xFF,0x51,0x11,0x11,0x10,0x3E,0x10,0x97,0x00,0x00,0x00,0x00,0x00,0x00,0x00,0x00,0x00,0x00,0x00,0x00,0x00,
  0x00,0x04,0xCE,0xD5,0x01,0xE8,0x26,0xF2,0x26,0x00,0x0D,0x50,0x16,0xAC,0xF6,0x2E,0xB7,0x3C,0x66,0xD0,0x00,0xD6,0x4F,0x41,
  0x7F,0x60,0x8E,0xE8,0xC6,0x2F,0x00,0x00,0x00,0x2F,0x00,0x00,0x00,0x2F,0x00,0x00,0x00,0x2F,0x4C,0xEA,0x10,0x2F,0xC3,0x2A,
  0xB0,0x2F,0x30,0x01,0xF3,0x2F,0x00,0x00,0xC5,0x2F,0x00,0x00,0xC5,0x2F,0x30,0x01,0xF3,0x2F,0xC3,0x2A,0xC0,0x2F,0x4C,0xEA,
  0x10,0x01,0xAE,0xD7,0x00,0xCA,0x24,0xD7,0x4E,0x00,0x04,0x77,0xB0,0x00,0x00,0x7B,0x00,0x00,0x04,0xE0,0x00,0x47,0x0C,0x92,
  0x4D,0x70,0x1A,0xED,0x70,0x00,0x00,0x02,0xF1,0x00,0x00,0x02,0xF1,0x00,0x00,0x02,0xF1,0x02,0xBE,0xC5,0xF1,0x0D,0x92,0x4D,
  0xF1,0x4E,0x00,0x05,0xF1,0x7B,0x00,0x01,0xF1,0x7B,0x00,0x01,0xF1,0x4E,0x00,0x05,0xF1,0x0D,0x92,0x3D,0xF1,0x02,0xBE,0xC4,
  0xF1,0x02,0xAE,0xD7,0x00,0x0D,0x81,0x3D,0x60,0x5D,0x00,0x05,0xD0,0x7F,0xFF,0xFF,0xF0,0x6B,0x00,0x00,0x00,0x4E,0x00,0x04,
  0x70,0x0C,0xA2,0x4D,0x70,0x01,0xAE,0xD8,0x00,0x02,0xBF,0x09,0xA0,0x09,0x80,0xEF,0xFF,0x09,0x80,0x09,0x80,0x09,0x80,0x09,
  0x80,0x09,0x80,0x09,0x80,0x09,0x80,0x02,0xBE,0xC4,0xF1,0x0D,0x92,0x4D,0xF1,0x4E,0x00,0x05,0xF1,0x7B,0x00,0x01,0xF1,0x7B,
  0x00,0x01,0xF1,0x4E,0x00,0x05,0xF1,0x0D,0x92,0x3C,0xF1,0x02,0xBE,0xC4,0xF1,0x04,0x10,0x03,0xE0,0x0D,0x92,0x2B,0xA0,0x03,
  0xBE,0xE9,0x10,0x2F,0x00,0x00,0x00,0x2F,0x00,0x00,0x00,0x2F,0x00,0x00,0x00,0x2F,0x5D,0xE9,0x00,0x2F,0xB2,0x3D,0x60,0x2F,
  0x20,0x07,0xA0,0x2F,0x00,0x06,0xC0,0x2F,0x00,0x06,0xC0,0x2F,0x00,0x06,0xC0,0x2F,0x00,0x06,0xC0,0x2F,0x00,0x06,0xC0,0x3D,
  0x21,0x70,0x00,0x02,0xF0,0x2F,0x02,0xF0,0x2F,0x02,0xF0,0x2F,0x02,0xF0,0x2F,0x00,0x03,0xD2,0x01,0x70,0x00,0x00,0x02,0xF0,
  0x02,0xF0,0x02,0xF0,0x02,0xF0,0x02,0xF0,0x02,0xF0,0x02,0xF0,0x02,0xF0,0x02,0xF0,0x06,0xD0,0x6E,0x60,0x2F,0x00,0x00,0x00,
  0x2F,0x00,0x00,0x00,0x2F,0x00,0x00,0x00,0x2F,0x00,0x2E,0x60,0x2F,0x02,0xD8,0x00,0x2F,0x2D,0x90,0x00,0x2F,0xCE,0x00,0x00,
  0x2F,0x9E,0x80,0x00,0x2F,0x04,0xF4,0x00,0x2F,0x00,0x7E,0x10,0x2F,0x00,0x0B,0xB0,0x2F,0x02,0xF0,0x2F,0x02,0xF0,0x2F,0x02,
  0xF0,0x2F,0x02,0xF0,0x2F,0x02,0xF0,0x2F,0x00,0x2F,0x4C,0xD7,0x2B,0xEB,0x10,0x2F,0xA2,0x6F,0xD4,0x3C,0x90,0x2F,0x20,0x0C,
  0x90,0x05,0xC0,0x2F,0x00,0x0B,0x70,0x04,0xD0,0x2F,0x00,0x0B,0x70,0x04,0xD0,0x2F,0x00,0x0B,0x70,0x04,0xD0,0x2F,0x00,0x0B,
  0x70,0x04,0xD0,0x2F,0x00,0x0B,0x70,0x04,0xD0,0x2F,0x5D,0xE9,0x00,0x2F,0xB2,0x3D,0x60,0x2F,0x20,0x07,0xA0,0x2F,0x00,0x06,
  0xC0,0x2F,0x00,0x06,0xC0,0x2F,0x00,0x06,0xC0,0x2F,0x00,0x06,0xC0,0x2F,0x00,0x06,0xC0,0x01,0xAE,0xD7,0x00,0x0C,0xA2,0x4D,
  0x70,0x4E,0x00,0x04,0xE0,0x7B,0x00,0x01,0xF2,0x7B,0x00,0x01,0xF2,0x4E,0x00,0x04,0xE0,0x0C,0x92,0x3D,0x70,0x01,0xAE,0xD7,
  0x00,0x2F,0x4C,0xEA,0x10,0x2F,0xC3,0x2A,0xB0,0x2F,0x30,0x01,0xF3,0x2F,0x00,0x00,0xC5,0x2F,0x00,0x00,0xC5,0x2F,0x30,0x01,
  0xF3,0x2F,0xC3,0x2A,0xC0,0x2F,0x4C,0xEA,0x10,0x2F,0x00,0x00,0x00,0x2F,0x00,0x00,0x00,0x2B,0x00,0x00,0x00,0x02,0xBE,0xC5,
  0xF1,0x0D,0x92,0x4D,0xF1,0x4E,0x00,0x05,0xF1,0x7B,0x00,0x01,0xF1,0x7B,0x00,0x01,0xF1,0x4E,0x00,0x05,0xF1,0x0D,0x92,0x3C,
  0xF1,0x02,0xBE,0xC4,0xF1,0x00,0x00,0x02,0xF1,0x00,0x00,0x02,0xF1,0x00,0x00,0x01,0xB0,0x2F,0x6E,0x32,0xF9,0x21,0x2F,0x20,
  0x02,0xF0,0x00,0x2F,0x00,0x02,0xF0,0x00,0x2F,0x00,0x02,0xF0,0x00,0x06,0xDE,0xB2,0x02,0xF5,0x2A,0xB0,0x4E,0x10,0x26,0x00,
  0xBD,0x84,0x00,0x00,0x49,0xE9,0x03,0x50,0x03,0xF1,0x3F,0x41,0x7E,0x00,0x6D,0xEC,0x40,0x09,0x80,0x09,0x80,0xEF,0xFF,0x09,
  0x80,0x09,0x80,0x09,0x80,0x09,0x80,0x09,0x80,0x08,0xA0,0x02,0xCF,0x2F,0x00,0x06,0xC0,0x2F,0x00,0x06,0xC0,0x2F,0x00,0x06,
  0xC0,0x2F,0x00,0x06,0xC0,0x2F,0x00,0x06,0xC0,0x1F,0x20,0x08,0xC0,0x0C,0x92,0x4E,0xC0,0x02,0xCE,0xB7,0xC0,0x99,0x00,0x07,
  0xC4,0xE0,0x00,0xC6,0x0E,0x40,0x2F,0x10,0x9A,0x07,0xB0,0x04,0xE0,0xC6,0x00,0x0D,0x6F,0x10,0x00,0x8E,0xA0,0x00,0x03,0xF5,
  0x00,0xA8,0x00,0x7E,0x00,0x1F,0x36,0xC0,0x0B,0xF3,0x04,0xD0,0x2F,0x10,0xE9,0x70,0x89,0x00,0xC5,0x3C,0x5B,0x0C,0x50,0x08,
  0x87,0x81,0xE1,0xF1,0x00,0x4C,0xB4,0x0C,0x8C,0x00,0x00,0xEE,0x10,0x8E,0x70,0x00,0x0B,0xB0,0x04,0xF3,0x00,0x5E,0x10,0x1D,
  0x70,0xAA,0x08,0xC0,0x01,0xE6,0xE2,0x00,0x06,0xF7,0x00,0x00,0x7F,0x90,0x00,0x3E,0x4E,0x40,0x0C,0x80,0x6D,0x17,0xD0,0x00,
  0xC8,0x99,0x00,0x07,0xC4,0xE0,0x00,0xC6,0x0E,0x50,0x2F,0x10,0x8A,0x07,0xB0,0x03,0xE0,0xC5,0x00,0x0D,0x6E,0x10,0x00,0x7E,
  0xA0,0x00,0x02,0xF5,0x00,0x00,0x3E,0x00,0x00,0x1A,0x80,0x00,0x1F,0xA1,0x00,0x00,0x5F,0xFF,0xFF,0x00,0x11,0x1B,0xA0,0x00,
  0x05,0xE1,0x00,0x01,0xE5,0x00,0x00,0xAA,0x00,0x00,0x4E,0x20,0x00,0x1D,0x60,0x00,0x05,0xFF,0xFF,0xF1,0x00,0x1B,0xC0,0x08,
  0xB1,0x00,0xB7,0x00,0x0B,0x60,0x00,0xC6,0x00,0x3F,0x30,0x3F,0x80,0x01,0x6E,0x20,0x00,0xC5,0x00,0x0B,0x60,0x00,0xB6,0x00,
  0x09,0xB1,0x00,0x2B,0xC0,0x05,0x60,0x07,0x80,0x07,0x80,0x07,0x80,0x07,0x80,0x07,0x80,0x07,0x80,0x07,0x80,0x07,0x80,0x07,
  0x80,0x07,0x80,0x07,0x80,0x07,0x80,0x07,0x80,0x07,0x80,0x07,0x80,0x07,0x80,0x7D,0x50,0x00,0x6E,0x00,0x01,0xF1,0x00,0x0F,
  0x20,0x00,0xF2,0x00,0x0C,0x92,0x00,0x3F,0x90,0x0C,0x92,0x00,0xF3,0x00,0x0F,0x20,0x01,0xF1,0x00,0x6E,0x00,0x7D,0x50,0x00,
  0x00,0x00,0x00,0x00,0x00,0x6F,0xE5,0x04,0xA0,0x0E,0x57,0xF5,0x9A,0x00,0xB1,0x07,0xED,0x30,0x00,0x00,0x00,0x00,0x00,0x00,
  0x00,0x00,0x00,0x06,0xED,0x50,0x2E,0x34,0xE1,0x4B,0x00,0xD3,0x2E,0x34,0xE1,0x06,0xED,0x50,0x00,0x00,0x00,0x00,0x00,0x00,
  0x00,0x00,0x00,0x00,0x00,0x00,0x00,0x00,0x00,0x00,0x00,0x00,0x00,0x05,0xB6,0x00,0x00,0x00,0xD1,0xC2,0x00,0x00,0x07,0xC9,
  0x00,0x00,0x00,0x00,0x00,0x00,0x00,0x04,0xF7,0x00,0x00,0x00,0x9C,0xC0,0x00,0x00,0x0E,0x4F,0x20,0x00,0x05,0xE0,0xB7,0x00,
  0x00,0xA9,0x07,0xC0,0x00,0x1E,0x40,0x2F,0x20,0x05,0xE2,0x11,0xD7,0x00,0xAF,0xFF,0xFF,0xC0,0x1F,0x40,0x00,0x2F,0x25,0xE0,
  0x00,0x00,0xC7,0xB9,0x00,0x00,0x07,0xC0,0x00,0x00,0x7F,0xFF,0xFF,0xFF,0xF1,0x00,0x00,0xD5,0x9A,0x11,0x11,0x10,0x00,0x05,
  0xE0,0x8A,0x00,0x00,0x00,0x00,0x0B,0x80,0x8A,0x00,0x00,0x00,0x00,0x2F,0x30,0x8A,0x11,0x11,0x10,0x00,0x8C,0x00,0x8F,0xFF,
  0xFF,0xA0,0x01,0xE8,0x11,0x9A,0x00,0x00,0x00,0x06,0xFF,0xFF,0xFA,0x00,0x00,0x00,0x0C,0x80,0x00,0x8A,0x00,0x00,0x00,0x4F,
  0x20,0x00,0x8A,0x11,0x11,0x10,0xAA,0x00,0x00,0x8F,0xFF,0xFF,0xF1,0x00,0x00,0x00,0x00,0x00,0x00,0x19,0xDE,0xC5,0x8A,0x02,
  0xDB,0x53,0x7E,0xF3,0x09,0xB0,0x00,0x3E,0xF2,0x1F,0x30,0x01,0xD9,0xB8,0x4F,0x00,0x0B,0xB0,0x7B,0x5D,0x00,0x8D,0x10,0x6C,
  0x4E,0x05,0xF3,0x00,0x8B,0x1F,0x5E,0x60,0x00,0xB8,0x0A,0xF9,0x00,0x04,0xF2,0x0A,0xFB,0x43,0x7E,0x70,0x4D,0x39,0xDE,0xB4,
  0x00,0x01,0x00,0x00,0x00,0x00,0x00,0x5B,0x60,0x00,0x0D,0x1C,0x20,0x00,0x7C,0x90,0x00,0x00,0x00,0x00,0x04,0xCE,0xD5,0x01,
  0xE8,0x26,0xF2,0x26,0x00,0x0D,0x50,0x16,0xAC,0xF6,0x2E,0xB7,0x3C,0x66,0xD0,0x00,0xD6,0x4F,0x41,0x7F,0x60,0x8E,0xE8,0xC6,
  0x04,0xCE,0xC4,0x4C,0xEC,0x30,0x2F,0x72,0x5E,0xE4,0x15,0xE2,0x14,0x00,0x0C,0x90,0x00,0xA8,0x05,0xCE,0xFF,0xFF,0xFF,0xFA,
  0x3E,0x51,0x0C,0x60,0x00,0x00,0x6C,0x00,0x0E,0xA0,0x00,0x75,0x4F,0x41,0x8D,0xE6,0x26,0xF3,0x07,0xDE,0xB1,0x4B,0xEC,0x50,
  0x00,0x00,0x00,0x00,0x01,0xAE,0xD8,0xC2,0x0C,0xA2,0x4F,0xA0,0x4E,0x00,0x9D,0xE0,0x7B,0x06,0xC2,0xF2,0x7B,0x3E,0x21,0xF2,
  0x4E,0xD4,0x04,0xE0,0x1F,0xC3,0x3D,0x70,0x7A,0xAE,0xD7,0x00,0x00,0x00,0x00,0x00,
};
static const UiGlyph UiFontSmall_glyphs[] = {
  {32,0,4,0,0,0,4},
  {33,0,3,11,0,-11,3},
  {34,17,6,11,0,-11,6},
  {35,50,9,11,0,-11,8},
  {36,100,9,15,0,-13,9},
  {37,168,12,11,0,-11,12},
  {38,234,9,11,0,-11,9},
  {39,284,4,11,0,-11,4},
  {40,306,4,13,0,-11,4},
  {41,332,4,13,0,-11,4},
  {42,358,7,11,0,-11,7},
  {43,397,9,8,0,-8,9},
  {44,433,3,4,0,-2,3},
  {45,439,6,5,0,-5,6},
  {46,454,3,2,0,-2,3},
  {47,457,5,13,0,-11,5},
  {48,490,9,11,0,-11,9},
  {49,540,5,11,0,-11,5},
  {50,568,8,11,0,-11,8},
  {51,612,8,11,0,-11,8},
  {52,656,9,11,0,-11,9},
  {53,706,8,11,0,-11,8},
  {54,750,8,11,0,-11,8},
  {55,794,7,11,0,-11,7},
  {56,833,8,11,0,-11,8},
  {57,877,8,11,0,-11,8},
  {58,921,3,8,0,-8,3},
  {59,933,3,9,0,-7,3},
  {60,947,9,8,0,-8,9},
  {61,983,9,6,0,-6,9},
  {62,1010,9,8,0,-8,9},
  {63,1046,7,11,0,-11,7},
  {64,1085,14,13,0,-10,14},
  {65,1176,9,11,0,-11,9},
  {66,1226,9,11,0,-11,9},
  {67,1276,10,11,0,-11,10},
  {68,1331,10,11,0,-11,10},
  {69,1386,8,11,0,-11,8},
  {70,1430,8,11,0,-11,8},
  {71,1474,10,11,0,-11,10},
  {72,1529,10,11,0,-11,10},
  {73,1584,3,11,0,-11,3},
  {74,1601,7,11,0,-11,7},
  {75,1640,9,11,0,-11,9},
  {76,1690,8,11,0,-11,8},
  {77,1734,12,11,0,-11,12},
  {78,1800,10,11,0,-11,10},
  {79,1855,10,11,0,-11,10},
  {80,1910,9,11,0,-11,9},
  {81,1960,10,12,0,-11,10},
  {82,2020,9,11,0,-11,9},
  {83,2070,9,11,0,-11,9},
  {84,2120,9,11,0,-11,9},
  {85,2170,10,11,0,-11,10},
  {86,2225,9,11,0,-11,9},
  {87,2275,14,11,0,-11,13},
  {88,2352,9,11,0,-11,9},
  {89,2402,9,11,0,-11,9},
  {90,2452,9,11,0,-11,9},
  {91,2502,4,13,0,-11,4},
  {92,2528,5,13,0,-11,5},
  {93,2561,4,13,0,-11,4},
  {94,2587,6,10,0,-10,6},
  {95,2617,7,2,0,0,6},
  {96,2624,3,11,0,-11,3},
  {97,2641,7,8,0,-8,7},
  {98,2669,8,11,0,-11,8},
  {99,2713,7,8,0,-8,7},
  {100,2741,8,11,0,-11,8},
  {101,2785,8,8,0,-8,8},
  {102,2817,4,11,0,-11,4},
  {103,2839,8,11,0,-8,8},
  {104,2883,8,11,0,-11,8},
  {105,2927,3,11,0,-11,3},
  {106,2944,4,14,-1,-11,3},
  {107,2972,8,11,0,-11,7},
  {108,3016,3,11,0,-11,3},
  {109,3033,12,8,0,-8,12},
  {110,3081,8,8,0,-8,8},
  {111,3113,8,8,0,-8,8},
  {112,3145,8,11,0,-8,8},
  {113,3189,8,11,0,-8,8},
  {114,3233,5,8,0,-8,5},
  {115,3253,7,8,0,-8,7},
  {116,3281,4,10,0,-10,4},
  {117,3301,8,8,0,-8,8},
  {118,3333,7,8,0,-8,7},
  {119,3361,11,8,0,-8,11},
  {120,3405,7,8,0,-8,7},
  {121,3433,7,11,0,-8,7},
  {122,3472,7,8,0,-8,7},
  {123,3500,5,13,0,-11,5},
  {124,3533,4,17,0,-14,4},
  {125,3567,5,13,0,-11,5},
  {126,3600,9,6,0,-6,9},
  {176,3627,6,11,0,-11,6},
  {197,3660,9,15,0,-15,9},
  {198,3728,14,11,0,-11,14},
  {216,3805,10,13,0,-12,10},
  {229,3870,7,12,0,-12,7},
  {230,3912,12,8,0,-8,12},
  {248,3960,8,10,0,-9,8},
};
static const UiFont UiFontSmall = {UiFontSmall_bitmap,UiFontSmall_glyphs,102,14,4,20};

static const uint8_t UiFontMedium_bitmap[] = {
  0x0B,0xF1,0x0B,0xF1,0x0A,0xF1,0x0A,0xF1,0x0A,0xF1,0x0A,0xF0,0x0A,0xF0,0x0A,0xF0,0x09,0xF0,0x09,0xF0,0x08,0xD0,0x00,0x00,
  0x02,0x40,0x0D,0xF4,0x09,0xD2,0x04,0xF5,0x4F,0x50,0x03,0xF4,0x4F,0x40,0x03,0xF4,0x3F,0x40,0x02,0xF3,0x2F,0x30,0x02,0xE2,
  0x2E,0x20,0x00,0x00,0x00,0x00,0x00,0x00,0x00,0x00,0x00,0x00,0x00,0x00,0x00,0x00,0x00,0x00,0x00,0x00,0x00,0x00,0x00,0x00,
  0x00,0x00,0x00,0x00,0x00,0x00,0x00,0x00,0x00,0x00,0x00,0x00,0x00,0x00,0x00,0x00,0x00,0x00,0x00,0x02,0xF4,0x00,0x1F,0x50,
  0x00,0x05,0xF1,0x00,0x3F,0x30,0x00,0x08,0xE0,0x00,0x6F,0x10,0x00,0x0A,0xB0,0x00,0x8D,0x00,0x0E,0xFF,0xFF,0xFF,0xFF,0xFD,
  0x17,0x7F,0xA7,0x77,0xEB,0x75,0x00,0x2F,0x40,0x01,0xF5,0x00,0x00,0x5F,0x10,0x03,0xF3,0x00,0x00,0x7E,0x00,0x06,0xF1,0x00,
  0xDF,0xFF,0xFF,0xFF,0xFF,0xF0,0x66,0xEB,0x66,0x6D,0xC6,0x60,0x00,0xE7,0x00,0x0D,0x80,0x00,0x02,0xF4,0x00,0x0F,0x60,0x00,
  0x04,0xF2,0x00,0x2F,0x40,0x00,0x06,0xF0,0x00,0x4F,0x20,0x00,0x00,0x00,0x0A,0xD0,0x00,0x00,0x00,0x00,0x0A,0xD0,0x00,0x00,
  0x00,0x07,0xCF,0xFC,0x81,0x00,0x01,0xDF,0xDD,0xFD,0xFD,0x10,0x08,0xF8,0x0A,0xD0,0x8F,0x90,0x0D,0xE0,0x0A,0xD0,0x0D,0xE0,
  0x0D,0xD0,0x0A,0xD0,0x05,0x80,0x0A,0xF9,0x1A,0xD0,0x00,0x00,0x01,0xDF,0xEE,0xE2,0x00,0x00,0x00,0x07,0xCF,0xFF,0xC5,0x00,
  0x00,0x00,0x0A,0xEA,0xEF,0x90,0x00,0x00,0x0A,0xD0,0x1C,0xF4,0x2D,0x80,0x0A,0xD0,0x05,0xF7,0x0F,0xD0,0x0A,0xD0,0x06,0xF5,
  0x09,0xF8,0x0A,0xD0,0x2D,0xE2,0x01,0xCF,0xDD,0xEB,0xFF,0x60,0x00,0x07,0xCF,0xFD,0xA3,0x00,0x00,0x00,0x0A,0xD0,0x00,0x00,
  0x00,0x00,0x0A,0xD0,0x00,0x00,0x00,0x5C,0xEA,0x20,0x00,0x00,0xCD,0x10,0x00,0x3F,0x95,0xDC,0x00,0x00,0x7F,0x40,0x00,0x09,
  0xF0,0x06,0xF3,0x00,0x2F,0x90,0x00,0x00,0xBC,0x00,0x3F,0x40,0x0C,0xD1,0x00,0x00,0x09,0xE0,0x06,0xF3,0x07,0xF4,0x00,0x00,
  0x00,0x3F,0x95,0xDC,0x02,0xF9,0x00,0x00,0x00,0x00,0x5D,0xEB,0x20,0xCD,0x10,0x00,0x00,0x00,0x00,0x00,0x00,0x7F,0x40,0x00,
  0x00,0x00,0x00,0x00,0x00,0x2F,0x90,0x3B,0xEC,0x40,0x00,0x00,0x00,0x0C,0xD1,0x1D,0xC5,0xAE,0x20,0x00,0x00,0x07,0xF4,0x05,
  0xF4,0x02,0xF7,0x00,0x00,0x02,0xF9,0x00,0x7F,0x10,0x0E,0x80,0x00,0x00,0xCD,0x10,0x05,0xF4,0x02,0xF7,0x00,0x00,0x7F,0x40,
  0x00,0x1E,0xB5,0xAE,0x20,0x00,0x2F,0x90,0x00,0x00,0x3B,0xEC,0x40,0x00,0x00,0x07,0xDE,0xC6,0x00,0x00,0x00,0x09,0xFB,0x8D,
  0xF6,0x00,0x00,0x00,0xFC,0x00,0x1E,0xC0,0x00,0x00,0x1F,0x90,0x00,0xEC,0x00,0x00,0x00,0xDD,0x10,0x7F,0x80,0x00,0x00,0x06,
  0xFA,0x9F,0xC1,0x00,0x00,0x00,0x0B,0xFF,0xB1,0x00,0x00,0x00,0x03,0xEF,0xF3,0x00,0x00,0x00,0x04,0xFE,0x5E,0xD1,0x03,0x82,
  0x01,0xEE,0x20,0x4F,0xB0,0x7F,0x20,0x4F,0x80,0x00,0x6F,0x8B,0xF0,0x03,0xF8,0x00,0x00,0x9F,0xF9,0x00,0x0E,0xE2,0x00,0x05,
  0xFF,0x40,0x00,0x4F,0xE9,0x8B,0xFE,0xDD,0x10,0x00,0x3A,0xDE,0xC8,0x14,0xFB,0x00,0x04,0xF5,0x00,0x3F,0x40,0x03,0xF4,0x00,
  0x2F,0x30,0x02,0xE2,0x00,0x00,0x00,0x00,0x00,0x00,0x00,0x00,0x00,0x00,0x00,0x00,0x00,0x00,0x00,0x00,0x00,0x00,0x00,0x00,
  0x00,0x00,0x00,0x00,0x00,0x00,0x00,0x01,0x21,0x00,0x08,0xF3,0x00,0x1E,0xC0,0x00,0x5F,0x70,0x00,0xAF,0x20,0x00,0xEC,0x00,
  0x02,0xF8,0x00,0x05,0xF6,0x00,0x07,0xF4,0x00,0x08,0xF3,0x00,0x08,0xF2,0x00,0x07,0xF3,0x00,0x06,0xF4,0x00,0x03,0xF7,0x00,
  0x01,0xFA,0x00,0x00,0xBE,0x10,0x00,0x6F,0x50,0x00,0x1E,0xB0,0x00,0x07,0xF3,0x12,0x00,0x00,0x3F,0x70,0x00,0x0D,0xE1,0x00,
  0x08,0xF5,0x00,0x02,0xFA,0x00,0x00,0xCE,0x00,0x00,0x9F,0x20,0x00,0x6F,0x40,0x00,0x4F,0x60,0x00,0x3F,0x70,0x00,0x3F,0x80,
  0x00,0x4F,0x70,0x00,0x5F,0x60,0x00,0x8F,0x30,0x00,0xBF,0x00,0x01,0xFA,0x00,0x06,0xF5,0x00,0x0C,0xD0,0x00,0x3F,0x60,0x00,
  0x00,0x00,0xF5,0x00,0x00,0x51,0x0E,0x50,0x51,0x1D,0xD5,0xE6,0xBF,0x50,0x17,0xEF,0xFA,0x20,0x00,0x7E,0xFF,0x92,0x01,0xDE,
  0x5E,0x6B,0xF5,0x05,0x10,0xE5,0x06,0x10,0x00,0x0F,0x50,0x00,0x00,0x00,0x10,0x00,0x00,0x00,0x00,0x00,0x00,0x00,0x00,0x00,
  0x00,0x00,0x00,0x00,0x00,0x00,0x00,0x00,0x00,0x00,0x00,0x00,0x00,0x00,0x00,0x00,0x00,0x00,0x00,0x00,0x00,0x00,0x08,0xF1,
  0x00,0x00,0x00,0x00,0x00,0x8F,0x10,0x00,0x00,0x00,0x00,0x08,0xF1,0x00,0x00,0x00,0x00,0x00,0x8F,0x10,0x00,0x00,0x06,0xFF,
  0xFF,0xFF,0xFF,0xE0,0x00,0x38,0x88,0xCF,0x88,0x88,0x00,0x00,0x00,0x08,0xF1,0x00,0x00,0x00,0x00,0x00,0x8F,0x10,0x00,0x00,
  0x00,0x00,0x08,0xF1,0x00,0x00,0x00,0x00,0x00,0x37,0x00,0x00,0x00,0x00,0x00,0x00,0x00,0x00,0x00,0x00,0x0A,0xF1,0x0D,0xB0,
  0x1F,0x60,0x3F,0x20,0x4A,0x00,0x08,0x88,0x88,0x84,0x00,0xEF,0xFF,0xFF,0x70,0x00,0x00,0x00,0x00,0x00,0x00,0x00,0x00,0x00,
  0x00,0x00,0x00,0x00,0x00,0x00,0x00,0x00,0x00,0x00,0x00,0x00,0x00,0x00,0x02,0x40,0x0D,0xF4,0x09,0xD2,0x00,0x00,0x26,0x20,
  0x00,0x07,0xF2,0x00,0x00,0xBD,0x00,0x00,0x0E,0x90,0x00,0x04,0xF5,0x00,0x00,0x8F,0x10,0x00,0x0C,0xB0,0x00,0x01,0xF7,0x00,
  0x00,0x5F,0x30,0x00,0x09,0xE0,0x00,0x00,0xDA,0x00,0x00,0x2F,0x60,0x00,0x06,0xF2,0x00,0x00,0xAD,0x00,0x00,0x0E,0x90,0x00,
  0x03,0xF5,0x00,0x00,0x7F,0x10,0x00,0x0B,0xC0,0x00,0x00,0x00,0x02,0xAE,0xEB,0x40,0x00,0x00,0x3E,0xFB,0xAE,0xF6,0x00,0x00,
  0xDE,0x30,0x01,0xCF,0x20,0x05,0xF6,0x00,0x00,0x2F,0x90,0x0B,0xE1,0x00,0x00,0x0B,0xF0,0x0D,0xB0,0x00,0x00,0x07,0xF2,0x0F,
  0x90,0x00,0x00,0x06,0xF4,0x1F,0x80,0x00,0x00,0x05,0xF5,0x0F,0x90,0x00,0x00,0x06,0xF4,0x0D,0xB0,0x00,0x00,0x07,0xF2,0x0B,
  0xE0,0x00,0x00,0x0B,0xF0,0x05,0xF5,0x00,0x00,0x2F,0x90,0x00,0xDE,0x30,0x01,0xCF,0x30,0x00,0x3E,0xFB,0xAE,0xF6,0x00,0x00,
  0x02,0xAE,0xEC,0x40,0x00,0x00,0x19,0xFC,0x00,0x3D,0xFF,0xC0,0x5F,0xD4,0xEC,0x08,0xA1,0x0E,0xC0,0x10,0x00,0xEC,0x00,0x00,
  0x0E,0xC0,0x00,0x00,0xEC,0x00,0x00,0x0E,0xC0,0x00,0x00,0xEC,0x00,0x00,0x0E,0xC0,0x00,0x00,0xEC,0x00,0x00,0x0E,0xC0,0x00,
  0x00,0xEC,0x00,0x00,0x0E,0xC0,0x00,0x00,0xEC,0x00,0x00,0x07,0xCE,0xD9,0x20,0x00,0x0C,0xFC,0x9B,0xFE,0x30,0x07,0xF7,0x00,
  0x03,0xEC,0x00,0xDC,0x00,0x00,0x08,0xF2,0x1F,0x90,0x00,0x00,0x6F,0x40,0x00,0x00,0x00,0x08,0xF2,0x00,0x00,0x00,0x01,0xEC,
  0x00,0x00,0x00,0x00,0xBF,0x30,0x00,0x00,0x01,0xBF,0x60,0x00,0x00,0x01,0xCF,0x60,0x00,0x00,0x01,0xCF,0x60,0x00,0x00,0x02,
  0xDF,0x50,0x00,0x00,0x03,0xDE,0x40,0x00,0x00,0x01,0xEF,0xB8,0x88,0x88,0x83,0x3F,0xFF,0xFF,0xFF,0xFF,0x60,0x00,0x05,0xBE,
  0xEB,0x40,0x00,0x00,0x9F,0xD9,0x9D,0xF8,0x00,0x04,0xFA,0x00,0x00,0xBF,0x40,0x09,0xF2,0x00,0x00,0x3F,0x80,0x04,0x60,0x00,
  0x00,0x3F,0x80,0x00,0x00,0x00,0x00,0xAF,0x30,0x00,0x00,0x38,0xAE,0xE5,0x00,0x00,0x00,0x6F,0xFF,0xA3,0x00,0x00,0x00,0x00,
  0x15,0xCF,0x40,0x00,0x00,0x00,0x00,0x1E,0xD0,0x0C,0xA0,0x00,0x00,0x0A,0xF1,0x0C,0xE0,0x00,0x00,0x0C,0xE0,0x06,0xF9,0x00,
  0x00,0x7F,0x90,0x00,0xAF,0xD9,0x9C,0xFC,0x10,0x00,0x05,0xBE,0xEC,0x60,0x00,0x00,0x00,0x00,0x1D,0xF9,0x00,0x00,0x00,0x00,
  0x8F,0xF9,0x00,0x00,0x00,0x04,0xFA,0xF9,0x00,0x00,0x00,0x1D,0xD2,0xF9,0x00,0x00,0x00,0x9F,0x41,0xF9,0x00,0x00,0x05,0xF8,
  0x01,0xF9,0x00,0x00,0x1E,0xD1,0x01,0xF9,0x00,0x00,0xAF,0x30,0x01,0xF9,0x00,0x06,0xF8,0x00,0x01,0xF9,0x00,0x2E,0xC0,0x00,
  0x01,0xF9,0x00,0x7F,0xFF,0xFF,0xFF,0xFF,0xFD,0x48,0x88,0x88,0x89,0xFC,0x87,0x00,0x00,0x00,0x01,0xF9,0x00,0x00,0x00,0x00,
  0x01,0xF9,0x00,0x00,0x00,0x00,0x01,0xF9,0x00,0x09,0xFF,0xFF,0xFF,0xFD,0x00,0x0A,0xF9,0x88,0x88,0x87,0x00,0x0A,0xF0,0x00,
  0x00,0x00,0x00,0x0B,0xE0,0x00,0x00,0x00,0x00,0x0C,0xC0,0x00,0x00,0x00,0x00,0x0D,0xB2,0xAD,0xEB,0x40,0x00,0x0E,0xDE,0xEA,
  0xBE,0xF6,0x00,0x0F,0xF6,0x00,0x02,0xDE,0x10,0x08,0x60,0x00,0x00,0x6F,0x60,0x00,0x00,0x00,0x00,0x2F,0x80,0x17,0x40,0x00,
  0x00,0x2F,0x80,0x0F,0xC0,0x00,0x00,0x6F,0x60,0x0A,0xF8,0x00,0x02,0xDE,0x10,0x01,0xCF,0xD9,0xBE,0xF5,0x00,0x00,0x07,0xCE,
  0xDA,0x30,0x00,0x00,0x03,0xAE,0xEC,0x50,0x00,0x00,0x4F,0xFB,0x9D,0xF9,0x00,0x00,0xEE,0x30,0x00,0xCF,0x30,0x05,0xF5,0x00,
  0x00,0x4E,0x80,0x0A,0xE0,0x00,0x00,0x00,0x00,0x0D,0xB0,0x37,0x75,0x10,0x00,0x0E,0x98,0xFF,0xFF,0xD3,0x00,0x1F,0xEE,0x61,
  0x27,0xFD,0x10,0x1F,0xF5,0x00,0x00,0x7F,0x70,0x0F,0xE0,0x00,0x00,0x1F,0xA0,0x0D,0xD0,0x00,0x00,0x0E,0xB0,0x09,0xF2,0x00,
  0x00,0x3F,0x80,0x02,0xFB,0x10,0x02,0xCF,0x30,0x00,0x7F,0xEA,0xAE,0xF7,0x00,0x00,0x05,0xBE,0xEB,0x40,0x00,0x8F,0xFF,0xFF,
  0xFF,0xFC,0x48,0x88,0x88,0x89,0xFC,0x00,0x00,0x00,0x06,0xF6,0x00,0x00,0x00,0x0D,0xD0,0x00,0x00,0x00,0x6F,0x70,0x00,0x00,
  0x00,0xDE,0x10,0x00,0x00,0x05,0xF7,0x00,0x00,0x00,0x0D,0xE1,0x00,0x00,0x00,0x5F,0x70,0x00,0x00,0x00,0xCE,0x10,0x00,0x00,
  0x05,0xF8,0x00,0x00,0x00,0x0C,0xE1,0x00,0x00,0x00,0x4F,0x80,0x00,0x00,0x00,0xCE,0x10,0x00,0x00,0x04,0xF9,0x00,0x00,0x00,
  0x00,0x06,0xCE,0xDA,0x20,0x00,0x00,0x9F,0xD9,0xAE,0xF4,0x00,0x04,0xFA,0x00,0x02,0xED,0x00,0x08,0xF3,0x00,0x00,0x9F,0x20,
  0x08,0xF3,0x00,0x00,0x9F,0x20,0x03,0xF9,0x00,0x02,0xEC,0x00,0x00,0x6E,0xC8,0x9E,0xC2,0x00,0x00,0x3B,0xFF,0xFE,0x81,0x00,
  0x04,0xFC,0x41,0x27,0xEC,0x00,0x0C,0xE1,0x00,0x00,0x6F,0x70,0x1F,0xA0,0x00,0x00,0x1F,0xA0,0x0F,0xB0,0x00,0x00,0x2F,0x90,
  0x0B,0xF5,0x00,0x01,0xAF,0x50,0x02,0xEF,0xC9,0xAE,0xF9,0x00,0x00,0x18,0xCE,0xDB,0x50,0x00,0x00,0x07,0xCE,0xD9,0x20,0x00,
  0x00,0xCF,0xD9,0xBF,0xE3,0x00,0x08,0xF9,0x00,0x03,0xEC,0x00,0x0D,0xD0,0x00,0x00,0x7F,0x40,0x1F,0xA0,0x00,0x00,0x3F,0x80,
  0x0F,0xB0,0x00,0x00,0x4F,0xA0,0x0C,0xE2,0x00,0x00,0xAF,0xB0,0x04,0xFD,0x41,0x2A,0xFF,0xB0,0x00,0x6F,0xFF,0xFE,0x5F,0xA0,
  0x00,0x02,0x68,0x52,0x1F,0x80,0x00,0x00,0x00,0x00,0x5F,0x50,0x0D,0xB0,0x00,0x00,0xBE,0x10,0x0A,0xF6,0x00,0x08,0xF9,0x00,
  0x01,0xEF,0xB9,0xDF,0xD1,0x00,0x00,0x19,0xDF,0xD8,0x10,0x00,0x00,0x00,0x0B,0xE2,0x0D,0xF4,0x01,0x30,0x00,0x00,0x00,0x00,
  0x00,0x00,0x00,0x00,0x02,0x40,0x0D,0xF4,0x09,0xD2,0x08,0xD2,0x0D,0xF5,0x02,0x50,0x00,0x00,0x00,0x00,0x00,0x00,0x00,0x00,
  0x01,0x10,0x0B,0xE0,0x0D,0xA0,0x1F,0x60,0x4F,0x20,0x49,0x00,0x00,0x00,0x00,0x00,0x06,0x80,0x00,0x00,0x00,0x00,0x6D,0xF9,
  0x00,0x00,0x00,0x06,0xDF,0xD6,0x00,0x00,0x00,0x6D,0xFC,0x50,0x00,0x00,0x04,0xDF,0xC4,0x00,0x00,0x00,0x00,0x8F,0xD4,0x00,
  0x00,0x00,0x00,0x00,0x5D,0xFC,0x50,0x00,0x00,0x00,0x00,0x05,0xDF,0xC5,0x00,0x00,0x00,0x00,0x00,0x6D,0xFD,0x50,0x00,0x00,
  0x00,0x00,0x06,0xD9,0x00,0x00,0x00,0x00,0x00,0x00,0x30,0x00,0x01,0x88,0x88,0x88,0x88,0x50,0x00,0x2F,0xFF,0xFF,0xFF,0xFA,
  0x00,0x00,0x00,0x00,0x00,0x00,0x00,0x00,0x00,0x00,0x00,0x00,0x00,0x00,0x01,0x88,0x88,0x88,0x88,0x50,0x00,0x2F,0xFF,0xFF,
  0xFF,0xFA,0x00,0x00,0x00,0x00,0x00,0x00,0x00,0x00,0x00,0x00,0x00,0x00,0x00,0x00,0x00,0x00,0x00,0x00,0x00,0x00,0x00,0x01,
  0xB3,0x00,0x00,0x00,0x00,0x00,0x1F,0xFA,0x30,0x00,0x00,0x00,0x00,0x29,0xFF,0xA2,0x00,0x00,0x00,0x00,0x02,0x8E,0xFA,0x20,
  0x00,0x00,0x00,0x00,0x18,0xEF,0x90,0x00,0x00,0x00,0x00,0x18,0xFF,0x10,0x00,0x00,0x01,0x8E,0xF9,0x20,0x00,0x00,0x29,0xFF,
  0xA2,0x00,0x00,0x00,0x9F,0xFA,0x20,0x00,0x00,0x00,0x1F,0xA3,0x00,0x00,0x00,0x00,0x00,0x30,0x00,0x00,0x00,0x00,0x00,0x00,
  0x2A,0xDE,0xC6,0x00,0x04,0xFE,0xA9,0xCF,0xA0,0x0D,0xE2,0x00,0x09,0xF4,0x3F,0x80,0x00,0x03,0xF8,0x38,0x30,0x00,0x04,0xF7,
  0x00,0x00,0x00,0x0B,0xF3,0x00,0x00,0x01,0xBF,0x60,0x00,0x00,0x2D,0xE5,0x00,0x00,0x00,0xAF,0x40,0x00,0x00,0x00,0xDD,0x00,
  0x00,0x00,0x00,0xCB,0x00,0x00,0x00,0x00,0x00,0x00,0x00,0x00,0x00,0x43,0x00,0x00,0x00,0x02,0xFF,0x10,0x00,0x00,0x01,0xCB,
  0x00,0x00,0x00,0x00,0x01,0x6B,0xDE,0xED,0xA5,0x00,0x00,0x00,0x00,0x06,0xEF,0xDB,0x99,0xCE,0xFD,0x30,0x00,0x00,0x0A,0xFC,
  0x30,0x00,0x00,0x06,0xEF,0x50,0x00,0x08,0xF8,0x00,0x00,0x00,0x00,0x01,0xCE,0x20,0x02,0xFC,0x00,0x05,0xCE,0xC6,0xDA,0x03,
  0xFA,0x00,0x8F,0x30,0x07,0xFC,0x8A,0xFF,0xA0,0x09,0xF1,0x0D,0xC0,0x02,0xFA,0x00,0x07,0xFA,0x00,0x4F,0x60,0xF9,0x00,0x7F,
  0x30,0x00,0x0E,0xA0,0x01,0xF8,0x1F,0x80,0x09,0xF1,0x00,0x00,0xDA,0x00,0x0F,0x81,0xF9,0x00,0x8F,0x10,0x00,0x0E,0xA0,0x01,
  0xF7,0x0E,0xA0,0x05,0xF5,0x00,0x02,0xFB,0x00,0x5F,0x50,0xBE,0x00,0x0D,0xE4,0x13,0xCE,0xE3,0x2D,0xE0,0x06,0xF6,0x00,0x2D,
  0xFF,0xFA,0x5F,0xFF,0xE4,0x00,0x0E,0xE1,0x00,0x14,0x74,0x00,0x36,0x51,0x00,0x00,0x4F,0xB1,0x00,0x00,0x00,0x00,0x00,0x00,
  0x00,0x00,0x7F,0xD4,0x00,0x00,0x00,0x20,0x00,0x00,0x00,0x00,0x4D,0xFD,0x98,0x9A,0xDF,0x40,0x00,0x00,0x00,0x00,0x06,0xAD,
  0xEE,0xCB,0x72,0x00,0x00,0x00,0x00,0x09,0xFB,0x00,0x00,0x00,0x00,0x00,0xEE,0xF1,0x00,0x00,0x00,0x00,0x5F,0x7F,0x60,0x00,
  0x00,0x00,0x0A,0xE0,0xDC,0x00,0x00,0x00,0x01,0xFA,0x08,0xF2,0x00,0x00,0x00,0x6F,0x40,0x3F,0x70,0x00,0x00,0x0C,0xE0,0x00,
  0xDD,0x00,0x00,0x02,0xF9,0x00,0x07,0xF3,0x00,0x00,0x7F,0x30,0x00,0x2F,0x80,0x00,0x0D,0xFF,0xFF,0xFF,0xFD,0x00,0x03,0xFB,
  0x88,0x88,0x8B,0xF4,0x00,0x8F,0x30,0x00,0x00,0x2F,0x90,0x0E,0xD0,0x00,0x00,0x00,0xCE,0x04,0xF8,0x00,0x00,0x00,0x07,0xF5,
  0xAF,0x30,0x00,0x00,0x00,0x3F,0xA0,0x08,0xFF,0xFF,0xFD,0xB4,0x00,0x00,0x8F,0xA8,0x89,0xAE,0xF7,0x00,0x08,0xF3,0x00,0x00,
  0x1D,0xF1,0x00,0x8F,0x30,0x00,0x00,0x7F,0x40,0x08,0xF3,0x00,0x00,0x07,0xF4,0x00,0x8F,0x30,0x00,0x01,0xDE,0x10,0x08,0xF9,
  0x88,0x8A,0xED,0x30,0x00,0x8F,0xFF,0xFF,0xFF,0xB4,0x00,0x08,0xF3,0x00,0x01,0x5D,0xF4,0x00,0x8F,0x30,0x00,0x00,0x3F,0xB0,
  0x08,0xF3,0x00,0x00,0x00,0xDE,0x00,0x8F,0x30,0x00,0x00,0x0E,0xC0,0x08,0xF3,0x00,0x00,0x08,0xF9,0x00,0x8F,0xA8,0x88,0xAD,
  0xFD,0x10,0x08,0xFF,0xFF,0xFE,0xC7,0x10,0x00,0x00,0x00,0x3A,0xDF,0xDA,0x40,0x00,0x00,0x07,0xFF,0xDA,0xCF,0xF9,0x00,0x00,
  0x7F,0xC2,0x00,0x02,0xBF,0x80,0x02,0xEC,0x10,0x00,0x00,0x0C,0xF1,0x09,0xF5,0x00,0x00,0x00,0x05,0xE6,0x0C,0xE0,0x00,0x00,
  0x00,0x00,0x00,0x0E,0xC0,0x00,0x00,0x00,0x00,0x00,0x1F,0xA0,0x00,0x00,0x00,0x00,0x00,0x0E,0xB0,0x00,0x00,0x00,0x00,0x00,
  0x0C,0xE0,0x00,0x00,0x00,0x00,0x00,0x09,0xF4,0x00,0x00,0x00,0x05,0xE6,0x02,0xEC,0x10,0x00,0x00,0x0C,0xF1,0x00,0x7F,0xC2,
  0x00,0x02,0xAF,0x80,0x00,0x07,0xFF,0xDA,0xCF,0xF9,0x00,0x00,0x00,0x3A,0xDF,0xDA,0x40,0x00,0x08,0xFF,0xFF,0xFD,0x92,0x00,
  0x00,0x08,0xFA,0x88,0xAD,0xFE,0x60,0x00,0x08,0xF3,0x00,0x00,0x3D,0xF6,0x00,0x08,0xF3,0x00,0x00,0x01,0xEE,0x10,0x08,0xF3,
  0x00,0x00,0x00,0x7F,0x70,0x08,0xF3,0x00,0x00,0x00,0x2F,0x90,0x08,0xF3,0x00,0x00,0x00,0x0F,0xB0,0x08,0xF3,0x00,0x00,0x00,
  0x0D,0xD0,0x08,0xF3,0x00,0x00,0x00,0x0F,0xB0,0x08,0xF3,0x00,0x00,0x00,0x2F,0x90,0x08,0xF3,0x00,0x00,0x00,0x7F,0x60,0x08,
  0xF3,0x00,0x00,0x01,0xEE,0x10,0x08,0xF3,0x00,0x00,0x3D,0xF6,0x00,0x08,0xFA,0x88,0xAD,0xFE,0x60,0x00,0x08,0xFF,0xFF,0xED,
  0x92,0x00,0x00,0x08,0xFF,0xFF,0xFF,0xFF,0xE0,0x08,0xFA,0x88,0x88,0x88,0x80,0x08,0xF3,0x00,0x00,0x00,0x00,0x08,0xF3,0x00,
  0x00,0x00,0x00,0x08,0xF3,0x00,0x00,0x00,0x00,0x08,0xF3,0x00,0x00,0x00,0x00,0x08,0xFA,0x88,0x88,0x88,0x30,0x08,0xFF,0xFF,
  0xFF,0xFF,0x50,0x08,0xF3,0x00,0x00,0x00,0x00,0x08,0xF3,0x00,0x00,0x00,0x00,0x08,0xF3,0x00,0x00,0x00,0x00,0x08,0xF3,0x00,
  0x00,0x00,0x00,0x08,0xF3,0x00,0x00,0x00,0x00,0x08,0xFA,0x88,0x88,0x88,0x80,0x08,0xFF,0xFF,0xFF,0xFF,0xE0,0x08,0xFF,0xFF,
  0xFF,0xFF,0x90,0x8F,0xA8,0x88,0x88,0x85,0x08,0xF3,0x00,0x00,0x00,0x00,0x8F,0x30,0x00,0x00,0x00,0x08,0xF3,0x00,0x00,0x00,
  0x00,0x8F,0x30,0x00,0x00,0x00,0x08,0xFA,0x88,0x88,0x88,0x00,0x8F,0xFF,0xFF,0xFF,0xF0,0x08,0xF3,0x00,0x00,0x00,0x00,0x8F,
  0x30,0x00,0x00,0x00,0x08,0xF3,0x00,0x00,0x00,0x00,0x8F,0x30,0x00,0x00,0x00,0x08,0xF3,0x00,0x00,0x00,0x00,0x8F,0x30,0x00,
  0x00,0x00,0x08,0xF3,0x00,0x00,0x00,0x00,0x00,0x00,0x3A,0xDF,0xDA,0x30,0x00,0x00,0x00,0x7F,0xFD,0xAC,0xFF,0x80,0x00,0x00,
  0x7F,0xC2,0x00,0x02,0xBF,0x70,0x00,0x2E,0xD1,0x00,0x00,0x01,0xDF,0x10,0x09,0xF5,0x00,0x00,0x00,0x05,0xE6,0x00,0xCE,0x00,
  0x00,0x00,0x00,0x00,0x00,0x0E,0xC0,0x00,0x00,0x00,0x00,0x00,0x01,0xFA,0x00,0x00,0x07,0x88,0x88,0x60,0x0E,0xC0,0x00,0x00,
  0xDF,0xFF,0xFA,0x00,0xCE,0x00,0x00,0x00,0x00,0x3F,0x90,0x09,0xF5,0x00,0x00,0x00,0x06,0xF6,0x00,0x1E,0xD1,0x00,0x00,0x01,
  0xDF,0x20,0x00,0x7F,0xC2,0x00,0x02,0xCF,0x70,0x00,0x00,0x7F,0xFD,0xAC,0xFF,0x80,0x00,0x00,0x00,0x3A,0xDF,0xC9,0x30,0x00,
  0x00,0x08,0xF3,0x00,0x00,0x00,0x1F,0xB0,0x08,0xF3,0x00,0x00,0x00,0x1F,0xB0,0x08,0xF3,0x00,0x00,0x00,0x1F,0xB0,0x08,0xF3,
  0x00,0x00,0x00,0x1F,0xB0,0x08,0xF3,0x00,0x00,0x00,0x1F,0xB0,0x08,0xF3,0x00,0x00,0x00,0x1F,0xB0,0x08,0xFA,0x88,0x88,0x88,
  0x9F,0xB0,0x08,0xFF,0xFF,0xFF,0xFF,0xFF,0xB0,0x08,0xF3,0x00,0x00,0x00,0x1F,0xB0,0x08,0xF3,0x00,0x00,0x00,0x1F,0xB0,0x08,
  0xF3,0x00,0x00,0x00,0x1F,0xB0,0x08,0xF3,0x00,0x00,0x00,0x1F,0xB0,0x08,0xF3,0x00,0x00,0x00,0x1F,0xB0,0x08,0xF3,0x00,0x00,
  0x00,0x1F,0xB0,0x08,0xF3,0x00,0x00,0x00,0x1F,0xB0,0x08,0xF3,0x00,0x8F,0x30,0x08,0xF3,0x00,0x8F,0x30,0x08,0xF3,0x00,0x8F,
  0x30,0x08,0xF3,0x00,0x8F,0x30,0x08,0xF3,0x00,0x8F,0x30,0x08,0xF3,0x00,0x8F,0x30,0x08,0xF3,0x00,0x8F,0x30,0x08,0xF3,0x00,
  0x00,0x00,0x00,0x07,0xF5,0x00,0x00,0x00,0x00,0x7F,0x50,0x00,0x00,0x00,0x07,0xF5,0x00,0x00,0x00,0x00,0x7F,0x50,0x00,0x00,
  0x00,0x07,0xF5,0x00,0x00,0x00,0x00,0x7F,0x50,0x00,0x00,0x00,0x07,0xF5,0x00,0x00,0x00,0x00,0x7F,0x50,0x00,0x00,0x00,0x07,
  0xF5,0x01,0x31,0x00,0x00,0x7F,0x50,0x4F,0x70,0x00,0x07,0xF4,0x02,0xF9,0x00,0x00,0x9F,0x20,0x0E,0xE2,0x00,0x2E,0xE0,0x00,
  0x5F,0xEA,0xAE,0xF5,0x00,0x00,0x4B,0xEE,0xB4,0x00,0x00,0x08,0xF3,0x00,0x00,0x05,0xFD,0x20,0x8F,0x30,0x00,0x04,0xFE,0x20,
  0x08,0xF3,0x00,0x03,0xEE,0x30,0x00,0x8F,0x30,0x02,0xEF,0x40,0x00,0x08,0xF3,0x01,0xDF,0x50,0x00,0x00,0x8F,0x31,0xCF,0x70,
  0x00,0x00,0x08,0xF3,0xBF,0xB0,0x00,0x00,0x00,0x8F,0xCF,0xEF,0x40,0x00,0x00,0x08,0xFF,0x93,0xFD,0x10,0x00,0x00,0x8F,0xB0,
  0x07,0xF9,0x00,0x00,0x08,0xF3,0x00,0x0B,0xF5,0x00,0x00,0x8F,0x30,0x00,0x2E,0xE1,0x00,0x08,0xF3,0x00,0x00,0x6F,0xA0,0x00,
  0x8F,0x30,0x00,0x00,0xAF,0x60,0x08,0xF3,0x00,0x00,0x01,0xEE,0x20,0x08,0xF3,0x00,0x00,0x00,0x00,0x8F,0x30,0x00,0x00,0x00,
  0x08,0xF3,0x00,0x00,0x00,0x00,0x8F,0x30,0x00,0x00,0x00,0x08,0xF3,0x00,0x00,0x00,0x00,0x8F,0x30,0x00,0x00,0x00,0x08,0xF3,
  0x00,0x00,0x00,0x00,0x8F,0x30,0x00,0x00,0x00,0x08,0xF3,0x00,0x00,0x00,0x00,0x8F,0x30,0x00,0x00,0x00,0x08,0xF3,0x00,0x00,
  0x00,0x00,0x8F,0x30,0x00,0x00,0x00,0x08,0xF3,0x00,0x00,0x00,0x00,0x8F,0xA8,0x88,0x88,0x82,0x08,0xFF,0xFF,0xFF,0xFF,0x30,
  0x08,0xFE,0x10,0x00,0x00,0x00,0x0D,0xFB,0x00,0x8F,0xF6,0x00,0x00,0x00,0x04,0xFF,0xB0,0x08,0xFF,0xC0,0x00,0x00,0x00,0xAF,
  0xFB,0x00,0x8F,0xBF,0x20,0x00,0x00,0x1E,0xAF,0xB0,0x08,0xF6,0xF8,0x00,0x00,0x06,0xF5,0xFB,0x00,0x8F,0x2D,0xE0,0x00,0x00,
  0xCE,0x1F,0xB0,0x08,0xF3,0x7F,0x40,0x00,0x2F,0x90,0xFB,0x00,0x8F,0x31,0xFA,0x00,0x08,0xF3,0x0F,0xB0,0x08,0xF3,0x0A,0xF1,
  0x00,0xDC,0x00,0xFB,0x00,0x8F,0x30,0x5F,0x70,0x4F,0x60,0x0F,0xB0,0x08,0xF3,0x00,0xDC,0x0A,0xF1,0x00,0xFB,0x00,0x8F,0x30,
  0x08,0xF3,0xEA,0x00,0x0F,0xB0,0x08,0xF3,0x00,0x2F,0xDF,0x40,0x00,0xFB,0x00,0x8F,0x30,0x00,0xBF,0xD0,0x00,0x0F,0xB0,0x08,
  0xF3,0x00,0x05,0xF7,0x00,0x00,0xFB,0x00,0x08,0xFB,0x00,0x00,0x00,0x0F,0xB0,0x08,0xFF,0x60,0x00,0x00,0x0F,0xB0,0x08,0xFE,
  0xE1,0x00,0x00,0x0F,0xB0,0x08,0xF7,0xF9,0x00,0x00,0x0F,0xB0,0x08,0xF3,0xBF,0x30,0x00,0x0F,0xB0,0x08,0xF3,0x2F,0xC0,0x00,
  0x0F,0xB0,0x08,0xF3,0x08,0xF7,0x00,0x0F,0xB0,0x08,0xF3,0x01,0xDE,0x20,0x0F,0xB0,0x08,0xF3,0x00,0x4F,0xA0,0x0F,0xB0,0x08,
  0xF3,0x00,0x0A,0xF4,0x0F,0xB0,0x08,0xF3,0x00,0x02,0xED,0x0F,0xB0,0x08,0xF3,0x00,0x00,0x7F,0x7F,0xB0,0x08,0xF3,0x00,0x00,
  0x0C,0xEF,0xB0,0x08,0xF3,0x00,0x00,0x03,0xFF,0xB0,0x08,0xF3,0x00,0x00,0x00,0x9F,0xB0,0x00,0x00,0x3A,0xDF,0xDA,0x30,0x00,
  0x00,0x00,0x7F,0xFD,0xAD,0xFF,0x60,0x00,0x00,0x7F,0xC2,0x00,0x03,0xCF,0x70,0x00,0x2E,0xD0,0x00,0x00,0x01,0xDE,0x10,0x09,
  0xF4,0x00,0x00,0x00,0x05,0xF8,0x00,0xCE,0x00,0x00,0x00,0x00,0x0E,0xB0,0x0E,0xC0,0x00,0x00,0x00,0x00,0xCE,0x01,0xFA,0x00,
  0x00,0x00,0x00,0x0A,0xF1,0x0E,0xC0,0x00,0x00,0x00,0x00,0xCE,0x00,0xCE,0x00,0x00,0x00,0x00,0x0E,0xC0,0x09,0xF4,0x00,0x00,
  0x00,0x05,0xF8,0x00,0x2E,0xD0,0x00,0x00,0x01,0xDE,0x10,0x00,0x7F,0xC2,0x00,0x02,0xCF,0x70,0x00,0x00,0x7F,0xFD,0xAD,0xFF,
  0x70,0x00,0x00,0x00,0x3A,0xEF,0xDA,0x30,0x00,0x00,0x08,0xFF,0xFF,0xFD,0xA3,0x00,0x08,0xFA,0x88,0x9B,0xEF,0x70,0x08,0xF3,
  0x00,0x00,0x2D,0xF2,0x08,0xF3,0x00,0x00,0x05,0xF6,0x08,0xF3,0x00,0x00,0x03,0xF8,0x08,0xF3,0x00,0x00,0x05,0xF6,0x08,0xF3,
  0x00,0x00,0x2D,0xF2,0x08,0xFA,0x88,0x9A,0xEF,0x60,0x08,0xFF,0xFF,0xFD,0xA3,0x00,0x08,0xF3,0x00,0x00,0x00,0x00,0x08,0xF3,
  0x00,0x00,0x00,0x00,0x08,0xF3,0x00,0x00,0x00,0x00,0x08,0xF3,0x00,0x00,0x00,0x00,0x08,0xF3,0x00,0x00,0x00,0x00,0x08,0xF3,
  0x00,0x00,0x00,0x00,0x00,0x00,0x3A,0xDF,0xDA,0x30,0x00,0x00,0x00,0x7F,0xFD,0xAD,0xFF,0x60,0x00,0x00,0x7F,0xC2,0x00,0x03,
  0xCF,0x70,0x00,0x2E,0xD0,0x00,0x00,0x01,0xDE,0x10,0x09,0xF4,0x00,0x00,0x00,0x05,0xF8,0x00,0xCE,0x00,0x00,0x00,0x00,0x0E,
  0xB0,0x0E,0xC0,0x00,0x00,0x00,0x00,0xCE,0x01,0xFA,0x00,0x00,0x00,0x00,0x0A,0xF1,0x0E,0xC0,0x00,0x00,0x00,0x00,0xBF,0x00,
  0xCE,0x00,0x00,0x00,0x00,0x0E,0xD0,0x09,0xF4,0x00,0x1B,0xA1,0x04,0xF8,0x00,0x2E,0xD0,0x00,0x5F,0x91,0xCF,0x20,0x00,0x7F,
  0xC2,0x00,0x8F,0xDF,0x80,0x00,0x00,0x7F,0xFD,0xAC,0xFF,0x90,0x00,0x00,0x00,0x3A,0xEE,0xC9,0xED,0x10,0x00,0x00,0x00,0x00,
  0x00,0x04,0xFA,0x00,0x00,0x00,0x00,0x00,0x00,0x02,0x20,0x00,0x08,0xFF,0xFF,0xFD,0xB5,0x00,0x00,0x8F,0xA8,0x88,0xAE,0xF9,
  0x00,0x08,0xF3,0x00,0x00,0x1B,0xF5,0x00,0x8F,0x30,0x00,0x00,0x2F,0x90,0x08,0xF3,0x00,0x00,0x00,0xFB,0x00,0x8F,0x30,0x00,
  0x00,0x2F,0xA0,0x08,0xF3,0x00,0x00,0x1B,0xF4,0x00,0x8F,0xA8,0x88,0xAE,0xF9,0x00,0x08,0xFF,0xFF,0xFF,0xE5,0x00,0x00,0x8F,
  0x30,0x00,0xDF,0x20,0x00,0x08,0xF3,0x00,0x06,0xF9,0x00,0x00,0x8F,0x30,0x00,0x0D,0xF2,0x00,0x08,0xF3,0x00,0x00,0x6F,0xA0,
  0x00,0x8F,0x30,0x00,0x00,0xDF,0x30,0x08,0xF3,0x00,0x00,0x05,0xFA,0x00,0x00,0x06,0xCE,0xEC,0x70,0x00,0x01,0xCF,0xEA,0xAE,
  0xFC,0x10,0x08,0xF8,0x00,0x00,0x9F,0x90,0x0C,0xE0,0x00,0x00,0x0D,0xD0,0x0D,0xD0,0x00,0x00,0x06,0x80,0x0A,0xF9,0x10,0x00,
  0x00,0x00,0x01,0xDF,0xEA,0x62,0x00,0x00,0x00,0x07,0xCF,0xFF,0xC5,0x00,0x00,0x00,0x01,0x59,0xEF,0x90,0x00,0x00,0x00,0x00,
  0x1C,0xF4,0x2E,0x80,0x00,0x00,0x05,0xF7,0x0F,0xD0,0x00,0x00,0x06,0xF5,0x09,0xF9,0x00,0x00,0x3D,0xE2,0x01,0xCF,0xEA,0x9B,
  0xFF,0x50,0x00,0x06,0xBD,0xEC,0x92,0x00,0x8F,0xFF,0xFF,0xFF,0xFF,0xFB,0x48,0x88,0x8D,0xF8,0x88,0x86,0x00,0x00,0x0B,0xF0,
  0x00,0x00,0x00,0x00,0x0B,0xF0,0x00,0x00,0x00,0x00,0x0B,0xF0,0x00,0x00,0x00,0x00,0x0B,0xF0,0x00,0x00,0x00,0x00,0x0B,0xF0,
  0x00,0x00,0x00,0x00,0x0B,0xF0,0x00,0x00,0x00,0x00,0x0B,0xF0,0x00,0x00,0x00,0x00,0x0B,0xF0,0x00,0x00,0x00,0x00,0x0B,0xF0,
  0x00,0x00,0x00,0x00,0x0B,0xF0,0x00,0x00,0x00,0x00,0x0B,0xF0,0x00,0x00,0x00,0x00,0x0B,0xF0,0x00,0x00,0x00,0x00,0x0B,0xF0,
  0x00,0x00,0x0A,0xF2,0x00,0x00,0x00,0x1F,0xA0,0x0A,0xF2,0x00,0x00,0x00,0x1F,0xA0,0x0A,0xF2,0x00,0x00,0x00,0x1F,0xA0,0x0A,
  0xF2,0x00,0x00,0x00,0x1F,0xA0,0x0A,0xF2,0x00,0x00,0x00,0x1F,0xA0,0x0A,0xF2,0x00,0x00,0x00,0x1F,0xA0,0x0A,0xF2,0x00,0x00,
  0x00,0x1F,0xA0,0x0A,0xF2,0x00,0x00,0x00,0x1F,0xA0,0x0A,0xF2,0x00,0x00,0x00,0x1F,0xA0,0x0A,0xF2,0x00,0x00,0x00,0x1F,0xA0,
  0x08,0xF4,0x00,0x00,0x00,0x3F,0x80,0x05,0xFA,0x00,0x00,0x00,0x9F,0x50,0x00,0xCF,0x70,0x00,0x07,0xFC,0x00,0x00,0x2D,0xFE,
  0xBB,0xEF,0xD3,0x00,0x00,0x00,0x7B,0xEE,0xB7,0x10,0x00,0xAF,0x30,0x00,0x00,0x00,0x2F,0xA4,0xF8,0x00,0x00,0x00,0x07,0xF5,
  0x0E,0xE0,0x00,0x00,0x00,0xCE,0x00,0x8F,0x40,0x00,0x00,0x2F,0x90,0x03,0xF9,0x00,0x00,0x07,0xF4,0x00,0x0D,0xE0,0x00,0x00,
  0xCE,0x00,0x00,0x7F,0x40,0x00,0x3F,0x80,0x00,0x02,0xFA,0x00,0x08,0xF3,0x00,0x00,0x0C,0xE1,0x00,0xDD,0x00,0x00,0x00,0x6F,
  0x50,0x3F,0x70,0x00,0x00,0x01,0xFA,0x08,0xF2,0x00,0x00,0x00,0x0A,0xE0,0xCC,0x00,0x00,0x00,0x00,0x5F,0x7F,0x60,0x00,0x00,
  0x00,0x00,0xEE,0xF1,0x00,0x00,0x00,0x00,0x09,0xFB,0x00,0x00,0x00,0xAF,0x10,0x00,0x00,0xAF,0x90,0x00,0x00,0x2F,0xA6,0xF5,
  0x00,0x00,0x0E,0xFD,0x00,0x00,0x06,0xF6,0x2F,0x90,0x00,0x03,0xFD,0xF2,0x00,0x00,0xAF,0x20,0xDD,0x00,0x00,0x6F,0x6F,0x60,
  0x00,0x0D,0xD0,0x09,0xF1,0x00,0x0A,0xE1,0xFA,0x00,0x02,0xF9,0x00,0x5F,0x50,0x00,0xEB,0x0B,0xE0,0x00,0x6F,0x50,0x01,0xF9,
  0x00,0x3F,0x70,0x7F,0x20,0x0A,0xF1,0x00,0x0C,0xD0,0x07,0xF3,0x03,0xF6,0x00,0xDC,0x00,0x00,0x8F,0x10,0xBE,0x00,0x0E,0xA0,
  0x2F,0x80,0x00,0x04,0xF5,0x0E,0xA0,0x00,0xBE,0x06,0xF4,0x00,0x00,0x1F,0x83,0xF6,0x00,0x07,0xF2,0x9E,0x00,0x00,0x00,0xCC,
  0x6F,0x20,0x00,0x3F,0x6D,0xB0,0x00,0x00,0x08,0xFA,0xD0,0x00,0x00,0xEB,0xF7,0x00,0x00,0x00,0x4F,0xF9,0x00,0x00,0x0A,0xFF,
  0x30,0x00,0x00,0x00,0xEF,0x50,0x00,0x00,0x6F,0xE0,0x00,0x00,0x2F,0xD1,0x00,0x00,0x01,0xDE,0x20,0x7F,0x90,0x00,0x00,0x9F,
  0x60,0x00,0xCF,0x40,0x00,0x4F,0xB0,0x00,0x02,0xED,0x10,0x1D,0xE2,0x00,0x00,0x07,0xF8,0x09,0xF5,0x00,0x00,0x00,0x0B,0xF7,
  0xFA,0x00,0x00,0x00,0x00,0x2E,0xFE,0x10,0x00,0x00,0x00,0x00,0xBF,0xB0,0x00,0x00,0x00,0x00,0x5F,0xEF,0x50,0x00,0x00,0x00,
  0x1E,0xD2,0xEE,0x10,0x00,0x00,0x0B,0xF4,0x06,0xFA,0x00,0x00,0x06,0xF9,0x00,0x0B,0xF5,0x00,0x02,0xED,0x10,0x00,0x2E,0xE1,
  0x00,0xBF,0x40,0x00,0x00,0x6F,0xA0,0x6F,0x90,0x00,0x00,0x00,0xAF,0x50,0x8F,0x80,0x00,0x00,0x00,0xAF,0x51,0xDF,0x20,0x00,
  0x00,0x4F,0xB0,0x04,0xFB,0x00,0x00,0x0D,0xF2,0x00,0x0A,0xF5,0x00,0x07,0xF8,0x00,0x00,0x2E,0xD1,0x02,0xED,0x10,0x00,0x00,
  0x7F,0x80,0xAF,0x50,0x00,0x00,0x00,0xDE,0x5F,0xB0,0x00,0x00,0x00,0x04,0xFF,0xF2,0x00,0x00,0x00,0x00,0x0A,0xF8,0x00,0x00,
  0x00,0x00,0x00,0x7F,0x40,0x00,0x00,0x00,0x00,0x07,0xF4,0x00,0x00,0x00,0x00,0x00,0x7F,0x40,0x00,0x00,0x00,0x00,0x07,0xF4,
  0x00,0x00,0x00,0x00,0x00,0x7F,0x40,0x00,0x00,0x00,0x00,0x07,0xF4,0x00,0x00,0x00,0x2F,0xFF,0xFF,0xFF,0xFF,0xF9,0x18,0x88,
  0x88,0x88,0x8D,0xF8,0x00,0x00,0x00,0x00,0x3F,0xC0,0x00,0x00,0x00,0x01,0xDE,0x20,0x00,0x00,0x00,0x0A,0xF5,0x00,0x00,0x00,
  0x00,0x6F,0x90,0x00,0x00,0x00,0x03,0xFC,0x00,0x00,0x00,0x00,0x1D,0xE2,0x00,0x00,0x00,0x00,0xAF,0x50,0x00,0x00,0x00,0x06,
  0xF9,0x00,0x00,0x00,0x00,0x3F,0xC1,0x00,0x00,0x00,0x01,0xDE,0x20,0x00,0x00,0x00,0x0A,0xF5,0x00,0x00,0x00,0x00,0x5F,0xE8,
  0x88,0x88,0x88,0x86,0x7F,0xFF,0xFF,0xFF,0xFF,0xFA,0x03,0x66,0x61,0x07,0xFF,0xF3,0x07,0xF3,0x00,0x07,0xF3,0x00,0x07,0xF3,
  0x00,0x07,0xF3,0x00,0x07,0xF3,0x00,0x07,0xF3,0x00,0x07,0xF3,0x00,0x07,0xF3,0x00,0x07,0xF3,0x00,0x07,0xF3,0x00,0x07,0xF3,
  0x00,0x07,0xF3,0x00,0x07,0xF3,0x00,0x07,0xF3,0x00,0x07,0xF3,0x00,0x07,0xF8,0x61,0x07,0xFF,0xF3,0x55,0x00,0x00,0x09,0xE0,
  0x00,0x00,0x5F,0x30,0x00,0x01,0xF7,0x00,0x00,0x0C,0xB0,0x00,0x00,0x8E,0x00,0x00,0x04,0xF4,0x00,0x00,0x1F,0x80,0x00,0x00,
  0xBC,0x00,0x00,0x07,0xF1,0x00,0x00,0x3F,0x50,0x00,0x00,0xE9,0x00,0x00,0x0A,0xD0,0x00,0x00,0x6F,0x20,0x00,0x02,0xF6,0x00,
  0x00,0x0D,0xA0,0x00,0x00,0x9E,0x00,0x00,0x05,0xF3,0x16,0x66,0x30,0x3F,0xFF,0x60,0x00,0x4F,0x60,0x00,0x4F,0x60,0x00,0x4F,
  0x60,0x00,0x4F,0x60,0x00,0x4F,0x60,0x00,0x4F,0x60,0x00,0x4F,0x60,0x00,0x4F,0x60,0x00,0x4F,0x60,0x00,0x4F,0x60,0x00,0x4F,
  0x60,0x00,0x4F,0x60,0x00,0x4F,0x60,0x00,0x4F,0x60,0x00,0x4F,0x60,0x16,0x8F,0x60,0x3F,0xFF,0x60,0x00,0x0C,0xF8,0x00,0x00,
  0x05,0xFD,0xE1,0x00,0x00,0xCD,0x2F,0x80,0x00,0x4F,0x60,0xAE,0x10,0x0B,0xE0,0x03,0xF7,0x03,0xF7,0x00,0x0B,0xE0,0x12,0x00,
  0x00,0x12,0x00,0x00,0x00,0x00,0x00,0x00,0x00,0x00,0x00,0x00,0x00,0x00,0x00,0x00,0x00,0x00,0x00,0x00,0x00,0x00,0x00,0x00,
  0x00,0x00,0x00,0x00,0x00,0x00,0x00,0x00,0x00,0x00,0xFF,0xFF,0xFF,0xFF,0xF1,0x88,0x88,0x88,0x88,0x81,0x1E,0xC0,0x00,0x5F,
  0x40,0x00,0xAA,0x00,0x00,0x00,0x00,0x00,0x00,0x00,0x00,0x00,0x00,0x00,0x00,0x00,0x00,0x00,0x00,0x00,0x00,0x00,0x00,0x00,
  0x00,0x00,0x00,0x00,0x00,0x00,0x00,0x00,0x00,0x00,0x00,0x3A,0xDE,0xC5,0x00,0x04,0xFE,0x98,0xCF,0x70,0x0C,0xE2,0x00,0x0C,
  0xE0,0x06,0x40,0x00,0x09,0xF1,0x00,0x01,0x47,0x9E,0xF2,0x02,0xBF,0xFF,0xCC,0xF2,0x0D,0xF8,0x30,0x08,0xF2,0x2F,0x90,0x00,
  0x0A,0xF2,0x1F,0xA0,0x00,0x2E,0xF2,0x0B,0xFC,0x8A,0xEC,0xF2,0x01,0x9D,0xFD,0x58,0xF2,0x0C,0xD0,0x00,0x00,0x00,0x00,0xCD,
  0x00,0x00,0x00,0x00,0x0C,0xD0,0x00,0x00,0x00,0x00,0xCD,0x00,0x00,0x00,0x00,0x0C,0xD1,0x9D,0xEB,0x30,0x00,0xCE,0xCD,0x99,
  0xEF,0x40,0x0C,0xFB,0x10,0x02,0xED,0x00,0xCF,0x20,0x00,0x07,0xF4,0x0C,0xD0,0x00,0x00,0x3F,0x70,0xCC,0x00,0x00,0x02,0xF8,
  0x0C,0xD0,0x00,0x00,0x3F,0x70,0xCF,0x20,0x00,0x07,0xF4,0x0C,0xFB,0x00,0x02,0xED,0x00,0xCE,0xDD,0x99,0xEF,0x40,0x0C,0xD1,
  0x9D,0xEB,0x30,0x00,0x00,0x08,0xCE,0xC7,0x10,0x01,0xCF,0xB8,0xBF,0xC0,0x08,0xF6,0x00,0x08,0xF7,0x0E,0xC0,0x00,0x01,0xA7,
  0x2F,0x80,0x00,0x00,0x00,0x4F,0x60,0x00,0x00,0x00,0x2F,0x70,0x00,0x00,0x00,0x0E,0xB0,0x00,0x01,0x97,0x08,0xF5,0x00,0x08,
  0xF7,0x01,0xCF,0xB8,0xBF,0xC0,0x00,0x08,0xCE,0xC7,0x10,0x00,0x00,0x00,0x00,0x9F,0x10,0x00,0x00,0x00,0x09,0xF1,0x00,0x00,
  0x00,0x00,0x9F,0x10,0x00,0x00,0x00,0x09,0xF1,0x00,0x19,0xDE,0xA3,0x9F,0x10,0x1D,0xFA,0x8B,0xEC,0xF1,0x09,0xF5,0x00,0x07,
  0xFF,0x10,0xFB,0x00,0x00,0x0D,0xF1,0x2F,0x80,0x00,0x00,0x9F,0x14,0xF6,0x00,0x00,0x07,0xF1,0x2F,0x80,0x00,0x00,0x9F,0x10,
  0xFB,0x00,0x00,0x0D,0xF1,0x09,0xF5,0x00,0x07,0xFF,0x10,0x2D,0xFA,0x8B,0xEB,0xF1,0x00,0x19,0xDE,0xA3,0x8F,0x10,0x00,0x08,
  0xCE,0xB6,0x00,0x00,0x1C,0xFA,0x8B,0xFA,0x00,0x08,0xF4,0x00,0x07,0xF4,0x00,0xE9,0x00,0x00,0x0D,0xB0,0x2F,0xA6,0x66,0x66,
  0xCD,0x04,0xFF,0xFF,0xFF,0xFF,0xF0,0x2F,0x60,0x00,0x00,0x00,0x00,0xFA,0x00,0x00,0x05,0x40,0x08,0xF4,0x00,0x06,0xF8,0x00,
  0x1D,0xFB,0x8A,0xFD,0x10,0x00,0x18,0xCE,0xD8,0x10,0x00,0x00,0x3B,0xEB,0x00,0xCE,0x85,0x00,0xFA,0x00,0x00,0xFA,0x00,0xDF,
  0xFF,0xFB,0x67,0xFC,0x75,0x00,0xFA,0x00,0x00,0xFA,0x00,0x00,0xFA,0x00,0x00,0xFA,0x00,0x00,0xFA,0x00,0x00,0xFA,0x00,0x00,
  0xFA,0x00,0x00,0xFA,0x00,0x00,0xFA,0x00,0x00,0x19,0xDE,0xB3,0x8F,0x10,0x1D,0xFA,0x8B,0xEC,0xF1,0x09,0xF5,0x00,0x07,0xFF,
  0x10,0xFB,0x00,0x00,0x0D,0xF1,0x2F,0x80,0x00,0x00,0x9F,0x14,0xF6,0x00,0x00,0x07,0xF1,0x2F,0x80,0x00,0x00,0x9F,0x10,0xFB,
  0x00,0x00,0x0D,0xF1,0x09,0xF5,0x00,0x07,0xFF,0x10,0x1D,0xFA,0x8B,0xEB,0xF1,0x00,0x19,0xDE,0xA3,0x8F,0x10,0x12,0x00,0x00,
  0x0A,0xE0,0x09,0xF5,0x00,0x02,0xEB,0x00,0x2E,0xFB,0x89,0xEE,0x20,0x00,0x29,0xDF,0xDA,0x20,0x00,0x0C,0xD0,0x00,0x00,0x00,
  0x00,0xCD,0x00,0x00,0x00,0x00,0x0C,0xD0,0x00,0x00,0x00,0x00,0xCD,0x00,0x00,0x00,0x00,0x0C,0xD1,0xAE,0xD9,0x10,0x00,0xCE,
  0xDC,0x9B,0xFD,0x00,0x0C,0xF9,0x00,0x07,0xF6,0x00,0xCF,0x10,0x00,0x1F,0x90,0x0C,0xE0,0x00,0x00,0xEA,0x00,0xCD,0x00,0x00,
  0x0E,0xB0,0x0C,0xD0,0x00,0x00,0xEB,0x00,0xCD,0x00,0x00,0x0E,0xB0,0x0C,0xD0,0x00,0x00,0xEB,0x00,0xCD,0x00,0x00,0x0E,0xB0,
  0x0C,0xD0,0x00,0x00,0xEB,0x00,0x0B,0xC0,0x0E,0xE1,0x01,0x10,0x00,0x00,0x0C,0xD0,0x0C,0xD0,0x0C,0xD0,0x0C,0xD0,0x0C,0xD0,
  0x0C,0xD0,0x0C,0xD0,0x0C,0xD0,0x0C,0xD0,0x0C,0xD0,0x0C,0xD0,0x00,0xBC,0x00,0x0E,0xE1,0x00,0x11,0x00,0x00,0x00,0x00,0xCD,
  0x00,0x0C,0xD0,0x00,0xCD,0x00,0x0C,0xD0,0x00,0xCD,0x00,0x0C,0xD0,0x00,0xCD,0x00,0x0C,0xD0,0x00,0xCD,0x00,0x0C,0xD0,0x00,
  0xCD,0x00,0x0C,0xD0,0x00,0xDD,0x04,0xAF,0x90,0x8E,0xA1,0x00,0x0C,0xD0,0x00,0x00,0x00,0x00,0xCD,0x00,0x00,0x00,0x00,0x0C,
  0xD0,0x00,0x00,0x00,0x00,0xCD,0x00,0x00,0x00,0x00,0x0C,0xD0,0x00,0x1B,0xF6,0x00,0xCD,0x00,0x0B,0xF6,0x00,0x0C,0xD0,0x0A,
  0xF7,0x00,0x00,0xCD,0x0A,0xF7,0x00,0x00,0x0C,0xEA,0xF9,0x00,0x00,0x00,0xCF,0xFF,0xD1,0x00,0x00,0x0C,0xF5,0x7F,0xA0,0x00,
  0x00,0xCD,0x00,0xAF,0x70,0x00,0x0C,0xD0,0x01,0xDF,0x40,0x00,0xCD,0x00,0x02,0xEE,0x10,0x0C,0xD0,0x00,0x05,0xFB,0x00,0x0C,
  0xD0,0x0C,0xD0,0x0C,0xD0,0x0C,0xD0,0x0C,0xD0,0x0C,0xD0,0x0C,0xD0,0x0C,0xD0,0x0C,0xD0,0x0C,0xD0,0x0C,0xD0,0x0C,0xD0,0x0C,
  0xD0,0x0C,0xD0,0x0C,0xD0,0x0C,0xD1,0x9D,0xE8,0x01,0x9E,0xEA,0x20,0x00,0xCD,0xBB,0x9D,0xF8,0xBC,0x9B,0xFD,0x00,0x0C,0xF8,
  0x00,0x0C,0xFB,0x00,0x08,0xF5,0x00,0xCF,0x10,0x00,0x7F,0x50,0x00,0x3F,0x70,0x0C,0xE0,0x00,0x07,0xF3,0x00,0x02,0xF8,0x00,
  0xCD,0x00,0x00,0x7F,0x30,0x00,0x2F,0x80,0x0C,0xD0,0x00,0x07,0xF3,0x00,0x02,0xF8,0x00,0xCD,0x00,0x00,0x7F,0x30,0x00,0x2F,
  0x80,0x0C,0xD0,0x00,0x07,0xF3,0x00,0x02,0xF8,0x00,0xCD,0x00,0x00,0x7F,0x30,0x00,0x2F,0x80,0x0C,0xD0,0x00,0x07,0xF3,0x00,
  0x02,0xF8,0x00,0x0C,0xD1,0xAE,0xD9,0x10,0x00,0xCD,0xDC,0x9B,0xFD,0x00,0x0C,0xF9,0x00,0x07,0xF6,0x00,0xCF,0x10,0x00,0x1F,
  0x90,0x0C,0xE0,0x00,0x00,0xEA,0x00,0xCD,0x00,0x00,0x0E,0xB0,0x0C,0xD0,0x00,0x00,0xEB,0x00,0xCD,0x00,0x00,0x0E,0xB0,0x0C,
  0xD0,0x00,0x00,0xEB,0x00,0xCD,0x00,0x00,0x0E,0xB0,0x0C,0xD0,0x00,0x00,0xEB,0x00,0x00,0x08,0xCE,0xC7,0x00,0x00,0x1C,0xFB,
  0x9B,0xFC,0x00,0x08,0xF6,0x00,0x06,0xF7,0x00,0xEC,0x00,0x00,0x0C,0xE0,0x2F,0x80,0x00,0x00,0x8F,0x24,0xF6,0x00,0x00,0x07,
  0xF3,0x2F,0x70,0x00,0x00,0x8F,0x20,0xEB,0x00,0x00,0x0C,0xE0,0x08,0xF5,0x00,0x06,0xF7,0x00,0x1C,0xFB,0x8B,0xFC,0x10,0x00,
  0x08,0xCE,0xC8,0x00,0x00,0x0C,0xD1,0x9D,0xEB,0x30,0x00,0xCD,0xCD,0x99,0xEF,0x40,0x0C,0xFB,0x10,0x02,0xED,0x00,0xCF,0x20,
  0x00,0x07,0xF4,0x0C,0xD0,0x00,0x00,0x3F,0x70,0xCC,0x00,0x00,0x02,0xF8,0x0C,0xD0,0x00,0x00,0x3F,0x70,0xCF,0x20,0x00,0x07,
  0xF4,0x0C,0xFB,0x00,0x02,0xED,0x00,0xCE,0xCD,0x99,0xEF,0x40,0x0C,0xD1,0x9D,0xEB,0x30,0x00,0xCD,0x00,0x00,0x00,0x00,0x0C,
  0xD0,0x00,0x00,0x00,0x00,0xCD,0x00,0x00,0x00,0x00,0x0A,0xC0,0x00,0x00,0x00,0x00,0x00,0x19,0xDE,0xB3,0x8F,0x10,0x1D,0xFA,
  0x8B,0xFC,0xF1,0x09,0xF5,0x00,0x07,0xFF,0x10,0xFB,0x00,0x00,0x0D,0xF1,0x2F,0x80,0x00,0x00,0x9F,0x14,0xF6,0x00,0x00,0x07,
  0xF1,0x2F,0x80,0x00,0x00,0x9F,0x10,0xFB,0x00,0x00,0x0D,0xF1,0x09,0xF5,0x00,0x07,0xFF,0x10,0x1D,0xFA,0x8B,0xEB,0xF1,0x00,
  0x19,0xDE,0xA3,0x9F,0x10,0x00,0x00,0x00,0x09,0xF1,0x00,0x00,0x00,0x00,0x9F,0x10,0x00,0x00,0x00,0x09,0xF1,0x00,0x00,0x00,
  0x00,0x8D,0x10,0x0C,0xC3,0xBF,0x00,0xCD,0xDB,0xA0,0x0C,0xF6,0x00,0x00,0xCF,0x00,0x00,0x0C,0xD0,0x00,0x00,0xCD,0x00,0x00,
  0x0C,0xD0,0x00,0x00,0xCD,0x00,0x00,0x0C,0xD0,0x00,0x00,0xCD,0x00,0x00,0x0C,0xD0,0x00,0x00,0x00,0x6C,0xED,0x91,0x00,0x07,
  0xFC,0x89,0xFC,0x10,0x0E,0xC0,0x00,0x6F,0x50,0x0E,0xC0,0x00,0x16,0x30,0x09,0xFB,0x52,0x00,0x00,0x00,0x8E,0xFF,0xC5,0x00,
  0x00,0x00,0x37,0xDF,0x50,0x15,0x20,0x00,0x2F,0xA0,0x1F,0xA0,0x00,0x2F,0x90,0x09,0xFC,0x89,0xEF,0x40,0x00,0x6C,0xEE,0xB4,
  0x00,0x00,0xC8,0x00,0x00,0xFA,0x00,0x00,0xFA,0x00,0xDF,0xFF,0xFB,0x67,0xFC,0x75,0x00,0xFA,0x00,0x00,0xFA,0x00,0x00,0xFA,
  0x00,0x00,0xFA,0x00,0x00,0xFA,0x00,0x00,0xFA,0x00,0x00,0xFA,0x00,0x00,0xDE,0x85,0x00,0x4C,0xFB,0x0C,0xD0,0x00,0x00,0xEB,
  0x00,0xCD,0x00,0x00,0x0E,0xB0,0x0C,0xD0,0x00,0x00,0xEB,0x00,0xCD,0x00,0x00,0x0E,0xB0,0x0C,0xD0,0x00,0x00,0xEB,0x00,0xCD,
  0x00,0x00,0x0E,0xB0,0x0C,0xD0,0x00,0x00,0xFB,0x00,0xAF,0x00,0x00,0x2F,0xB0,0x07,0xF6,0x00,0x09,0xFB,0x00,0x1D,0xFA,0x8C,
  0xCE,0xB0,0x00,0x2A,0xED,0x91,0xEB,0x00,0x8F,0x40,0x00,0x01,0xEB,0x3F,0x90,0x00,0x05,0xF6,0x0C,0xE0,0x00,0x0A,0xF1,0x07,
  0xF5,0x00,0x1F,0xA0,0x02,0xFA,0x00,0x6F,0x50,0x00,0xBE,0x10,0xBE,0x00,0x00,0x5F,0x51,0xF9,0x00,0x00,0x1E,0xA6,0xF3,0x00,
  0x00,0x0A,0xFC,0xD0,0x00,0x00,0x04,0xFF,0x70,0x00,0x00,0x00,0xEF,0x20,0x00,0x9F,0x20,0x00,0x7F,0x70,0x00,0x2F,0x94,0xF6,
  0x00,0x0B,0xFB,0x00,0x06,0xF4,0x0E,0xA0,0x00,0xED,0xF0,0x00,0xAF,0x10,0xBE,0x00,0x4F,0x6F,0x40,0x0E,0xB0,0x06,0xF4,0x08,
  0xE0,0xE8,0x03,0xF6,0x00,0x2F,0x70,0xCB,0x0A,0xC0,0x7F,0x20,0x00,0xCB,0x1F,0x70,0x6F,0x1B,0xD0,0x00,0x08,0xE5,0xF2,0x02,
  0xF5,0xF8,0x00,0x00,0x4F,0xCD,0x00,0x0D,0xCF,0x40,0x00,0x00,0xEF,0x90,0x00,0x9F,0xE0,0x00,0x00,0x0A,0xF5,0x00,0x05,0xFA,
  0x00,0x00,0x3F,0xC0,0x00,0x09,0xF5,0x07,0xF6,0x00,0x4F,0xA0,0x00,0xCE,0x20,0xDE,0x10,0x00,0x3F,0xB8,0xF5,0x00,0x00,0x07,
  0xFF,0x90,0x00,0x00,0x01,0xFF,0x30,0x00,0x00,0x09,0xFE,0xC0,0x00,0x00,0x5F,0x86,0xF7,0x00,0x01,0xED,0x00,0xBF,0x30,0x0A,
  0xF3,0x00,0x2E,0xC0,0x6F,0x80,0x00,0x07,0xF8,0x8F,0x40,0x00,0x01,0xEB,0x2F,0x90,0x00,0x05,0xF6,0x0C,0xE0,0x00,0x0B,0xE1,
  0x06,0xF5,0x00,0x1F,0xA0,0x01,0xFA,0x00,0x6F,0x40,0x00,0xAF,0x10,0xBD,0x00,0x00,0x4F,0x62,0xF8,0x00,0x00,0x0E,0xB7,0xF2,
  0x00,0x00,0x08,0xFD,0xC0,0x00,0x00,0x03,0xFF,0x60,0x00,0x00,0x00,0xCF,0x10,0x00,0x00,0x01,0xEA,0x00,0x00,0x00,0x07,0xF4,
  0x00,0x00,0x05,0x8E,0xC0,0x00,0x00,0x0B,0xFB,0x10,0x00,0x00,0x1F,0xFF,0xFF,0xFF,0x90,0x17,0x77,0x77,0xCF,0x70,0x00,0x00,
  0x02,0xEC,0x00,0x00,0x00,0x0C,0xE2,0x00,0x00,0x00,0x7F,0x60,0x00,0x00,0x03,0xFB,0x00,0x00,0x00,0x0C,0xE2,0x00,0x00,0x00,
  0x8F,0x60,0x00,0x00,0x04,0xFA,0x00,0x00,0x00,0x0D,0xF9,0x77,0x77,0x50,0x1F,0xFF,0xFF,0xFF,0xA0,0x00,0x00,0x03,0x50,0x00,
  0x01,0xCF,0xE0,0x00,0x07,0xF7,0x10,0x00,0x0A,0xE0,0x00,0x00,0x0C,0xD0,0x00,0x00,0x0C,0xC0,0x00,0x00,0x0C,0xC0,0x00,0x00,
  0x0D,0xC0,0x00,0x00,0x6F,0x90,0x00,0x0E,0xFB,0x10,0x00,0x0A,0xEE,0x30,0x00,0x00,0x2F,0xA0,0x00,0x00,0x0C,0xC0,0x00,0x00,
  0x0C,0xC0,0x00,0x00,0x0C,0xC0,0x00,0x00,0x0B,0xD0,0x00,0x00,0x0A,0xF1,0x00,0x00,0x04,0xFC,0x70,0x00,0x00,0x5C,0xD0,0x00,
  0xBA,0x00,0x00,0xBA,0x00,0x00,0xBA,0x00,0x00,0xBA,0x00,0x00,0xBA,0x00,0x00,0xBA,0x00,0x00,0xBA,0x00,0x00,0xBA,0x00,0x00,
  0xBA,0x00,0x00,0xBA,0x00,0x00,0xBA,0x00,0x00,0xBA,0x00,0x00,0xBA,0x00,0x00,0xBA,0x00,0x00,0xBA,0x00,0x00,0xBA,0x00,0x00,
  0xBA,0x00,0x00,0xBA,0x00,0x00,0xBA,0x00,0x00,0xBA,0x00,0x00,0xBA,0x00,0x00,0xBA,0x00,0x00,0xBA,0x00,0x00,0xB9,0x00,0x15,
  0x20,0x00,0x00,0x3F,0xF8,0x00,0x00,0x02,0xBF,0x20,0x00,0x00,0x4F,0x50,0x00,0x00,0x2F,0x70,0x00,0x00,0x2F,0x70,0x00,0x00,
  0x2F,0x70,0x00,0x00,0x1F,0x80,0x00,0x00,0x0D,0xE4,0x10,0x00,0x03,0xDF,0x90,0x00,0x08,0xFD,0x60,0x00,0x0E,0xB0,0x00,0x00,
  0x2F,0x70,0x00,0x00,0x2F,0x70,0x00,0x00,0x2F,0x70,0x00,0x00,0x3F,0x60,0x00,0x00,0x5F,0x50,0x00,0x28,0xEE,0x10,0x00,0x3E,
  0xB3,0x00,0x00,0x00,0x6D,0xE9,0x10,0x04,0x92,0x00,0x3F,0xCA,0xFD,0x20,0x9F,0x10,0x08,0xF2,0x07,0xFD,0x9F,0xB0,0x00,0x69,
  0x00,0x04,0xCE,0xB2,0x00,0x00,0x00,0x00,0x00,0x00,0x00,0x00,0x00,0x00,0x00,0x00,0x00,0x00,0x00,0x00,0x00,0x00,0x00,0x00,
  0x00,0x00,0x00,0x00,0x00,0x00,0x00,0x00,0x6D,0xEA,0x20,0x07,0xFA,0x8D,0xD1,0x0D,0x90,0x02,0xF5,0x0F,0x70,0x00,0xF6,0x0B,
  0xD3,0x18,0xF3,0x02,0xDF,0xFF,0x70,0x00,0x04,0x62,0x00,0x00,0x00,0x00,0x00,0x00,0x00,0x00,0x00,0x00,0x00,0x00,0x00,0x00,
  0x00,0x00,0x00,0x00,0x00,0x00,0x00,0x00,0x00,0x00,0x00,0x00,0x00,0x00,0x00,0x00,0x00,0x00,0x00,0x00,0x00,0x00,0x20,0x00,
  0x00,0x00,0x00,0x02,0xDF,0xE3,0x00,0x00,0x00,0x00,0xAB,0x1A,0xC0,0x00,0x00,0x00,0x0A,0xB1,0x9C,0x00,0x00,0x00,0x00,0x2D,
  0xFE,0x40,0x00,0x00,0x00,0x00,0x02,0x00,0x00,0x00,0x00,0x00,0x09,0xFB,0x00,0x00,0x00,0x00,0x00,0xEE,0xF1,0x00,0x00,0x00,
  0x00,0x5F,0x7F,0x60,0x00,0x00,0x00,0x0A,0xE0,0xDC,0x00,0x00,0x00,0x01,0xFA,0x08,0xF2,0x00,0x00,0x00,0x6F,0x40,0x3F,0x70,
  0x00,0x00,0x0C,0xE0,0x00,0xDD,0x00,0x00,0x02,0xF9,0x00,0x07,0xF3,0x00,0x00,0x7F,0x30,0x00,0x2F,0x80,0x00,0x0D,0xFF,0xFF,
  0xFF,0xFD,0x00,0x03,0xFB,0x88,0x88,0x8B,0xF4,0x00,0x8F,0x30,0x00,0x00,0x2F,0x90,0x0E,0xD0,0x00,0x00,0x00,0xCE,0x04,0xF8,
  0x00,0x00,0x00,0x07,0xF5,0xAF,0x30,0x00,0x00,0x00,0x3F,0xA0,0x00,0x00,0x00,0x7F,0xFF,0xFF,0xFF,0xFF,0xFF,0xA0,0x00,0x00,
  0x0D,0xD8,0xEF,0x88,0x88,0x88,0x86,0x00,0x00,0x05,0xF6,0x0C,0xE0,0x00,0x00,0x00,0x00,0x00,0x00,0xBE,0x10,0xCE,0x00,0x00,
  0x00,0x00,0x00,0x00,0x3F,0x90,0x0C,0xE0,0x00,0x00,0x00,0x00,0x00,0x0A,0xF2,0x00,0xCE,0x00,0x00,0x00,0x00,0x00,0x01,0xFB,
  0x00,0x0C,0xF8,0x88,0x88,0x88,0x10,0x00,0x8F,0x50,0x00,0xCF,0xFF,0xFF,0xFF,0xF1,0x00,0x0E,0xD0,0x00,0x0C,0xE0,0x00,0x00,
  0x00,0x00,0x06,0xFF,0xFF,0xFF,0xFE,0x00,0x00,0x00,0x00,0x00,0xCE,0x88,0x88,0x8E,0xE0,0x00,0x00,0x00,0x00,0x4F,0x90,0x00,
  0x00,0xCE,0x00,0x00,0x00,0x00,0x0B,0xF2,0x00,0x00,0x0C,0xE0,0x00,0x00,0x00,0x02,0xFA,0x00,0x00,0x00,0xCF,0x88,0x88,0x88,
  0x86,0x9F,0x40,0x00,0x00,0x0C,0xFF,0xFF,0xFF,0xFF,0xA0,0x00,0x00,0x00,0x00,0x00,0x00,0x10,0x00,0x00,0x03,0xAD,0xEC,0xA3,
  0x0B,0xC1,0x00,0x07,0xFF,0xDA,0xCF,0xFC,0xF9,0x00,0x07,0xFC,0x20,0x00,0x3D,0xFD,0x00,0x02,0xED,0x00,0x00,0x04,0xFF,0xF1,
  0x00,0x9F,0x40,0x00,0x02,0xEE,0x7F,0x80,0x0C,0xE0,0x00,0x01,0xDF,0x40,0xEC,0x00,0xEC,0x00,0x00,0xBF,0x60,0x0C,0xE0,0x1F,
  0xA0,0x00,0x9F,0x80,0x00,0xAF,0x10,0xFB,0x00,0x7F,0xB0,0x00,0x0C,0xE0,0x0D,0xD0,0x4F,0xC1,0x00,0x00,0xEC,0x00,0x9F,0x6E,
  0xE2,0x00,0x00,0x5F,0x80,0x02,0xFF,0xF3,0x00,0x00,0x1D,0xE1,0x00,0x0D,0xFD,0x20,0x00,0x2C,0xF7,0x00,0x09,0xFC,0xFF,0xCA,
  0xDF,0xF7,0x00,0x01,0xCA,0x03,0xAD,0xFD,0xA3,0x00,0x00,0x01,0x10,0x00,0x00,0x00,0x00,0x00,0x00,0x00,0x00,0x11,0x00,0x00,
  0x00,0x07,0xFF,0xA0,0x00,0x00,0x2F,0x53,0xE5,0x00,0x00,0x2F,0x52,0xE5,0x00,0x00,0x07,0xFF,0xA0,0x00,0x00,0x00,0x11,0x00,
  0x00,0x00,0x3A,0xDE,0xC5,0x00,0x04,0xFE,0x98,0xCF,0x70,0x0C,0xE2,0x00,0x0C,0xE0,0x06,0x40,0x00,0x09,0xF1,0x00,0x01,0x47,
  0x9E,0xF2,0x02,0xBF,0xFF,0xCC,0xF2,0x0D,0xF8,0x30,0x08,0xF2,0x2F,0x90,0x00,0x0A,0xF2,0x1F,0xA0,0x00,0x2E,0xF2,0x0B,0xFC,
  0x8A,0xEC,0xF2,0x01,0x9D,0xFD,0x58,0xF2,0x00,0x3A,0xDE,0xB4,0x02,0x9D,0xEA,0x40,0x00,0x4F,0xE9,0x8C,0xF7,0xEE,0x98,0xDF,
  0x60,0x0C,0xE2,0x00,0x0C,0xFD,0x10,0x01,0xBE,0x10,0x64,0x00,0x00,0x8F,0x50,0x00,0x03,0xF7,0x00,0x02,0x56,0x6B,0xF7,0x66,
  0x66,0x6F,0x90,0x2C,0xFF,0xFF,0xFF,0xFF,0xFF,0xFF,0xFB,0x0D,0xE6,0x10,0x08,0xF2,0x00,0x00,0x00,0x02,0xF8,0x00,0x00,0xAF,
  0x60,0x00,0x01,0x53,0x1F,0xA0,0x00,0x2E,0xFD,0x20,0x00,0xAF,0x40,0xAF,0xC8,0xAE,0xC5,0xEE,0x98,0xCF,0x90,0x01,0x8D,0xEC,
  0x91,0x03,0xAE,0xEC,0x60,0x00,0x00,0x00,0x00,0x00,0x01,0x00,0x00,0x8C,0xEC,0x73,0xE3,0x01,0xCF,0xB8,0xBF,0xFC,0x00,0x8F,
  0x60,0x01,0xDF,0x80,0x0E,0xC0,0x00,0xBE,0xDE,0x02,0xF8,0x00,0x9F,0x49,0xF2,0x4F,0x60,0x6F,0x60,0x7F,0x33,0xF8,0x4F,0x80,
  0x08,0xF2,0x1E,0xDE,0xA0,0x00,0xCE,0x00,0x9F,0xD1,0x00,0x6F,0x70,0x1C,0xFF,0xA8,0xBF,0xC1,0x04,0xE4,0x8D,0xEC,0x80,0x00,
  0x01,0x00,0x00,0x00,0x00,0x00,
};
static const UiGlyph UiFontMedium_glyphs[] = {
  {32,0,5,0,0,0,5},
  {33,0,4,15,0,-15,4},
  {34,30,8,15,0,-15,8},
  {35,90,12,15,0,-15,12},
  {36,180,12,19,0,-17,12},
  {37,294,17,15,0,-15,17},
  {38,422,13,15,0,-15,12},
  {39,520,5,15,0,-15,5},
  {40,558,6,19,0,-16,6},
  {41,615,6,19,0,-16,6},
  {42,672,9,15,0,-15,9},
  {43,740,13,11,0,-11,13},
  {44,812,4,5,0,-2,4},
  {45,822,9,7,0,-7,9},
  {46,854,4,3,0,-3,4},
  {47,860,7,18,0,-16,6},
  {48,923,12,15,0,-15,12},
  {49,1013,7,15,0,-15,7},
  {50,1066,11,15,0,-15,11},
  {51,1149,12,15,0,-15,12},
  {52,1239,12,15,0,-15,12},
  {53,1329,12,15,0,-15,12},
  {54,1419,12,15,0,-15,12},
  {55,1509,10,15,0,-15,10},
  {56,1584,12,15,0,-15,12},
  {57,1674,12,15,0,-15,12},
  {58,1764,4,11,0,-11,4},
  {59,1786,4,13,0,-10,4},
  {60,1812,13,11,0,-11,13},
  {61,1884,13,9,0,-9,13},
  {62,1943,13,11,0,-11,13},
  {63,2015,10,15,0,-15,10},
  {64,2090,19,18,0,-14,19},
  {65,2261,13,15,0,-15,13},
  {66,2359,13,15,0,-15,13},
  {67,2457,14,15,0,-15,14},
  {68,2562,14,15,0,-15,14},
  {69,2667,12,15,0,-15,12},
  {70,2757,11,15,0,-15,11},
  {71,2840,15,15,0,-15,15},
  {72,2953,14,15,0,-15,14},
  {73,3058,5,15,0,-15,5},
  {74,3096,11,15,0,-15,11},
  {75,3179,13,15,0,-15,13},
  {76,3277,11,15,0,-15,11},
  {77,3360,17,15,0,-15,17},
  {78,3488,14,15,0,-15,14},
  {79,3593,15,15,0,-15,15},
  {80,3706,12,15,0,-15,12},
  {81,3796,15,17,0,-15,15},
  {82,3924,13,15,0,-15,13},
  {83,4022,12,15,0,-15,12},
  {84,4112,12,15,0,-15,12},
  {85,4202,14,15,0,-15,14},
  {86,4307,13,15,0,-15,13},
  {87,4405,19,15,0,-15,19},
  {88,4548,13,15,0,-15,13},
  {89,4646,13,15,0,-15,13},
  {90,4744,12,15,0,-15,12},
  {91,4834,6,19,0,-16,6},
  {92,4891,7,18,0,-16,6},
  {93,4954,6,19,0,-16,6},
  {94,5011,9,14,0,-14,9},
  {95,5074,10,2,0,0,9},
  {96,5084,5,15,0,-15,5},
  {97,5122,10,11,0,-11,10},
  {98,5177,11,15,0,-15,11},
  {99,5260,10,11,0,-11,10},
  {100,5315,11,15,0,-15,11},
  {101,5398,11,11,0,-11,11},
  {102,5459,6,15,0,-15,6},
  {103,5504,11,15,0,-11,11},
  {104,5587,11,15,0,-15,11},
  {105,5670,4,15,0,-15,4},
  {106,5700,5,19,-1,-15,4},
  {107,5748,11,15,0,-15,10},
  {108,5831,4,15,0,-15,4},
  {109,5861,17,11,0,-11,17},
  {110,5955,11,11,0,-11,11},
  {111,6016,11,11,0,-11,11},
  {112,6077,11,15,0,-11,11},
  {113,6160,11,15,0,-11,11},
  {114,6243,7,11,0,-11,6},
  {115,6282,10,11,0,-11,10},
  {116,6337,6,14,0,-14,6},
  {117,6379,11,11,0,-11,11},
  {118,6440,10,11,0,-11,10},
  {119,6495,15,11,0,-11,15},
  {120,6578,10,11,0,-11,10},
  {121,6633,10,15,0,-11,10},
  {122,6708,10,11,0,-11,10},
  {123,6763,8,19,0,-16,8},
  {124,6839,6,24,0,-19,6},
  {125,6911,8,19,0,-16,8},
  {126,6987,13,8,0,-8,13},
  {176,7039,8,15,0,-15,8},
  {197,7099,13,21,0,-21,13},
  {198,7236,19,15,0,-15,19},
  {216,7379,15,17,0,-16,15},
  {229,7507,10,17,0,-17,10},
  {230,7592,17,11,0,-11,17},
  {248,7686,11,13,0,-12,11},
};
static const UiFont UiFontMedium = {UiFontMedium_bitmap,UiFontMedium_glyphs,102,20,5,27};

static const uint8_t UiFontLarge_bitmap[] = {
  0x00,0xEF,0xFF,0xFF,0xC0,0x00,0x0E,0xFF,0xFF,0xFB,0x00,0x00,0xEF,0xFF,0xFF,0xB0,0x00,0x0D,0xFF,0xFF,0xFB,0x00,0x00,0xDF,
  0xFF,0xFF,0xA0,0x00,0x0C,0xFF,0xFF,0xFA,0x00,0x00,0xCF,0xFF,0xFF,0x90,0x00,0x0C,0xFF,0xFF,0xF9,0x00,0x00,0xBF,0xFF,0xFF,
  0x90,0x00,0x0B,0xFF,0xFF,0xF8,0x00,0x00,0xAF,0xFF,0xFF,0x80,0x00,0x0A,0xFF,0xFF,0xF7,0x00,0x00,0xAF,0xFF,0xFF,0x70,0x00,
  0x09,0xFF,0xFF,0xF7,0x00,0x00,0x9F,0xFF,0xFF,0x60,0x00,0x09,0xFF,0xFF,0xF6,0x00,0x00,0x8F,0xFF,0xFF,0x50,0x00,0x08,0xFF,
  0xFF,0xF5,0x00,0x00,0x7F,0xFF,0xFF,0x50,0x00,0x07,0xFF,0xFF,0xF4,0x00,0x00,0x7F,0xFF,0xFF,0x40,0x00,0x06,0xFF,0xFF,0xF4,
  0x00,0x00,0x25,0x55,0x55,0x10,0x00,0x00,0x00,0x00,0x00,0x00,0x00,0x00,0x24,0x10,0x00,0x00,0x01,0xAF,0xFF,0x80,0x00,0x00,
  0xAF,0xFF,0xFF,0x70,0x00,0x1F,0xFF,0xFF,0xFD,0x00,0x02,0xFF,0xFF,0xFF,0xF0,0x00,0x0E,0xFF,0xFF,0xFD,0x00,0x00,0x7F,0xFF,
  0xFF,0x50,0x00,0x00,0x6C,0xEC,0x40,0x00,0x00,0x0D,0xFF,0xFF,0xC0,0x01,0xFF,0xFF,0xFA,0x00,0x00,0x00,0xDF,0xFF,0xFC,0x00,
  0x0F,0xFF,0xFF,0x90,0x00,0x00,0x0C,0xFF,0xFF,0xB0,0x00,0xEF,0xFF,0xF9,0x00,0x00,0x00,0xBF,0xFF,0xFA,0x00,0x0E,0xFF,0xFF,
  0x80,0x00,0x00,0x0A,0xFF,0xFF,0x90,0x00,0xDF,0xFF,0xF7,0x00,0x00,0x00,0xAF,0xFF,0xF9,0x00,0x0C,0xFF,0xFF,0x60,0x00,0x00,
  0x09,0xFF,0xFF,0x80,0x00,0xBF,0xFF,0xF6,0x00,0x00,0x00,0x8F,0xFF,0xF7,0x00,0x0A,0xFF,0xFF,0x50,0x00,0x00,0x07,0xFF,0xFF,
  0x60,0x00,0xAF,0xFF,0xF4,0x00,0x00,0x00,0x7F,0xFF,0xF6,0x00,0x09,0xFF,0xFF,0x30,0x00,0x00,0x06,0xFF,0xFF,0x50,0x00,0x8F,
  0xFF,0xF3,0x00,0x00,0x00,0x5F,0xFF,0xF4,0x00,0x07,0xFF,0xFF,0x20,0x00,0x00,0x00,0x11,0x11,0x00,0x00,0x11,0x11,0x10,0x00,
  0x00,0x00,0x00,0x00,0x00,0x00,0x00,0x00,0x00,0x00,0x00,0x00,0x00,0x00,0x00,0x00,0x00,0x00,0x00,0x00,0x00,0x00,0x00,0x00,
  0x00,0x00,0x00,0x00,0x00,0x00,0x00,0x00,0x00,0x00,0x00,0x00,0x00,0x00,0x00,0x00,0x00,0x00,0x00,0x00,0x00,0x00,0x00,0x00,
  0x00,0x00,0x00,0x00,0x00,0x00,0x00,0x00,0x00,0x00,0x00,0x00,0x00,0x00,0x00,0x00,0x00,0x00,0x00,0x00,0x00,0x00,0x00,0x00,
  0x00,0x00,0x00,0x00,0x00,0x00,0x00,0x00,0x00,0x00,0x00,0x00,0x00,0x00,0x00,0x00,0x00,0x00,0x00,0x00,0x00,0x00,0x00,0x00,
  0x00,0x00,0x00,0x00,0x00,0x00,0x00,0x00,0x00,0x00,0x00,0x00,0x00,0x00,0x00,0x00,0x00,0x00,0x00,0x00,0x00,0x00,0x00,0x00,
  0x00,0x00,0x00,0x00,0x00,0x00,0x00,0x00,0x00,0x00,0x00,0x00,0x00,0x00,0x00,0x00,0x00,0x00,0x00,0x00,0x00,0x00,0x00,0x00,
  0x00,0x00,0x00,0x00,0x00,0x00,0x00,0x00,0x00,0x00,0x00,0x00,0x00,0x00,0x00,0x00,0x00,0x00,0x00,0x00,0x00,0x00,0x00,0x00,
  0x00,0x00,0x00,0x00,0x00,0x00,0x00,0x00,0x00,0x00,0x00,0x00,0x00,0x00,0x00,0x00,0x00,0x00,0x00,0x00,0x00,0x00,0x00,0x00,
  0x00,0x00,0x00,0x00,0x00,0x00,0x00,0x00,0x00,0x00,0x00,0x00,0x0B,0xFF,0xFF,0x10,0x00,0x00,0x7F,0xFF,0xF5,0x00,0x00,0x00,
  0x00,0x00,0x00,0xEF,0xFF,0xD0,0x00,0x00,0x0A,0xFF,0xFF,0x20,0x00,0x00,0x00,0x00,0x00,0x1F,0xFF,0xFB,0x00,0x00,0x00,0xCF,
  0xFF,0xF0,0x00,0x00,0x00,0x00,0x00,0x04,0xFF,0xFF,0x80,0x00,0x00,0x0F,0xFF,0xFC,0x00,0x00,0x00,0x00,0x00,0x00,0x6F,0xFF,
  0xF6,0x00,0x00,0x02,0xFF,0xFF,0xA0,0x00,0x00,0x00,0x00,0x00,0x09,0xFF,0xFF,0x30,0x00,0x00,0x5F,0xFF,0xF7,0x00,0x00,0x00,
  0x00,0x00,0x00,0xBF,0xFF,0xF1,0x00,0x00,0x08,0xFF,0xFF,0x50,0x00,0x00,0x00,0x00,0x00,0x0E,0xFF,0xFE,0x00,0x00,0x00,0xAF,
  0xFF,0xF2,0x00,0x00,0x00,0x07,0xFF,0xFF,0xFF,0xFF,0xFF,0xFF,0xFF,0xFF,0xFF,0xFF,0xFF,0xFF,0x60,0x00,0x9F,0xFF,0xFF,0xFF,
  0xFF,0xFF,0xFF,0xFF,0xFF,0xFF,0xFF,0xFF,0xF4,0x00,0x0C,0xFF,0xFF,0xFF,0xFF,0xFF,0xFF,0xFF,0xFF,0xFF,0xFF,0xFF,0xFF,0x10,
  0x00,0xEF,0xFF,0xFF,0xFF,0xFF,0xFF,0xFF,0xFF,0xFF,0xFF,0xFF,0xFF,0xE0,0x00,0x1D,0xDD,0xDF,0xFF,0xFF,0xDD,0xDD,0xDD,0xEF,
  0xFF,0xFD,0xDD,0xDA,0x00,0x00,0x00,0x00,0xDF,0xFF,0xE0,0x00,0x00,0x09,0xFF,0xFF,0x20,0x00,0x00,0x00,0x00,0x00,0x1F,0xFF,
  0xFB,0x00,0x00,0x00,0xCF,0xFF,0xF0,0x00,0x00,0x00,0x00,0x00,0x03,0xFF,0xFF,0x90,0x00,0x00,0x0E,0xFF,0xFC,0x00,0x00,0x00,
  0x00,0x00,0x00,0x6F,0xFF,0xF7,0x00,0x00,0x02,0xFF,0xFF,0xA0,0x00,0x00,0x00,0x00,0x00,0x08,0xFF,0xFF,0x40,0x00,0x00,0x4F,
  0xFF,0xF8,0x00,0x00,0x00,0x00,0x00,0x00,0xBF,0xFF,0xF2,0x00,0x00,0x07,0xFF,0xFF,0x50,0x00,0x00,0x00,0x4C,0xCC,0xCE,0xFF,
  0xFF,0xCC,0xCC,0xCC,0xEF,0xFF,0xFD,0xCC,0xC7,0x00,0x07,0xFF,0xFF,0xFF,0xFF,0xFF,0xFF,0xFF,0xFF,0xFF,0xFF,0xFF,0xFF,0x70,
  0x00,0x9F,0xFF,0xFF,0xFF,0xFF,0xFF,0xFF,0xFF,0xFF,0xFF,0xFF,0xFF,0xF4,0x00,0x0C,0xFF,0xFF,0xFF,0xFF,0xFF,0xFF,0xFF,0xFF,
  0xFF,0xFF,0xFF,0xFF,0x10,0x00,0xEF,0xFF,0xFF,0xFF,0xFF,0xFF,0xFF,0xFF,0xFF,0xFF,0xFF,0xFF,0xE0,0x00,0x00,0x00,0x0A,0xFF,
  0xFF,0x20,0x00,0x00,0x6F,0xFF,0xF5,0x00,0x00,0x00,0x00,0x00,0x00,0xDF,0xFF,0xE0,0x00,0x00,0x09,0xFF,0xFF,0x30,0x00,0x00,
  0x00,0x00,0x00,0x0F,0xFF,0xFC,0x00,0x00,0x00,0xBF,0xFF,0xF1,0x00,0x00,0x00,0x00,0x00,0x03,0xFF,0xFF,0x90,0x00,0x00,0x0E,
  0xFF,0xFD,0x00,0x00,0x00,0x00,0x00,0x00,0x5F,0xFF,0xF7,0x00,0x00,0x01,0xFF,0xFF,0xB0,0x00,0x00,0x00,0x00,0x00,0x08,0xFF,
  0xFF,0x50,0x00,0x00,0x4F,0xFF,0xF8,0x00,0x00,0x00,0x00,0x00,0x00,0xAF,0xFF,0xF2,0x00,0x00,0x06,0xFF,0xFF,0x60,0x00,0x00,
  0x00,0x00,0x00,0x0C,0xFF,0xFF,0x00,0x00,0x00,0x9F,0xFF,0xF3,0x00,0x00,0x00,0x00,0x00,0x00,0x00,0x00,0x00,0x00,0x35,0x55,
  0x30,0x00,0x00,0x00,0x00,0x00,0x00,0x00,0x00,0x00,0x00,0x00,0x08,0xFF,0xF8,0x00,0x00,0x00,0x00,0x00,0x00,0x00,0x00,0x00,
  0x00,0x00,0x00,0x8F,0xFF,0x80,0x00,0x00,0x00,0x00,0x00,0x00,0x00,0x00,0x00,0x00,0x00,0x08,0xFF,0xF8,0x00,0x00,0x00,0x00,
  0x00,0x00,0x00,0x00,0x00,0x00,0x00,0x00,0x8F,0xFF,0x80,0x00,0x00,0x00,0x00,0x00,0x00,0x00,0x00,0x00,0x02,0x6A,0xDF,0xFF,
  0xFF,0xC9,0x40,0x00,0x00,0x00,0x00,0x00,0x00,0x00,0x2A,0xFF,0xFF,0xFF,0xFF,0xFF,0xFF,0xE6,0x00,0x00,0x00,0x00,0x00,0x00,
  0x7F,0xFF,0xFF,0xFF,0xFF,0xFF,0xFF,0xFF,0xFC,0x10,0x00,0x00,0x00,0x00,0x8F,0xFF,0xFF,0xFF,0xFF,0xFF,0xFF,0xFF,0xFF,0xFD,
  0x10,0x00,0x00,0x00,0x5F,0xFF,0xFF,0xFF,0xFF,0xFF,0xFF,0xFF,0xFF,0xFF,0xFB,0x00,0x00,0x00,0x1E,0xFF,0xFF,0xFF,0xFB,0xBF,
  0xFF,0xCE,0xFF,0xFF,0xFF,0xF5,0x00,0x00,0x05,0xFF,0xFF,0xFF,0xD3,0x08,0xFF,0xF8,0x09,0xFF,0xFF,0xFF,0xB0,0x00,0x00,0xAF,
  0xFF,0xFF,0xF3,0x00,0x8F,0xFF,0x80,0x0A,0xFF,0xFF,0xFF,0x10,0x00,0x0C,0xFF,0xFF,0xFD,0x00,0x08,0xFF,0xF8,0x00,0x2F,0xFF,
  0xFF,0xF4,0x00,0x00,0xDF,0xFF,0xFF,0xC0,0x00,0x8F,0xFF,0x80,0x00,0xDF,0xFF,0xFF,0x50,0x00,0x0C,0xFF,0xFF,0xFF,0x30,0x08,
  0xFF,0xF8,0x00,0x00,0x00,0x00,0x00,0x00,0x00,0x9F,0xFF,0xFF,0xFE,0x50,0x8F,0xFF,0x80,0x00,0x00,0x00,0x00,0x00,0x00,0x04,
  0xFF,0xFF,0xFF,0xFF,0xDD,0xFF,0xF8,0x00,0x00,0x00,0x00,0x00,0x00,0x00,0x0A,0xFF,0xFF,0xFF,0xFF,0xFF,0xFF,0xC6,0x20,0x00,
  0x00,0x00,0x00,0x00,0x00,0x1C,0xFF,0xFF,0xFF,0xFF,0xFF,0xFF,0xFF,0xD8,0x30,0x00,0x00,0x00,0x00,0x00,0x1A,0xFF,0xFF,0xFF,
  0xFF,0xFF,0xFF,0xFF,0xFF,0xB3,0x00,0x00,0x00,0x00,0x00,0x04,0xCF,0xFF,0xFF,0xFF,0xFF,0xFF,0xFF,0xFF,0xF7,0x00,0x00,0x00,
  0x00,0x00,0x00,0x38,0xCF,0xFF,0xFF,0xFF,0xFF,0xFF,0xFF,0xF7,0x00,0x00,0x00,0x00,0x00,0x00,0x00,0x1A,0xFF,0xFF,0xFF,0xFF,
  0xFF,0xFF,0xF3,0x00,0x00,0x00,0x00,0x00,0x00,0x00,0x8F,0xFF,0xA8,0xDF,0xFF,0xFF,0xFF,0xA0,0x00,0x00,0x00,0x00,0x00,0x00,
  0x08,0xFF,0xF8,0x01,0x9F,0xFF,0xFF,0xFE,0x00,0x05,0xAA,0xAA,0xA9,0x00,0x00,0x8F,0xFF,0x80,0x00,0xBF,0xFF,0xFF,0xF2,0x00,
  0x6F,0xFF,0xFF,0xF1,0x00,0x08,0xFF,0xF8,0x00,0x06,0xFF,0xFF,0xFF,0x20,0x05,0xFF,0xFF,0xFF,0x50,0x00,0x8F,0xFF,0x80,0x00,
  0x8F,0xFF,0xFF,0xF1,0x00,0x1F,0xFF,0xFF,0xFD,0x10,0x08,0xFF,0xF8,0x00,0x1D,0xFF,0xFF,0xFE,0x00,0x00,0xBF,0xFF,0xFF,0xFC,
  0x20,0x8F,0xFF,0x80,0x2B,0xFF,0xFF,0xFF,0xA0,0x00,0x04,0xFF,0xFF,0xFF,0xFF,0xBB,0xFF,0xFB,0xAE,0xFF,0xFF,0xFF,0xF4,0x00,
  0x00,0x0A,0xFF,0xFF,0xFF,0xFF,0xFF,0xFF,0xFF,0xFF,0xFF,0xFF,0xFA,0x00,0x00,0x00,0x1C,0xFF,0xFF,0xFF,0xFF,0xFF,0xFF,0xFF,
  0xFF,0xFF,0xFC,0x10,0x00,0x00,0x00,0x1A,0xFF,0xFF,0xFF,0xFF,0xFF,0xFF,0xFF,0xFF,0xFA,0x10,0x00,0x00,0x00,0x00,0x04,0xCF,
  0xFF,0xFF,0xFF,0xFF,0xFF,0xFF,0xC5,0x00,0x00,0x00,0x00,0x00,0x00,0x00,0x37,0xBD,0xFF,0xFF,0xFD,0xB7,0x30,0x00,0x00,0x00,
  0x00,0x00,0x00,0x00,0x00,0x00,0x08,0xFF,0xF8,0x00,0x00,0x00,0x00,0x00,0x00,0x00,0x00,0x00,0x00,0x00,0x00,0x8F,0xFF,0x80,
  0x00,0x00,0x00,0x00,0x00,0x00,0x00,0x00,0x00,0x00,0x00,0x08,0xFF,0xF8,0x00,0x00,0x00,0x00,0x00,0x00,0x00,0x00,0x00,0x00,
  0x00,0x00,0x8F,0xFF,0x80,0x00,0x00,0x00,0x00,0x00,0x00,0x00,0x00,0x00,0x00,0x00,0x02,0x44,0x42,0x00,0x00,0x00,0x00,0x00,
  0x00,0x00,0x00,0x00,0x18,0xCE,0xED,0x93,0x00,0x00,0x00,0x00,0x00,0x00,0x00,0x2E,0xFF,0xF9,0x00,0x00,0x00,0x00,0x00,0x00,
  0x5E,0xFF,0xFF,0xFF,0xF8,0x00,0x00,0x00,0x00,0x00,0x00,0x0C,0xFF,0xFD,0x10,0x00,0x00,0x00,0x00,0x00,0x6F,0xFF,0xFF,0xFF,
  0xFF,0xFB,0x00,0x00,0x00,0x00,0x00,0x07,0xFF,0xFF,0x30,0x00,0x00,0x00,0x00,0x00,0x1E,0xFF,0xFF,0xFF,0xFF,0xFF,0xF5,0x00,
  0x00,0x00,0x00,0x03,0xFF,0xFF,0x80,0x00,0x00,0x00,0x00,0x00,0x09,0xFF,0xFF,0x81,0x05,0xEF,0xFF,0xE1,0x00,0x00,0x00,0x00,
  0xCF,0xFF,0xC0,0x00,0x00,0x00,0x00,0x00,0x00,0xEF,0xFF,0xC0,0x00,0x07,0xFF,0xFF,0x40,0x00,0x00,0x00,0x8F,0xFF,0xF3,0x00,
  0x00,0x00,0x00,0x00,0x00,0x2F,0xFF,0xF7,0x00,0x00,0x2F,0xFF,0xF7,0x00,0x00,0x00,0x3F,0xFF,0xF7,0x00,0x00,0x00,0x00,0x00,
  0x00,0x03,0xFF,0xFF,0x50,0x00,0x00,0xFF,0xFF,0x90,0x00,0x00,0x1D,0xFF,0xFC,0x00,0x00,0x00,0x00,0x00,0x00,0x00,0x3F,0xFF,
  0xF5,0x00,0x00,0x0F,0xFF,0xF9,0x00,0x00,0x09,0xFF,0xFE,0x20,0x00,0x00,0x00,0x00,0x00,0x00,0x02,0xFF,0xFF,0x70,0x00,0x02,
  0xFF,0xFF,0x70,0x00,0x04,0xFF,0xFF,0x60,0x00,0x00,0x00,0x00,0x00,0x00,0x00,0x0E,0xFF,0xFC,0x00,0x00,0x7F,0xFF,0xF4,0x00,
  0x01,0xEF,0xFF,0xB0,0x00,0x00,0x00,0x00,0x00,0x00,0x00,0x00,0x9F,0xFF,0xF9,0x21,0x6E,0xFF,0xFE,0x10,0x00,0xAF,0xFF,0xE1,
  0x00,0x00,0x00,0x00,0x00,0x00,0x00,0x00,0x01,0xEF,0xFF,0xFF,0xFF,0xFF,0xFF,0x50,0x00,0x5F,0xFF,0xF5,0x00,0x00,0x00,0x00,
  0x00,0x00,0x00,0x00,0x00,0x05,0xFF,0xFF,0xFF,0xFF,0xFF,0xA0,0x00,0x2E,0xFF,0xFA,0x00,0x00,0x00,0x00,0x00,0x00,0x00,0x00,
  0x00,0x00,0x04,0xDF,0xFF,0xFF,0xFF,0x70,0x00,0x0B,0xFF,0xFD,0x10,0x00,0x00,0x00,0x00,0x00,0x00,0x00,0x00,0x00,0x00,0x01,
  0x7B,0xDE,0xC9,0x30,0x00,0x06,0xFF,0xFF,0x40,0x00,0x00,0x00,0x00,0x00,0x00,0x00,0x00,0x00,0x00,0x00,0x00,0x00,0x00,0x00,
  0x00,0x02,0xEF,0xFF,0x90,0x00,0x02,0x8C,0xEE,0xD9,0x20,0x00,0x00,0x00,0x00,0x00,0x00,0x00,0x00,0x00,0x00,0x00,0xCF,0xFF,
  0xD1,0x00,0x05,0xEF,0xFF,0xFF,0xFF,0x70,0x00,0x00,0x00,0x00,0x00,0x00,0x00,0x00,0x00,0x00,0x7F,0xFF,0xF3,0x00,0x07,0xFF,
  0xFF,0xFF,0xFF,0xFF,0x90,0x00,0x00,0x00,0x00,0x00,0x00,0x00,0x00,0x00,0x3F,0xFF,0xF8,0x00,0x02,0xFF,0xFF,0xFF,0xFF,0xFF,
  0xFF,0x40,0x00,0x00,0x00,0x00,0x00,0x00,0x00,0x00,0x0C,0xFF,0xFC,0x00,0x00,0xBF,0xFF,0xF7,0x10,0x6F,0xFF,0xFD,0x00,0x00,
  0x00,0x00,0x00,0x00,0x00,0x00,0x08,0xFF,0xFF,0x30,0x00,0x1F,0xFF,0xFA,0x00,0x00,0x8F,0xFF,0xF3,0x00,0x00,0x00,0x00,0x00,
  0x00,0x00,0x03,0xFF,0xFF,0x70,0x00,0x04,0xFF,0xFF,0x50,0x00,0x03,0xFF,0xFF,0x60,0x00,0x00,0x00,0x00,0x00,0x00,0x01,0xDF,
  0xFF,0xC0,0x00,0x00,0x5F,0xFF,0xF4,0x00,0x00,0x1F,0xFF,0xF7,0x00,0x00,0x00,0x00,0x00,0x00,0x00,0x9F,0xFF,0xE2,0x00,0x00,
  0x05,0xFF,0xFF,0x40,0x00,0x01,0xFF,0xFF,0x70,0x00,0x00,0x00,0x00,0x00,0x00,0x4F,0xFF,0xF6,0x00,0x00,0x00,0x4F,0xFF,0xF5,
  0x00,0x00,0x3F,0xFF,0xF6,0x00,0x00,0x00,0x00,0x00,0x00,0x1E,0xFF,0xFB,0x00,0x00,0x00,0x01,0xFF,0xFF,0xA0,0x00,0x08,0xFF,
  0xFF,0x30,0x00,0x00,0x00,0x00,0x00,0x0A,0xFF,0xFE,0x10,0x00,0x00,0x00,0x0B,0xFF,0xFF,0x71,0x05,0xEF,0xFF,0xD0,0x00,0x00,
  0x00,0x00,0x00,0x05,0xFF,0xFF,0x50,0x00,0x00,0x00,0x00,0x2F,0xFF,0xFF,0xFF,0xFF,0xFF,0xF4,0x00,0x00,0x00,0x00,0x00,0x02,
  0xEF,0xFF,0xA0,0x00,0x00,0x00,0x00,0x00,0x7F,0xFF,0xFF,0xFF,0xFF,0xFA,0x00,0x00,0x00,0x00,0x00,0x00,0xBF,0xFF,0xD1,0x00,
  0x00,0x00,0x00,0x00,0x00,0x6E,0xFF,0xFF,0xFF,0xF7,0x00,0x00,0x00,0x00,0x00,0x00,0x6F,0xFF,0xF4,0x00,0x00,0x00,0x00,0x00,
  0x00,0x00,0x28,0xDE,0xED,0x93,0x00,0x00,0x00,0x00,0x00,0x00,0x00,0x17,0xBD,0xFE,0xC8,0x30,0x00,0x00,0x00,0x00,0x00,0x00,
  0x00,0x00,0x00,0x6E,0xFF,0xFF,0xFF,0xFF,0x81,0x00,0x00,0x00,0x00,0x00,0x00,0x00,0x00,0xBF,0xFF,0xFF,0xFF,0xFF,0xFF,0xD1,
  0x00,0x00,0x00,0x00,0x00,0x00,0x00,0x9F,0xFF,0xFF,0xFF,0xFF,0xFF,0xFF,0xB0,0x00,0x00,0x00,0x00,0x00,0x00,0x3F,0xFF,0xFF,
  0xFF,0xFF,0xFF,0xFF,0xFF,0x40,0x00,0x00,0x00,0x00,0x00,0x09,0xFF,0xFF,0xFD,0x53,0x4A,0xFF,0xFF,0xF9,0x00,0x00,0x00,0x00,
  0x00,0x00,0xDF,0xFF,0xFE,0x10,0x00,0x0A,0xFF,0xFF,0xC0,0x00,0x00,0x00,0x00,0x00,0x0F,0xFF,0xFF,0x90,0x00,0x00,0x5F,0xFF,
  0xFD,0x00,0x00,0x00,0x00,0x00,0x00,0xEF,0xFF,0xF8,0x00,0x00,0x06,0xFF,0xFF,0xB0,0x00,0x00,0x00,0x00,0x00,0x0D,0xFF,0xFF,
  0xC0,0x00,0x01,0xDF,0xFF,0xF8,0x00,0x00,0x00,0x00,0x00,0x00,0x8F,0xFF,0xFF,0x50,0x01,0xCF,0xFF,0xFF,0x20,0x00,0x00,0x00,
  0x00,0x00,0x03,0xFF,0xFF,0xFE,0x25,0xEF,0xFF,0xFF,0x90,0x00,0x00,0x00,0x00,0x00,0x00,0x0A,0xFF,0xFF,0xFE,0xFF,0xFF,0xFF,
  0xC1,0x00,0x00,0x00,0x00,0x00,0x00,0x00,0x1E,0xFF,0xFF,0xFF,0xFF,0xFF,0xC2,0x00,0x00,0x00,0x00,0x00,0x00,0x00,0x00,0x4F,
  0xFF,0xFF,0xFF,0xFF,0xB1,0x00,0x00,0x00,0x00,0x00,0x00,0x00,0x00,0x06,0xFF,0xFF,0xFF,0xFF,0x70,0x00,0x00,0x00,0x00,0x00,
  0x00,0x00,0x00,0x1A,0xFF,0xFF,0xFF,0xFF,0xE3,0x00,0x00,0x01,0x33,0x33,0x30,0x00,0x00,0x1D,0xFF,0xFF,0xFF,0xFF,0xFF,0xD2,
  0x00,0x00,0x8F,0xFF,0xFC,0x00,0x00,0x1D,0xFF,0xFF,0xFF,0xEF,0xFF,0xFF,0xC1,0x00,0x0A,0xFF,0xFF,0xB0,0x00,0x0A,0xFF,0xFF,
  0xFF,0x71,0xCF,0xFF,0xFF,0xB0,0x00,0xDF,0xFF,0xFA,0x00,0x03,0xFF,0xFF,0xFF,0x60,0x02,0xDF,0xFF,0xFF,0xA0,0x3F,0xFF,0xFF,
  0x70,0x00,0x8F,0xFF,0xFF,0xB0,0x00,0x02,0xEF,0xFF,0xFF,0x89,0xFF,0xFF,0xF4,0x00,0x0A,0xFF,0xFF,0xF7,0x00,0x00,0x03,0xEF,
  0xFF,0xFF,0xFF,0xFF,0xFE,0x10,0x00,0xBF,0xFF,0xFF,0x80,0x00,0x00,0x04,0xFF,0xFF,0xFF,0xFF,0xFF,0x90,0x00,0x09,0xFF,0xFF,
  0xFD,0x00,0x00,0x00,0x05,0xFF,0xFF,0xFF,0xFF,0xF3,0x00,0x00,0x6F,0xFF,0xFF,0xF9,0x00,0x00,0x00,0x0A,0xFF,0xFF,0xFF,0xF9,
  0x00,0x00,0x01,0xFF,0xFF,0xFF,0xFD,0x63,0x25,0x8E,0xFF,0xFF,0xFF,0xFF,0x20,0x00,0x00,0x08,0xFF,0xFF,0xFF,0xFF,0xFF,0xFF,
  0xFF,0xFF,0xFF,0xFF,0xFC,0x10,0x00,0x00,0x0B,0xFF,0xFF,0xFF,0xFF,0xFF,0xFF,0xFF,0xFF,0xFF,0xFF,0xFA,0x00,0x00,0x00,0x1B,
  0xFF,0xFF,0xFF,0xFF,0xFF,0xFF,0xFF,0xBC,0xFF,0xFF,0xF9,0x00,0x00,0x00,0x06,0xDF,0xFF,0xFF,0xFF,0xFF,0xFC,0x50,0x2E,0xFF,
  0xFF,0xF7,0x00,0x00,0x00,0x00,0x48,0xCD,0xFE,0xDB,0x83,0x00,0x00,0x5F,0xFF,0xFF,0xF5,0x00,0x0D,0xFF,0xFF,0xC0,0x00,0x00,
  0x0D,0xFF,0xFF,0xC0,0x00,0x00,0x0C,0xFF,0xFF,0xB0,0x00,0x00,0x0B,0xFF,0xFF,0xA0,0x00,0x00,0x0A,0xFF,0xFF,0x90,0x00,0x00,
  0x0A,0xFF,0xFF,0x90,0x00,0x00,0x09,0xFF,0xFF,0x80,0x00,0x00,0x08,0xFF,0xFF,0x70,0x00,0x00,0x07,0xFF,0xFF,0x60,0x00,0x00,
  0x07,0xFF,0xFF,0x60,0x00,0x00,0x06,0xFF,0xFF,0x50,0x00,0x00,0x05,0xFF,0xFF,0x40,0x00,0x00,0x00,0x11,0x11,0x00,0x00,0x00,
  0x00,0x00,0x00,0x00,0x00,0x00,0x00,0x00,0x00,0x00,0x00,0x00,0x00,0x00,0x00,0x00,0x00,0x00,0x00,0x00,0x00,0x00,0x00,0x00,
  0x00,0x00,0x00,0x00,0x00,0x00,0x00,0x00,0x00,0x00,0x00,0x00,0x00,0x00,0x00,0x00,0x00,0x00,0x00,0x00,0x00,0x00,0x00,0x00,
  0x00,0x00,0x00,0x00,0x00,0x00,0x00,0x00,0x00,0x00,0x00,0x00,0x00,0x00,0x00,0x00,0x00,0x00,0x00,0x00,0x00,0x00,0x00,0x00,
  0x00,0x00,0x00,0x00,0x00,0x00,0x00,0x00,0x00,0x00,0x00,0x00,0x00,0x00,0x00,0x00,0x00,0x00,0x00,0x00,0x00,0x00,0x00,0x00,
  0x00,0x00,0x00,0x00,0x00,0x00,0x00,0x00,0x00,0x00,0x00,0x00,0x00,0x00,0x00,0x00,0x00,0x00,0x00,0x00,0x0A,0xEE,0xEE,0xE7,
  0x00,0x00,0x00,0x03,0xFF,0xFF,0xFF,0x20,0x00,0x00,0x00,0xAF,0xFF,0xFF,0xA0,0x00,0x00,0x00,0x2F,0xFF,0xFF,0xF5,0x00,0x00,
  0x00,0x08,0xFF,0xFF,0xFE,0x00,0x00,0x00,0x00,0xCF,0xFF,0xFF,0x90,0x00,0x00,0x00,0x2F,0xFF,0xFF,0xF5,0x00,0x00,0x00,0x06,
  0xFF,0xFF,0xFF,0x10,0x00,0x00,0x00,0xBF,0xFF,0xFF,0xB0,0x00,0x00,0x00,0x1F,0xFF,0xFF,0xF7,0x00,0x00,0x00,0x03,0xFF,0xFF,
  0xFF,0x30,0x00,0x00,0x00,0x6F,0xFF,0xFF,0xF1,0x00,0x00,0x00,0x09,0xFF,0xFF,0xFD,0x00,0x00,0x00,0x00,0xBF,0xFF,0xFF,0xA0,
  0x00,0x00,0x00,0x0E,0xFF,0xFF,0xF7,0x00,0x00,0x00,0x01,0xFF,0xFF,0xFF,0x50,0x00,0x00,0x00,0x2F,0xFF,0xFF,0xF4,0x00,0x00,
  0x00,0x03,0xFF,0xFF,0xFF,0x30,0x00,0x00,0x00,0x4F,0xFF,0xFF,0xF2,0x00,0x00,0x00,0x05,0xFF,0xFF,0xFF,0x10,0x00,0x00,0x00,
  0x6F,0xFF,0xFF,0xF0,0x00,0x00,0x00,0x06,0xFF,0xFF,0xFF,0x00,0x00,0x00,0x00,0x5F,0xFF,0xFF,0xF1,0x00,0x00,0x00,0x04,0xFF,
  0xFF,0xFF,0x20,0x00,0x00,0x00,0x3F,0xFF,0xFF,0xF3,0x00,0x00,0x00,0x02,0xFF,0xFF,0xFF,0x40,0x00,0x00,0x00,0x0F,0xFF,0xFF,
  0xF7,0x00,0x00,0x00,0x00,0xCF,0xFF,0xFF,0x90,0x00,0x00,0x00,0x09,0xFF,0xFF,0xFC,0x00,0x00,0x00,0x00,0x7F,0xFF,0xFF,0xF1,
  0x00,0x00,0x00,0x04,0xFF,0xFF,0xFF,0x40,0x00,0x00,0x00,0x0E,0xFF,0xFF,0xF9,0x00,0x00,0x00,0x00,0xAF,0xFF,0xFF,0xD0,0x00,
  0x00,0x00,0x05,0xFF,0xFF,0xFF,0x30,0x00,0x00,0x00,0x0E,0xFF,0xFF,0xF7,0x00,0x00,0x00,0x00,0x9F,0xFF,0xFF,0xD0,0x00,0x00,
  0x00,0x03,0xFF,0xFF,0xFF,0x40,0x00,0x00,0x00,0x0A,0xFF,0xFF,0xFA,0x00,0x00,0x00,0x00,0x3F,0xFF,0xFF,0xF1,0x00,0x00,0x00,
  0x00,0xAF,0xFF,0xFF,0x70,0x0D,0xEE,0xEE,0xE4,0x00,0x00,0x00,0x00,0x8F,0xFF,0xFF,0xC0,0x00,0x00,0x00,0x02,0xFF,0xFF,0xFF,
  0x40,0x00,0x00,0x00,0x0B,0xFF,0xFF,0xFA,0x00,0x00,0x00,0x00,0x5F,0xFF,0xFF,0xF1,0x00,0x00,0x00,0x01,0xFF,0xFF,0xFF,0x60,
  0x00,0x00,0x00,0x0B,0xFF,0xFF,0xFA,0x00,0x00,0x00,0x00,0x7F,0xFF,0xFF,0xE1,0x00,0x00,0x00,0x03,0xFF,0xFF,0xFF,0x40,0x00,
  0x00,0x00,0x0D,0xFF,0xFF,0xF9,0x00,0x00,0x00,0x00,0xAF,0xFF,0xFF,0xC0,0x00,0x00,0x00,0x07,0xFF,0xFF,0xFE,0x00,0x00,0x00,
  0x00,0x4F,0xFF,0xFF,0xF2,0x00,0x00,0x00,0x02,0xFF,0xFF,0xFF,0x50,0x00,0x00,0x00,0x0E,0xFF,0xFF,0xF8,0x00,0x00,0x00,0x00,
  0xBF,0xFF,0xFF,0xA0,0x00,0x00,0x00,0x0A,0xFF,0xFF,0xFB,0x00,0x00,0x00,0x00,0x9F,0xFF,0xFF,0xC0,0x00,0x00,0x00,0x08,0xFF,
  0xFF,0xFD,0x00,0x00,0x00,0x00,0x7F,0xFF,0xFF,0xE0,0x00,0x00,0x00,0x06,0xFF,0xFF,0xFF,0x00,0x00,0x00,0x00,0x6F,0xFF,0xFF,
  0xE0,0x00,0x00,0x00,0x07,0xFF,0xFF,0xFE,0x00,0x00,0x00,0x00,0x8F,0xFF,0xFF,0xD0,0x00,0x00,0x00,0x09,0xFF,0xFF,0xFC,0x00,
  0x00,0x00,0x00,0xAF,0xFF,0xFF,0xB0,0x00,0x00,0x00,0x0D,0xFF,0xFF,0xF9,0x00,0x00,0x00,0x01,0xFF,0xFF,0xFF,0x60,0x00,0x00,
  0x00,0x4F,0xFF,0xFF,0xF3,0x00,0x00,0x00,0x07,0xFF,0xFF,0xFF,0x00,0x00,0x00,0x00,0xAF,0xFF,0xFF,0xC0,0x00,0x00,0x00,0x1E,
  0xFF,0xFF,0xF8,0x00,0x00,0x00,0x05,0xFF,0xFF,0xFF,0x30,0x00,0x00,0x00,0x9F,0xFF,0xFF,0xD0,0x00,0x00,0x00,0x0E,0xFF,0xFF,
  0xF8,0x00,0x00,0x00,0x04,0xFF,0xFF,0xFF,0x30,0x00,0x00,0x00,0xAF,0xFF,0xFF,0xB0,0x00,0x00,0x00,0x1F,0xFF,0xFF,0xF4,0x00,
  0x00,0x00,0x07,0xFF,0xFF,0xFB,0x00,0x00,0x00,0x00,0xDF,0xFF,0xFF,0x40,0x00,0x00,0x00,0x00,0x00,0x00,0x00,0x04,0xFF,0xFC,
  0x00,0x00,0x00,0x00,0x00,0x00,0x00,0x00,0x00,0x03,0xFF,0xFB,0x00,0x00,0x00,0x00,0x00,0x00,0x00,0x01,0x00,0x02,0xFF,0xFA,
  0x00,0x00,0x10,0x00,0x00,0x00,0x00,0x7D,0x50,0x01,0xFF,0xF9,0x00,0x19,0xE1,0x00,0x00,0x00,0x01,0xEF,0xFA,0x10,0xFF,0xF8,
  0x04,0xDF,0xF9,0x00,0x00,0x00,0x09,0xFF,0xFF,0xE5,0xEF,0xF8,0x9F,0xFF,0xFF,0x20,0x00,0x00,0x09,0xFF,0xFF,0xFF,0xFF,0xFF,
  0xFF,0xFF,0xFD,0x40,0x00,0x00,0x00,0x28,0xEF,0xFF,0xFF,0xFF,0xFF,0xFC,0x50,0x00,0x00,0x00,0x00,0x00,0x18,0xEF,0xFF,0xFF,
  0xFC,0x50,0x00,0x00,0x00,0x00,0x00,0x00,0x18,0xEF,0xFF,0xFF,0xFC,0x50,0x00,0x00,0x00,0x00,0x00,0x18,0xEF,0xFF,0xFF,0xFF,
  0xFF,0xFC,0x50,0x00,0x00,0x00,0x08,0xEF,0xFF,0xFF,0xFF,0xFF,0xFF,0xFF,0xFC,0x30,0x00,0x00,0x09,0xFF,0xFF,0xD4,0xEF,0xF8,
  0x9F,0xFF,0xFF,0x20,0x00,0x00,0x01,0xEF,0xF9,0x10,0xFF,0xF8,0x04,0xDF,0xF9,0x00,0x00,0x00,0x00,0x7D,0x40,0x01,0xFF,0xF9,
  0x00,0x19,0xE1,0x00,0x00,0x00,0x00,0x01,0x00,0x02,0xFF,0xFA,0x00,0x00,0x10,0x00,0x00,0x00,0x00,0x00,0x00,0x03,0xFF,0xFB,
  0x00,0x00,0x00,0x00,0x00,0x00,0x00,0x00,0x00,0x04,0xFF,0xFC,0x00,0x00,0x00,0x00,0x00,0x00,0x00,0x00,0x00,0x00,0x00,0x00,
  0x00,0x00,0x00,0x00,0x00,0x00,0x00,0x00,0x00,0x00,0x00,0x00,0x00,0x00,0x00,0x00,0x00,0x00,0x00,0x00,0x00,0x00,0x00,0x00,
  0x00,0x00,0x00,0x00,0x00,0x00,0x00,0x00,0x00,0x00,0x00,0x00,0x00,0x00,0x00,0x00,0x00,0x00,0x00,0x00,0x00,0x00,0x00,0x00,
  0x00,0x00,0x00,0x00,0x00,0x00,0x00,0x00,0x00,0x00,0x00,0x00,0x00,0x00,0x00,0x00,0x00,0x00,0x00,0x00,0x00,0x00,0x00,0x00,
  0x00,0x00,0x00,0x00,0x00,0x00,0x00,0x00,0x00,0x00,0x00,0x00,0x00,0x00,0x00,0x00,0x00,0x00,0x00,0x00,0x00,0x00,0x00,0x00,
  0x00,0x00,0x00,0x00,0x00,0x00,0x00,0x00,0x00,0x00,0x00,0x00,0x00,0x00,0x00,0x00,0x00,0x00,0x00,0x00,0x00,0x00,0x00,0x00,
  0x00,0x00,0x00,0x00,0x00,0x00,0x00,0x00,0x00,0x00,0x00,0x00,0x00,0x00,0x00,0x00,0x00,0x00,0x00,0x00,0x00,0x00,0x00,0x00,
  0x00,0x00,0x00,0x00,0x00,0x00,0x00,0x00,0x00,0x00,0x00,0x00,0x00,0x00,0x00,0x00,0x00,0x00,0x00,0x00,0x00,0x00,0x02,0x66,
  0x66,0x61,0x00,0x00,0x00,0x00,0x00,0x00,0x00,0x00,0x00,0x00,0x00,0x4F,0xFF,0xFF,0x10,0x00,0x00,0x00,0x00,0x00,0x00,0x00,
  0x00,0x00,0x00,0x04,0xFF,0xFF,0xF1,0x00,0x00,0x00,0x00,0x00,0x00,0x00,0x00,0x00,0x00,0x00,0x4F,0xFF,0xFF,0x10,0x00,0x00,
  0x00,0x00,0x00,0x00,0x00,0x00,0x00,0x00,0x04,0xFF,0xFF,0xF1,0x00,0x00,0x00,0x00,0x00,0x00,0x00,0x00,0x00,0x00,0x00,0x4F,
  0xFF,0xFF,0x10,0x00,0x00,0x00,0x00,0x00,0x00,0x00,0x00,0x00,0x00,0x04,0xFF,0xFF,0xF1,0x00,0x00,0x00,0x00,0x00,0x00,0x00,
  0x00,0x00,0x00,0x00,0x4F,0xFF,0xFF,0x10,0x00,0x00,0x00,0x00,0x00,0x00,0x00,0x00,0x00,0x00,0x04,0xFF,0xFF,0xF1,0x00,0x00,
  0x00,0x00,0x00,0x00,0x00,0x9F,0xFF,0xFF,0xFF,0xFF,0xFF,0xFF,0xFF,0xFF,0xFF,0xFF,0x60,0x00,0x00,0x09,0xFF,0xFF,0xFF,0xFF,
  0xFF,0xFF,0xFF,0xFF,0xFF,0xFF,0xF6,0x00,0x00,0x00,0x9F,0xFF,0xFF,0xFF,0xFF,0xFF,0xFF,0xFF,0xFF,0xFF,0xFF,0x60,0x00,0x00,
  0x09,0xFF,0xFF,0xFF,0xFF,0xFF,0xFF,0xFF,0xFF,0xFF,0xFF,0xF6,0x00,0x00,0x00,0x9F,0xFF,0xFF,0xFF,0xFF,0xFF,0xFF,0xFF,0xFF,
  0xFF,0xFF,0x60,0x00,0x00,0x01,0x22,0x22,0x22,0x26,0xFF,0xFF,0xF3,0x22,0x22,0x22,0x21,0x00,0x00,0x00,0x00,0x00,0x00,0x00,
  0x4F,0xFF,0xFF,0x10,0x00,0x00,0x00,0x00,0x00,0x00,0x00,0x00,0x00,0x00,0x04,0xFF,0xFF,0xF1,0x00,0x00,0x00,0x00,0x00,0x00,
  0x00,0x00,0x00,0x00,0x00,0x4F,0xFF,0xFF,0x10,0x00,0x00,0x00,0x00,0x00,0x00,0x00,0x00,0x00,0x00,0x04,0xFF,0xFF,0xF1,0x00,
  0x00,0x00,0x00,0x00,0x00,0x00,0x00,0x00,0x00,0x00,0x4F,0xFF,0xFF,0x10,0x00,0x00,0x00,0x00,0x00,0x00,0x00,0x00,0x00,0x00,
  0x04,0xFF,0xFF,0xF1,0x00,0x00,0x00,0x00,0x00,0x00,0x00,0x00,0x00,0x00,0x00,0x4F,0xFF,0xFF,0x10,0x00,0x00,0x00,0x00,0x00,
  0x00,0x00,0x00,0x00,0x00,0x02,0x88,0x88,0x81,0x00,0x00,0x00,0x00,0x00,0x00,0x00,0x00,0x00,0x00,0x00,0x00,0x00,0x00,0x00,
  0x00,0x00,0x00,0x00,0x00,0x00,0x7F,0xFF,0xFF,0x80,0x00,0x09,0xFF,0xFF,0xF4,0x00,0x00,0xBF,0xFF,0xFE,0x00,0x00,0x0D,0xFF,
  0xFF,0xB0,0x00,0x00,0xFF,0xFF,0xF7,0x00,0x00,0x2F,0xFF,0xFF,0x30,0x00,0x04,0xFF,0xFF,0xE0,0x00,0x00,0x6F,0xFF,0xF9,0x00,
  0x00,0x08,0xFF,0xFF,0x50,0x00,0x00,0xAF,0xFF,0xF1,0x00,0x00,0x0C,0xFF,0xFC,0x00,0x00,0x00,0xDE,0xEE,0x80,0x00,0x00,0x00,
  0x01,0x11,0x11,0x11,0x11,0x11,0x11,0x10,0x00,0x00,0x7F,0xFF,0xFF,0xFF,0xFF,0xFF,0xFF,0xF1,0x00,0x00,0x7F,0xFF,0xFF,0xFF,
  0xFF,0xFF,0xFF,0xF1,0x00,0x00,0x7F,0xFF,0xFF,0xFF,0xFF,0xFF,0xFF,0xF1,0x00,0x00,0x7F,0xFF,0xFF,0xFF,0xFF,0xFF,0xFF,0xF1,
  0x00,0x00,0x7F,0xFF,0xFF,0xFF,0xFF,0xFF,0xFF,0xF1,0x00,0x00,0x00,0x00,0x00,0x00,0x00,0x00,0x00,0x00,0x00,0x00,0x00,0x00,
  0x00,0x00,0x00,0x00,0x00,0x00,0x00,0x00,0x00,0x00,0x00,0x00,0x00,0x00,0x00,0x00,0x00,0x00,0x00,0x00,0x00,0x00,0x00,0x00,
  0x00,0x00,0x00,0x00,0x00,0x00,0x00,0x00,0x00,0x00,0x00,0x00,0x00,0x00,0x00,0x00,0x00,0x00,0x00,0x00,0x00,0x00,0x00,0x00,
  0x00,0x00,0x00,0x00,0x00,0x00,0x00,0x00,0x00,0x00,0x00,0x00,0x00,0x00,0x00,0x00,0x00,0x00,0x00,0x00,0x00,0x00,0x00,0x00,
  0x00,0x00,0x00,0x00,0x00,0x00,0x00,0x00,0x00,0x00,0x00,0x00,0x00,0x00,0x00,0x00,0x00,0x24,0x10,0x00,0x00,0x01,0xBF,0xFF,
  0x80,0x00,0x00,0xAF,0xFF,0xFF,0x70,0x00,0x1F,0xFF,0xFF,0xFD,0x00,0x03,0xFF,0xFF,0xFF,0xE0,0x00,0x1F,0xFF,0xFF,0xFC,0x00,
  0x00,0x8F,0xFF,0xFF,0x40,0x00,0x00,0x6C,0xEC,0x40,0x00,0x00,0x00,0x00,0x00,0x00,0x35,0x55,0x54,0x00,0x00,0x00,0x00,0x00,
  0xDF,0xFF,0xFA,0x00,0x00,0x00,0x00,0x02,0xFF,0xFF,0xF6,0x00,0x00,0x00,0x00,0x06,0xFF,0xFF,0xF2,0x00,0x00,0x00,0x00,0x0A,
  0xFF,0xFF,0xD0,0x00,0x00,0x00,0x00,0x0E,0xFF,0xFF,0x90,0x00,0x00,0x00,0x00,0x3F,0xFF,0xFF,0x50,0x00,0x00,0x00,0x00,0x7F,
  0xFF,0xFF,0x10,0x00,0x00,0x00,0x00,0xBF,0xFF,0xFC,0x00,0x00,0x00,0x00,0x00,0xEF,0xFF,0xF8,0x00,0x00,0x00,0x00,0x04,0xFF,
  0xFF,0xF4,0x00,0x00,0x00,0x00,0x08,0xFF,0xFF,0xE0,0x00,0x00,0x00,0x00,0x0C,0xFF,0xFF,0xB0,0x00,0x00,0x00,0x00,0x1F,0xFF,
  0xFF,0x70,0x00,0x00,0x00,0x00,0x5F,0xFF,0xFF,0x30,0x00,0x00,0x00,0x00,0x9F,0xFF,0xFE,0x00,0x00,0x00,0x00,0x00,0xDF,0xFF,
  0xFA,0x00,0x00,0x00,0x00,0x02,0xFF,0xFF,0xF6,0x00,0x00,0x00,0x00,0x06,0xFF,0xFF,0xF2,0x00,0x00,0x00,0x00,0x0A,0xFF,0xFF,
  0xD0,0x00,0x00,0x00,0x00,0x0E,0xFF,0xFF,0x90,0x00,0x00,0x00,0x00,0x3F,0xFF,0xFF,0x40,0x00,0x00,0x00,0x00,0x7F,0xFF,0xFF,
  0x10,0x00,0x00,0x00,0x00,0xBF,0xFF,0xFB,0x00,0x00,0x00,0x00,0x01,0xFF,0xFF,0xF7,0x00,0x00,0x00,0x00,0x04,0xFF,0xFF,0xF3,
  0x00,0x00,0x00,0x00,0x08,0xFF,0xFF,0xE0,0x00,0x00,0x00,0x00,0x0C,0xFF,0xFF,0xA0,0x00,0x00,0x00,0x00,0x1F,0xFF,0xFF,0x60,
  0x00,0x00,0x00,0x00,0x6F,0xFF,0xFF,0x20,0x00,0x00,0x00,0x00,0xAF,0xFF,0xFD,0x00,0x00,0x00,0x00,0x00,0xEF,0xFF,0xF9,0x00,
  0x00,0x00,0x00,0x03,0xFF,0xFF,0xF5,0x00,0x00,0x00,0x00,0x07,0xFF,0xFF,0xF1,0x00,0x00,0x00,0x00,0x0B,0xFF,0xFF,0xC0,0x00,
  0x00,0x00,0x00,0x0E,0xFF,0xFF,0x80,0x00,0x00,0x00,0x00,0x4F,0xFF,0xFF,0x40,0x00,0x00,0x00,0x00,0x8F,0xFF,0xFE,0x00,0x00,
  0x00,0x00,0x00,0xCF,0xFF,0xFB,0x00,0x00,0x00,0x00,0x00,0x00,0x00,0x00,0x00,0x01,0x6A,0xCE,0xFD,0xC9,0x40,0x00,0x00,0x00,
  0x00,0x00,0x00,0x00,0x00,0x19,0xFF,0xFF,0xFF,0xFF,0xFF,0xE6,0x00,0x00,0x00,0x00,0x00,0x00,0x00,0x5E,0xFF,0xFF,0xFF,0xFF,
  0xFF,0xFF,0xFB,0x10,0x00,0x00,0x00,0x00,0x00,0x5F,0xFF,0xFF,0xFF,0xFF,0xFF,0xFF,0xFF,0xFD,0x10,0x00,0x00,0x00,0x00,0x4F,
  0xFF,0xFF,0xFF,0xFF,0xFF,0xFF,0xFF,0xFF,0xFC,0x00,0x00,0x00,0x00,0x1D,0xFF,0xFF,0xFF,0xE9,0x65,0x7C,0xFF,0xFF,0xFF,0xF8,
  0x00,0x00,0x00,0x08,0xFF,0xFF,0xFF,0xC2,0x00,0x00,0x05,0xEF,0xFF,0xFF,0xF2,0x00,0x00,0x01,0xEF,0xFF,0xFF,0xD1,0x00,0x00,
  0x00,0x05,0xFF,0xFF,0xFF,0x90,0x00,0x00,0x6F,0xFF,0xFF,0xF3,0x00,0x00,0x00,0x00,0x09,0xFF,0xFF,0xFE,0x10,0x00,0x0B,0xFF,
  0xFF,0xFB,0x00,0x00,0x00,0x00,0x00,0x2F,0xFF,0xFF,0xF5,0x00,0x00,0xFF,0xFF,0xFF,0x50,0x00,0x00,0x00,0x00,0x00,0xBF,0xFF,
  0xFF,0x90,0x00,0x3F,0xFF,0xFF,0xF1,0x00,0x00,0x00,0x00,0x00,0x07,0xFF,0xFF,0xFC,0x00,0x06,0xFF,0xFF,0xFD,0x00,0x00,0x00,
  0x00,0x00,0x00,0x4F,0xFF,0xFF,0xF0,0x00,0x7F,0xFF,0xFF,0xB0,0x00,0x00,0x00,0x00,0x00,0x02,0xFF,0xFF,0xFF,0x10,0x08,0xFF,
  0xFF,0xFA,0x00,0x00,0x00,0x00,0x00,0x00,0x1F,0xFF,0xFF,0xF2,0x00,0x9F,0xFF,0xFF,0x90,0x00,0x00,0x00,0x00,0x00,0x00,0xFF,
  0xFF,0xFF,0x30,0x09,0xFF,0xFF,0xF9,0x00,0x00,0x00,0x00,0x00,0x00,0x0F,0xFF,0xFF,0xF3,0x00,0x8F,0xFF,0xFF,0xA0,0x00,0x00,
  0x00,0x00,0x00,0x01,0xFF,0xFF,0xFF,0x20,0x07,0xFF,0xFF,0xFB,0x00,0x00,0x00,0x00,0x00,0x00,0x2F,0xFF,0xFF,0xF1,0x00,0x6F,
  0xFF,0xFF,0xD0,0x00,0x00,0x00,0x00,0x00,0x04,0xFF,0xFF,0xFF,0x00,0x03,0xFF,0xFF,0xFF,0x10,0x00,0x00,0x00,0x00,0x00,0x7F,
  0xFF,0xFF,0xC0,0x00,0x0F,0xFF,0xFF,0xF5,0x00,0x00,0x00,0x00,0x00,0x0B,0xFF,0xFF,0xF9,0x00,0x00,0xCF,0xFF,0xFF,0xB0,0x00,
  0x00,0x00,0x00,0x02,0xFF,0xFF,0xFF,0x60,0x00,0x06,0xFF,0xFF,0xFF,0x30,0x00,0x00,0x00,0x00,0x9F,0xFF,0xFF,0xE1,0x00,0x00,
  0x1E,0xFF,0xFF,0xFC,0x10,0x00,0x00,0x00,0x4F,0xFF,0xFF,0xF9,0x00,0x00,0x00,0x9F,0xFF,0xFF,0xFC,0x10,0x00,0x00,0x5E,0xFF,
  0xFF,0xFF,0x30,0x00,0x00,0x01,0xDF,0xFF,0xFF,0xFE,0x96,0x57,0xBF,0xFF,0xFF,0xFF,0x80,0x00,0x00,0x00,0x04,0xFF,0xFF,0xFF,
  0xFF,0xFF,0xFF,0xFF,0xFF,0xFF,0xD0,0x00,0x00,0x00,0x00,0x05,0xFF,0xFF,0xFF,0xFF,0xFF,0xFF,0xFF,0xFF,0xD1,0x00,0x00,0x00,
  0x00,0x00,0x05,0xEF,0xFF,0xFF,0xFF,0xFF,0xFF,0xFF,0xB1,0x00,0x00,0x00,0x00,0x00,0x00,0x01,0xAF,0xFF,0xFF,0xFF,0xFF,0xFE,
  0x60,0x00,0x00,0x00,0x00,0x00,0x00,0x00,0x00,0x16,0xBC,0xEF,0xDC,0x94,0x00,0x00,0x00,0x00,0x00,0x00,0x00,0x00,0x03,0xCF,
  0xFF,0xFF,0xB0,0x00,0x00,0x00,0x18,0xFF,0xFF,0xFF,0xFB,0x00,0x00,0x00,0x4D,0xFF,0xFF,0xFF,0xFF,0xB0,0x00,0x01,0xAF,0xFF,
  0xFF,0xFF,0xFF,0xFB,0x00,0x05,0xEF,0xFF,0xFF,0xFF,0xFF,0xFF,0xB0,0x03,0xFF,0xFF,0xFF,0xFF,0xFF,0xFF,0xFB,0x00,0x3F,0xFF,
  0xFF,0xF9,0xAF,0xFF,0xFF,0xB0,0x03,0xFF,0xFF,0xD4,0x09,0xFF,0xFF,0xFB,0x00,0x3F,0xFF,0x81,0x00,0x9F,0xFF,0xFF,0xB0,0x03,
  0xFC,0x30,0x00,0x09,0xFF,0xFF,0xFB,0x00,0x27,0x00,0x00,0x00,0x9F,0xFF,0xFF,0xB0,0x00,0x00,0x00,0x00,0x09,0xFF,0xFF,0xFB,
  0x00,0x00,0x00,0x00,0x00,0x9F,0xFF,0xFF,0xB0,0x00,0x00,0x00,0x00,0x09,0xFF,0xFF,0xFB,0x00,0x00,0x00,0x00,0x00,0x9F,0xFF,
  0xFF,0xB0,0x00,0x00,0x00,0x00,0x09,0xFF,0xFF,0xFB,0x00,0x00,0x00,0x00,0x00,0x9F,0xFF,0xFF,0xB0,0x00,0x00,0x00,0x00,0x09,
  0xFF,0xFF,0xFB,0x00,0x00,0x00,0x00,0x00,0x9F,0xFF,0xFF,0xB0,0x00,0x00,0x00,0x00,0x09,0xFF,0xFF,0xFB,0x00,0x00,0x00,0x00,
  0x00,0x9F,0xFF,0xFF,0xB0,0x00,0x00,0x00,0x00,0x09,0xFF,0xFF,0xFB,0x00,0x00,0x00,0x00,0x00,0x9F,0xFF,0xFF,0xB0,0x00,0x00,
  0x00,0x00,0x09,0xFF,0xFF,0xFB,0x00,0x00,0x00,0x00,0x00,0x9F,0xFF,0xFF,0xB0,0x00,0x00,0x00,0x00,0x09,0xFF,0xFF,0xFB,0x00,
  0x00,0x00,0x00,0x00,0x9F,0xFF,0xFF,0xB0,0x00,0x00,0x00,0x00,0x09,0xFF,0xFF,0xFB,0x00,0x00,0x00,0x00,0x00,0x9F,0xFF,0xFF,
  0xB0,0x00,0x00,0x00,0x00,0x09,0xFF,0xFF,0xFB,0x00,0x00,0x00,0x00,0x00,0x9F,0xFF,0xFF,0xB0,0x00,0x00,0x00,0x00,0x09,0xFF,
  0xFF,0xFB,0x00,0x00,0x00,0x00,0x00,0x37,0xBD,0xEF,0xDC,0x95,0x10,0x00,0x00,0x00,0x00,0x00,0x00,0x3B,0xFF,0xFF,0xFF,0xFF,
  0xFF,0xE7,0x00,0x00,0x00,0x00,0x00,0x07,0xFF,0xFF,0xFF,0xFF,0xFF,0xFF,0xFF,0xC3,0x00,0x00,0x00,0x00,0x9F,0xFF,0xFF,0xFF,
  0xFF,0xFF,0xFF,0xFF,0xFE,0x20,0x00,0x00,0x06,0xFF,0xFF,0xFF,0xFF,0xFF,0xFF,0xFF,0xFF,0xFF,0xD0,0x00,0x00,0x1E,0xFF,0xFF,
  0xFF,0xE9,0x65,0x8C,0xFF,0xFF,0xFF,0xF7,0x00,0x00,0x7F,0xFF,0xFF,0xFA,0x10,0x00,0x00,0x5F,0xFF,0xFF,0xFD,0x00,0x00,0xCF,
  0xFF,0xFF,0xC0,0x00,0x00,0x00,0x07,0xFF,0xFF,0xFF,0x30,0x01,0xFF,0xFF,0xFF,0x30,0x00,0x00,0x00,0x00,0xEF,0xFF,0xFF,0x50,
  0x04,0xFF,0xFF,0xFE,0x00,0x00,0x00,0x00,0x00,0xCF,0xFF,0xFF,0x70,0x05,0xFF,0xFF,0xFC,0x00,0x00,0x00,0x00,0x00,0xBF,0xFF,
  0xFF,0x60,0x02,0x66,0x66,0x64,0x00,0x00,0x00,0x00,0x00,0xDF,0xFF,0xFF,0x40,0x00,0x00,0x00,0x00,0x00,0x00,0x00,0x00,0x03,
  0xFF,0xFF,0xFF,0x10,0x00,0x00,0x00,0x00,0x00,0x00,0x00,0x00,0x0B,0xFF,0xFF,0xFB,0x00,0x00,0x00,0x00,0x00,0x00,0x00,0x00,
  0x00,0x8F,0xFF,0xFF,0xF3,0x00,0x00,0x00,0x00,0x00,0x00,0x00,0x00,0x07,0xFF,0xFF,0xFF,0xA0,0x00,0x00,0x00,0x00,0x00,0x00,
  0x00,0x00,0x9F,0xFF,0xFF,0xFC,0x10,0x00,0x00,0x00,0x00,0x00,0x00,0x00,0x1B,0xFF,0xFF,0xFF,0xE2,0x00,0x00,0x00,0x00,0x00,
  0x00,0x00,0x02,0xCF,0xFF,0xFF,0xFE,0x30,0x00,0x00,0x00,0x00,0x00,0x00,0x00,0x3E,0xFF,0xFF,0xFF,0xD2,0x00,0x00,0x00,0x00,
  0x00,0x00,0x00,0x05,0xFF,0xFF,0xFF,0xFC,0x10,0x00,0x00,0x00,0x00,0x00,0x00,0x00,0x8F,0xFF,0xFF,0xFF,0xA1,0x00,0x00,0x00,
  0x00,0x00,0x00,0x00,0x1A,0xFF,0xFF,0xFF,0xF8,0x00,0x00,0x00,0x00,0x00,0x00,0x00,0x02,0xCF,0xFF,0xFF,0xFF,0x60,0x00,0x00,
  0x00,0x00,0x00,0x00,0x00,0x3E,0xFF,0xFF,0xFF,0xE4,0x00,0x00,0x00,0x00,0x00,0x00,0x00,0x05,0xEF,0xFF,0xFF,0xFD,0x20,0x00,
  0x00,0x00,0x00,0x00,0x00,0x00,0x7F,0xFF,0xFF,0xFF,0xE6,0x44,0x44,0x44,0x44,0x44,0x44,0x30,0x04,0xFF,0xFF,0xFF,0xFF,0xFF,
  0xFF,0xFF,0xFF,0xFF,0xFF,0xFF,0xA0,0x04,0xFF,0xFF,0xFF,0xFF,0xFF,0xFF,0xFF,0xFF,0xFF,0xFF,0xFF,0xA0,0x04,0xFF,0xFF,0xFF,
  0xFF,0xFF,0xFF,0xFF,0xFF,0xFF,0xFF,0xFF,0xA0,0x04,0xFF,0xFF,0xFF,0xFF,0xFF,0xFF,0xFF,0xFF,0xFF,0xFF,0xFF,0xA0,0x04,0xFF,
  0xFF,0xFF,0xFF,0xFF,0xFF,0xFF,0xFF,0xFF,0xFF,0xFF,0xA0,0x00,0x00,0x00,0x00,0x16,0xAC,0xEF,0xED,0xB7,0x30,0x00,0x00,0x00,
  0x00,0x00,0x00,0x02,0x9F,0xFF,0xFF,0xFF,0xFF,0xFF,0xC4,0x00,0x00,0x00,0x00,0x00,0x05,0xEF,0xFF,0xFF,0xFF,0xFF,0xFF,0xFF,
  0xFA,0x10,0x00,0x00,0x00,0x05,0xFF,0xFF,0xFF,0xFF,0xFF,0xFF,0xFF,0xFF,0xFB,0x10,0x00,0x00,0x03,0xFF,0xFF,0xFF,0xFF,0xFF,
  0xFF,0xFF,0xFF,0xFF,0xF9,0x00,0x00,0x00,0xCF,0xFF,0xFF,0xFE,0x74,0x23,0x5C,0xFF,0xFF,0xFF,0xF3,0x00,0x00,0x3F,0xFF,0xFF,
  0xFB,0x10,0x00,0x00,0x07,0xFF,0xFF,0xFF,0x80,0x00,0x08,0xFF,0xFF,0xFE,0x10,0x00,0x00,0x00,0x0B,0xFF,0xFF,0xFC,0x00,0x00,
  0xBF,0xFF,0xFF,0x90,0x00,0x00,0x00,0x00,0x6F,0xFF,0xFF,0xD0,0x00,0x09,0xBB,0xBB,0xB5,0x00,0x00,0x00,0x00,0x05,0xFF,0xFF,
  0xFB,0x00,0x00,0x00,0x00,0x00,0x00,0x00,0x00,0x00,0x00,0x8F,0xFF,0xFF,0x90,0x00,0x00,0x00,0x00,0x00,0x00,0x00,0x00,0x00,
  0x3E,0xFF,0xFF,0xF3,0x00,0x00,0x00,0x00,0x00,0x00,0x00,0x00,0x02,0x8E,0xFF,0xFF,0xF7,0x00,0x00,0x00,0x00,0x00,0x00,0x0A,
  0xCC,0xDF,0xFF,0xFF,0xFF,0xF7,0x00,0x00,0x00,0x00,0x00,0x00,0x00,0xBF,0xFF,0xFF,0xFF,0xFE,0xA3,0x00,0x00,0x00,0x00,0x00,
  0x00,0x00,0x0B,0xFF,0xFF,0xFF,0xFF,0x83,0x00,0x00,0x00,0x00,0x00,0x00,0x00,0x00,0xBF,0xFF,0xFF,0xFF,0xFF,0xFD,0x50,0x00,
  0x00,0x00,0x00,0x00,0x00,0x0B,0xFF,0xFF,0xFF,0xFF,0xFF,0xFF,0x80,0x00,0x00,0x00,0x00,0x00,0x00,0x00,0x01,0x35,0xAF,0xFF,
  0xFF,0xFF,0x70,0x00,0x00,0x00,0x00,0x00,0x00,0x00,0x00,0x00,0x2E,0xFF,0xFF,0xFE,0x20,0x00,0x00,0x00,0x00,0x00,0x00,0x00,
  0x00,0x00,0x3F,0xFF,0xFF,0xF8,0x00,0x5C,0xCC,0xCC,0xB0,0x00,0x00,0x00,0x00,0x00,0xCF,0xFF,0xFF,0xA0,0x05,0xFF,0xFF,0xFF,
  0x10,0x00,0x00,0x00,0x00,0x0A,0xFF,0xFF,0xFD,0x00,0x3F,0xFF,0xFF,0xF4,0x00,0x00,0x00,0x00,0x00,0xDF,0xFF,0xFF,0xC0,0x00,
  0xEF,0xFF,0xFF,0xC0,0x00,0x00,0x00,0x00,0x5F,0xFF,0xFF,0xFA,0x00,0x09,0xFF,0xFF,0xFF,0x91,0x00,0x00,0x00,0x4E,0xFF,0xFF,
  0xFF,0x50,0x00,0x2F,0xFF,0xFF,0xFF,0xE7,0x53,0x46,0xBF,0xFF,0xFF,0xFF,0xD0,0x00,0x00,0x7F,0xFF,0xFF,0xFF,0xFF,0xFF,0xFF,
  0xFF,0xFF,0xFF,0xF4,0x00,0x00,0x00,0x9F,0xFF,0xFF,0xFF,0xFF,0xFF,0xFF,0xFF,0xFF,0xF6,0x00,0x00,0x00,0x00,0x7F,0xFF,0xFF,
  0xFF,0xFF,0xFF,0xFF,0xFF,0xE5,0x00,0x00,0x00,0x00,0x00,0x3A,0xFF,0xFF,0xFF,0xFF,0xFF,0xFE,0x81,0x00,0x00,0x00,0x00,0x00,
  0x00,0x02,0x6A,0xCE,0xFE,0xDC,0x85,0x00,0x00,0x00,0x00,0x00,0x00,0x00,0x00,0x00,0x00,0x00,0x1E,0xFF,0xFF,0xFF,0xF7,0x00,
  0x00,0x00,0x00,0x00,0x00,0x00,0x00,0x00,0x0B,0xFF,0xFF,0xFF,0xFF,0x70,0x00,0x00,0x00,0x00,0x00,0x00,0x00,0x00,0x06,0xFF,
  0xFF,0xFF,0xFF,0xF7,0x00,0x00,0x00,0x00,0x00,0x00,0x00,0x00,0x02,0xFF,0xFF,0xFF,0xFF,0xFF,0x70,0x00,0x00,0x00,0x00,0x00,
  0x00,0x00,0x00,0xCF,0xFF,0xFF,0xFF,0xFF,0xF7,0x00,0x00,0x00,0x00,0x00,0x00,0x00,0x00,0x8F,0xFF,0xFF,0xFF,0xFF,0xFF,0x70,
  0x00,0x00,0x00,0x00,0x00,0x00,0x00,0x4F,0xFF,0xFF,0xED,0xFF,0xFF,0xF7,0x00,0x00,0x00,0x00,0x00,0x00,0x00,0x1D,0xFF,0xFF,
  0xF5,0xCF,0xFF,0xFF,0x70,0x00,0x00,0x00,0x00,0x00,0x00,0x0A,0xFF,0xFF,0xFA,0x0C,0xFF,0xFF,0xF7,0x00,0x00,0x00,0x00,0x00,
  0x00,0x05,0xFF,0xFF,0xFD,0x10,0xCF,0xFF,0xFF,0x70,0x00,0x00,0x00,0x00,0x00,0x02,0xEF,0xFF,0xFF,0x40,0x0C,0xFF,0xFF,0xF7,
  0x00,0x00,0x00,0x00,0x00,0x00,0xBF,0xFF,0xFF,0x80,0x00,0xCF,0xFF,0xFF,0x70,0x00,0x00,0x00,0x00,0x00,0x7F,0xFF,0xFF,0xC0,
  0x00,0x0C,0xFF,0xFF,0xF7,0x00,0x00,0x00,0x00,0x00,0x3F,0xFF,0xFF,0xF3,0x00,0x00,0xCF,0xFF,0xFF,0x70,0x00,0x00,0x00,0x00,
  0x1D,0xFF,0xFF,0xF7,0x00,0x00,0x0C,0xFF,0xFF,0xF7,0x00,0x00,0x00,0x00,0x09,0xFF,0xFF,0xFB,0x00,0x00,0x00,0xCF,0xFF,0xFF,
  0x70,0x00,0x00,0x00,0x04,0xFF,0xFF,0xFE,0x20,0x00,0x00,0x0C,0xFF,0xFF,0xF7,0x00,0x00,0x00,0x01,0xEF,0xFF,0xFF,0x50,0x00,
  0x00,0x00,0xCF,0xFF,0xFF,0x70,0x00,0x00,0x00,0xAF,0xFF,0xFF,0xA0,0x00,0x00,0x00,0x0C,0xFF,0xFF,0xF7,0x00,0x00,0x00,0x6F,
  0xFF,0xFF,0xD1,0x00,0x00,0x00,0x00,0xCF,0xFF,0xFF,0x70,0x00,0x00,0x0B,0xFF,0xFF,0xFF,0xFF,0xFF,0xFF,0xFF,0xFF,0xFF,0xFF,
  0xFF,0xFF,0xF9,0x00,0xBF,0xFF,0xFF,0xFF,0xFF,0xFF,0xFF,0xFF,0xFF,0xFF,0xFF,0xFF,0xFF,0x90,0x0B,0xFF,0xFF,0xFF,0xFF,0xFF,
  0xFF,0xFF,0xFF,0xFF,0xFF,0xFF,0xFF,0xF9,0x00,0xBF,0xFF,0xFF,0xFF,0xFF,0xFF,0xFF,0xFF,0xFF,0xFF,0xFF,0xFF,0xFF,0x90,0x0B,
  0xFF,0xFF,0xFF,0xFF,0xFF,0xFF,0xFF,0xFF,0xFF,0xFF,0xFF,0xFF,0xF9,0x00,0x22,0x22,0x22,0x22,0x22,0x22,0x22,0x22,0xCF,0xFF,
  0xFF,0x82,0x22,0x10,0x00,0x00,0x00,0x00,0x00,0x00,0x00,0x00,0x0C,0xFF,0xFF,0xF7,0x00,0x00,0x00,0x00,0x00,0x00,0x00,0x00,
  0x00,0x00,0x00,0xCF,0xFF,0xFF,0x70,0x00,0x00,0x00,0x00,0x00,0x00,0x00,0x00,0x00,0x00,0x0C,0xFF,0xFF,0xF7,0x00,0x00,0x00,
  0x00,0x00,0x00,0x00,0x00,0x00,0x00,0x00,0xCF,0xFF,0xFF,0x70,0x00,0x00,0x00,0x00,0x00,0x00,0x00,0x00,0x00,0x00,0x0C,0xFF,
  0xFF,0xF7,0x00,0x00,0x00,0x00,0x00,0x00,0x00,0x00,0x00,0x00,0x00,0xCF,0xFF,0xFF,0x70,0x00,0x00,0x00,0x5F,0xFF,0xFF,0xFF,
  0xFF,0xFF,0xFF,0xFF,0xFF,0xFF,0xF3,0x00,0x00,0x6F,0xFF,0xFF,0xFF,0xFF,0xFF,0xFF,0xFF,0xFF,0xFF,0xF3,0x00,0x00,0x7F,0xFF,
  0xFF,0xFF,0xFF,0xFF,0xFF,0xFF,0xFF,0xFF,0xF3,0x00,0x00,0x8F,0xFF,0xFF,0xFF,0xFF,0xFF,0xFF,0xFF,0xFF,0xFF,0xF3,0x00,0x00,
  0x9F,0xFF,0xFF,0xFF,0xFF,0xFF,0xFF,0xFF,0xFF,0xFF,0xF3,0x00,0x00,0x9F,0xFF,0xFF,0xA5,0x55,0x55,0x55,0x55,0x55,0x55,0x51,
  0x00,0x00,0xAF,0xFF,0xFF,0x60,0x00,0x00,0x00,0x00,0x00,0x00,0x00,0x00,0x00,0xBF,0xFF,0xFF,0x50,0x00,0x00,0x00,0x00,0x00,
  0x00,0x00,0x00,0x00,0xCF,0xFF,0xFF,0x40,0x00,0x00,0x00,0x00,0x00,0x00,0x00,0x00,0x00,0xDF,0xFF,0xFF,0x20,0x00,0x00,0x00,
  0x00,0x00,0x00,0x00,0x00,0x00,0xDF,0xFF,0xFF,0x10,0x38,0xCD,0xED,0xB7,0x20,0x00,0x00,0x00,0x00,0xEF,0xFF,0xFF,0x1A,0xFF,
  0xFF,0xFF,0xFF,0xFA,0x20,0x00,0x00,0x00,0xFF,0xFF,0xFF,0xCF,0xFF,0xFF,0xFF,0xFF,0xFF,0xE4,0x00,0x00,0x01,0xFF,0xFF,0xFF,
  0xFF,0xFF,0xFF,0xFF,0xFF,0xFF,0xFF,0x40,0x00,0x02,0xFF,0xFF,0xFF,0xFF,0xFF,0xFF,0xFF,0xFF,0xFF,0xFF,0xE2,0x00,0x02,0xFF,
  0xFF,0xFF,0xFE,0x94,0x11,0x37,0xEF,0xFF,0xFF,0xFA,0x00,0x03,0xFF,0xFF,0xFF,0xD2,0x00,0x00,0x00,0x2D,0xFF,0xFF,0xFF,0x30,
  0x04,0xFF,0xFF,0xFF,0x30,0x00,0x00,0x00,0x04,0xFF,0xFF,0xFF,0x70,0x02,0x55,0x55,0x54,0x00,0x00,0x00,0x00,0x00,0xAF,0xFF,
  0xFF,0xC0,0x00,0x00,0x00,0x00,0x00,0x00,0x00,0x00,0x00,0x7F,0xFF,0xFF,0xE0,0x00,0x00,0x00,0x00,0x00,0x00,0x00,0x00,0x00,
  0x4F,0xFF,0xFF,0xF0,0x03,0x44,0x44,0x42,0x00,0x00,0x00,0x00,0x00,0x4F,0xFF,0xFF,0xF0,0x0A,0xFF,0xFF,0xFA,0x00,0x00,0x00,
  0x00,0x00,0x7F,0xFF,0xFF,0xD0,0x08,0xFF,0xFF,0xFE,0x00,0x00,0x00,0x00,0x00,0xBF,0xFF,0xFF,0xB0,0x04,0xFF,0xFF,0xFF,0x80,
  0x00,0x00,0x00,0x05,0xFF,0xFF,0xFF,0x70,0x00,0xDF,0xFF,0xFF,0xF6,0x00,0x00,0x00,0x4E,0xFF,0xFF,0xFF,0x20,0x00,0x6F,0xFF,
  0xFF,0xFF,0xC6,0x43,0x59,0xFF,0xFF,0xFF,0xF8,0x00,0x00,0x0B,0xFF,0xFF,0xFF,0xFF,0xFF,0xFF,0xFF,0xFF,0xFF,0xD1,0x00,0x00,
  0x01,0xCF,0xFF,0xFF,0xFF,0xFF,0xFF,0xFF,0xFF,0xFE,0x20,0x00,0x00,0x00,0x1A,0xFF,0xFF,0xFF,0xFF,0xFF,0xFF,0xFF,0xC2,0x00,
  0x00,0x00,0x00,0x00,0x5C,0xFF,0xFF,0xFF,0xFF,0xFF,0xE7,0x10,0x00,0x00,0x00,0x00,0x00,0x00,0x48,0xBD,0xEF,0xDC,0x95,0x10,
  0x00,0x00,0x00,0x00,0x00,0x00,0x00,0x01,0x6B,0xCE,0xFD,0xC9,0x50,0x00,0x00,0x00,0x00,0x00,0x00,0x00,0x1A,0xFF,0xFF,0xFF,
  0xFF,0xFF,0xD6,0x00,0x00,0x00,0x00,0x00,0x00,0x5E,0xFF,0xFF,0xFF,0xFF,0xFF,0xFF,0xFB,0x10,0x00,0x00,0x00,0x00,0x5F,0xFF,
  0xFF,0xFF,0xFF,0xFF,0xFF,0xFF,0xFC,0x10,0x00,0x00,0x00,0x4F,0xFF,0xFF,0xFF,0xFF,0xFF,0xFF,0xFF,0xFF,0xFB,0x00,0x00,0x00,
  0x0D,0xFF,0xFF,0xFF,0xA5,0x33,0x59,0xFF,0xFF,0xFF,0xF5,0x00,0x00,0x07,0xFF,0xFF,0xFE,0x40,0x00,0x00,0x03,0xEF,0xFF,0xFF,
  0xC0,0x00,0x00,0xEF,0xFF,0xFF,0x40,0x00,0x00,0x00,0x05,0xFF,0xFF,0xFF,0x20,0x00,0x5F,0xFF,0xFF,0xA0,0x00,0x00,0x00,0x00,
  0x0E,0xFF,0xFF,0xF5,0x00,0x0A,0xFF,0xFF,0xF4,0x00,0x00,0x00,0x00,0x00,0x00,0x00,0x00,0x00,0x00,0xEF,0xFF,0xFE,0x00,0x00,
  0x00,0x00,0x00,0x00,0x00,0x00,0x00,0x00,0x2F,0xFF,0xFF,0xB0,0x01,0x5A,0xCE,0xED,0xB7,0x20,0x00,0x00,0x00,0x05,0xFF,0xFF,
  0xFA,0x04,0xDF,0xFF,0xFF,0xFF,0xFF,0x91,0x00,0x00,0x00,0x7F,0xFF,0xFF,0x87,0xFF,0xFF,0xFF,0xFF,0xFF,0xFF,0xE3,0x00,0x00,
  0x08,0xFF,0xFF,0xFB,0xFF,0xFF,0xFF,0xFF,0xFF,0xFF,0xFF,0xF3,0x00,0x00,0x9F,0xFF,0xFF,0xFF,0xFF,0xFF,0xFF,0xFF,0xFF,0xFF,
  0xFF,0xE1,0x00,0x09,0xFF,0xFF,0xFF,0xFF,0xF9,0x41,0x14,0x9F,0xFF,0xFF,0xFF,0x80,0x00,0x9F,0xFF,0xFF,0xFF,0xE3,0x00,0x00,
  0x00,0x4E,0xFF,0xFF,0xFF,0x10,0x08,0xFF,0xFF,0xFF,0xF4,0x00,0x00,0x00,0x00,0x6F,0xFF,0xFF,0xF5,0x00,0x7F,0xFF,0xFF,0xFB,
  0x00,0x00,0x00,0x00,0x00,0xDF,0xFF,0xFF,0x90,0x06,0xFF,0xFF,0xFF,0x80,0x00,0x00,0x00,0x00,0x0A,0xFF,0xFF,0xFB,0x00,0x3F,
  0xFF,0xFF,0xF6,0x00,0x00,0x00,0x00,0x00,0x8F,0xFF,0xFF,0xC0,0x00,0xEF,0xFF,0xFF,0x80,0x00,0x00,0x00,0x00,0x0B,0xFF,0xFF,
  0xFA,0x00,0x0A,0xFF,0xFF,0xFC,0x00,0x00,0x00,0x00,0x01,0xEF,0xFF,0xFF,0x80,0x00,0x4F,0xFF,0xFF,0xF7,0x00,0x00,0x00,0x00,
  0x9F,0xFF,0xFF,0xF4,0x00,0x00,0xDF,0xFF,0xFF,0xF6,0x00,0x00,0x00,0x7F,0xFF,0xFF,0xFE,0x00,0x00,0x05,0xFF,0xFF,0xFF,0xFB,
  0x74,0x47,0xCF,0xFF,0xFF,0xFF,0x60,0x00,0x00,0x0A,0xFF,0xFF,0xFF,0xFF,0xFF,0xFF,0xFF,0xFF,0xFF,0xC0,0x00,0x00,0x00,0x1B,
  0xFF,0xFF,0xFF,0xFF,0xFF,0xFF,0xFF,0xFF,0xD1,0x00,0x00,0x00,0x00,0x1A,0xFF,0xFF,0xFF,0xFF,0xFF,0xFF,0xFF,0xB1,0x00,0x00,
  0x00,0x00,0x00,0x05,0xDF,0xFF,0xFF,0xFF,0xFF,0xFD,0x60,0x00,0x00,0x00,0x00,0x00,0x00,0x00,0x48,0xCD,0xEE,0xDC,0x84,0x00,
  0x00,0x00,0x00,0x1F,0xFF,0xFF,0xFF,0xFF,0xFF,0xFF,0xFF,0xFF,0xFF,0xFF,0xF3,0x1F,0xFF,0xFF,0xFF,0xFF,0xFF,0xFF,0xFF,0xFF,
  0xFF,0xFF,0xF3,0x1F,0xFF,0xFF,0xFF,0xFF,0xFF,0xFF,0xFF,0xFF,0xFF,0xFF,0xF3,0x1F,0xFF,0xFF,0xFF,0xFF,0xFF,0xFF,0xFF,0xFF,
  0xFF,0xFF,0xF3,0x1F,0xFF,0xFF,0xFF,0xFF,0xFF,0xFF,0xFF,0xFF,0xFF,0xFF,0xF3,0x07,0x77,0x77,0x77,0x77,0x77,0x77,0x77,0xBF,
  0xFF,0xFF,0xF2,0x00,0x00,0x00,0x00,0x00,0x00,0x00,0x00,0xDF,0xFF,0xFF,0xA0,0x00,0x00,0x00,0x00,0x00,0x00,0x00,0x06,0xFF,
  0xFF,0xFF,0x30,0x00,0x00,0x00,0x00,0x00,0x00,0x00,0x0D,0xFF,0xFF,0xFA,0x00,0x00,0x00,0x00,0x00,0x00,0x00,0x00,0x6F,0xFF,
  0xFF,0xF3,0x00,0x00,0x00,0x00,0x00,0x00,0x00,0x00,0xDF,0xFF,0xFF,0xA0,0x00,0x00,0x00,0x00,0x00,0x00,0x00,0x07,0xFF,0xFF,
  0xFF,0x30,0x00,0x00,0x00,0x00,0x00,0x00,0x00,0x1E,0xFF,0xFF,0xFA,0x00,0x00,0x00,0x00,0x00,0x00,0x00,0x00,0x7F,0xFF,0xFF,
  0xF3,0x00,0x00,0x00,0x00,0x00,0x00,0x00,0x01,0xEF,0xFF,0xFF,0xA0,0x00,0x00,0x00,0x00,0x00,0x00,0x00,0x07,0xFF,0xFF,0xFF,
  0x30,0x00,0x00,0x00,0x00,0x00,0x00,0x00,0x1E,0xFF,0xFF,0xFA,0x00,0x00,0x00,0x00,0x00,0x00,0x00,0x00,0x7F,0xFF,0xFF,0xF3,
  0x00,0x00,0x00,0x00,0x00,0x00,0x00,0x01,0xEF,0xFF,0xFF,0xA0,0x00,0x00,0x00,0x00,0x00,0x00,0x00,0x07,0xFF,0xFF,0xFF,0x20,
  0x00,0x00,0x00,0x00,0x00,0x00,0x00,0x1E,0xFF,0xFF,0xFA,0x00,0x00,0x00,0x00,0x00,0x00,0x00,0x00,0x8F,0xFF,0xFF,0xF2,0x00,
  0x00,0x00,0x00,0x00,0x00,0x00,0x01,0xEF,0xFF,0xFF,0xA0,0x00,0x00,0x00,0x00,0x00,0x00,0x00,0x08,0xFF,0xFF,0xFF,0x20,0x00,
  0x00,0x00,0x00,0x00,0x00,0x00,0x1E,0xFF,0xFF,0xFA,0x00,0x00,0x00,0x00,0x00,0x00,0x00,0x00,0x8F,0xFF,0xFF,0xF2,0x00,0x00,
  0x00,0x00,0x00,0x00,0x00,0x01,0xEF,0xFF,0xFF,0x90,0x00,0x00,0x00,0x00,0x00,0x00,0x00,0x08,0xFF,0xFF,0xFF,0x20,0x00,0x00,
  0x00,0x00,0x00,0x00,0x00,0x2F,0xFF,0xFF,0xF9,0x00,0x00,0x00,0x00,0x00,0x00,0x00,0x00,0x9F,0xFF,0xFF,0xF2,0x00,0x00,0x00,
  0x00,0x00,0x00,0x00,0x02,0xFF,0xFF,0xFF,0x90,0x00,0x00,0x00,0x00,0x00,0x00,0x00,0x09,0xFF,0xFF,0xFF,0x20,0x00,0x00,0x00,
  0x00,0x00,0x00,0x00,0x00,0x00,0x00,0x27,0xAD,0xEF,0xED,0xA7,0x30,0x00,0x00,0x00,0x00,0x00,0x00,0x03,0xBF,0xFF,0xFF,0xFF,
  0xFF,0xFF,0xC4,0x00,0x00,0x00,0x00,0x00,0x08,0xFF,0xFF,0xFF,0xFF,0xFF,0xFF,0xFF,0xF9,0x00,0x00,0x00,0x00,0x09,0xFF,0xFF,
  0xFF,0xFF,0xFF,0xFF,0xFF,0xFF,0xFA,0x00,0x00,0x00,0x06,0xFF,0xFF,0xFF,0xFF,0xFE,0xFF,0xFF,0xFF,0xFF,0xF6,0x00,0x00,0x00,
  0xEF,0xFF,0xFF,0xFC,0x41,0x01,0x4C,0xFF,0xFF,0xFF,0xE0,0x00,0x00,0x4F,0xFF,0xFF,0xFA,0x00,0x00,0x00,0x0B,0xFF,0xFF,0xFF,
  0x40,0x00,0x07,0xFF,0xFF,0xFF,0x10,0x00,0x00,0x00,0x1F,0xFF,0xFF,0xF7,0x00,0x00,0x8F,0xFF,0xFF,0xD0,0x00,0x00,0x00,0x00,
  0xDF,0xFF,0xFF,0x80,0x00,0x06,0xFF,0xFF,0xFC,0x00,0x00,0x00,0x00,0x0D,0xFF,0xFF,0xF6,0x00,0x00,0x3F,0xFF,0xFF,0xF1,0x00,
  0x00,0x00,0x01,0xFF,0xFF,0xFF,0x30,0x00,0x00,0xCF,0xFF,0xFF,0xA0,0x00,0x00,0x00,0xAF,0xFF,0xFF,0xB0,0x00,0x00,0x02,0xFF,
  0xFF,0xFF,0xB4,0x10,0x14,0xBF,0xFF,0xFF,0xF2,0x00,0x00,0x00,0x04,0xDF,0xFF,0xFF,0xFF,0xEF,0xFF,0xFF,0xFF,0xD3,0x00,0x00,
  0x00,0x00,0x01,0x8D,0xFF,0xFF,0xFF,0xFF,0xFF,0xFD,0x81,0x00,0x00,0x00,0x00,0x00,0x00,0x3A,0xFF,0xFF,0xFF,0xFF,0xFA,0x30,
  0x00,0x00,0x00,0x00,0x00,0x07,0xEF,0xFF,0xFF,0xFF,0xFF,0xFF,0xFF,0xE7,0x00,0x00,0x00,0x00,0x2C,0xFF,0xFF,0xFF,0xFF,0xFF,
  0xFF,0xFF,0xFF,0xFC,0x20,0x00,0x00,0x1D,0xFF,0xFF,0xFF,0xC5,0x21,0x25,0xCF,0xFF,0xFF,0xFD,0x10,0x00,0x09,0xFF,0xFF,0xFF,
  0x70,0x00,0x00,0x00,0x7F,0xFF,0xFF,0xF9,0x00,0x02,0xFF,0xFF,0xFF,0x90,0x00,0x00,0x00,0x00,0xAF,0xFF,0xFF,0xF3,0x00,0x7F,
  0xFF,0xFF,0xF3,0x00,0x00,0x00,0x00,0x03,0xFF,0xFF,0xFF,0x70,0x09,0xFF,0xFF,0xFF,0x00,0x00,0x00,0x00,0x00,0x1F,0xFF,0xFF,
  0xF9,0x00,0x9F,0xFF,0xFF,0xF2,0x00,0x00,0x00,0x00,0x02,0xFF,0xFF,0xFF,0x90,0x07,0xFF,0xFF,0xFF,0x60,0x00,0x00,0x00,0x00,
  0x7F,0xFF,0xFF,0xF8,0x00,0x4F,0xFF,0xFF,0xFE,0x30,0x00,0x00,0x00,0x3E,0xFF,0xFF,0xFF,0x40,0x00,0xDF,0xFF,0xFF,0xFE,0x82,
  0x00,0x02,0x8E,0xFF,0xFF,0xFF,0xD0,0x00,0x04,0xFF,0xFF,0xFF,0xFF,0xFE,0xDE,0xFF,0xFF,0xFF,0xFF,0xF4,0x00,0x00,0x06,0xFF,
  0xFF,0xFF,0xFF,0xFF,0xFF,0xFF,0xFF,0xFF,0xF6,0x00,0x00,0x00,0x05,0xEF,0xFF,0xFF,0xFF,0xFF,0xFF,0xFF,0xFF,0xE5,0x00,0x00,
  0x00,0x00,0x01,0x8E,0xFF,0xFF,0xFF,0xFF,0xFF,0xFE,0x81,0x00,0x00,0x00,0x00,0x00,0x00,0x05,0x8B,0xDE,0xFE,0xDB,0x85,0x00,
  0x00,0x00,0x00,0x00,0x00,0x00,0x00,0x37,0xBD,0xEF,0xDC,0x94,0x00,0x00,0x00,0x00,0x00,0x00,0x00,0x04,0xCF,0xFF,0xFF,0xFF,
  0xFF,0xFE,0x60,0x00,0x00,0x00,0x00,0x00,0x19,0xFF,0xFF,0xFF,0xFF,0xFF,0xFF,0xFF,0xC1,0x00,0x00,0x00,0x00,0x0B,0xFF,0xFF,
  0xFF,0xFF,0xFF,0xFF,0xFF,0xFF,0xC1,0x00,0x00,0x00,0x0A,0xFF,0xFF,0xFF,0xFF,0xFF,0xFF,0xFF,0xFF,0xFF,0xC0,0x00,0x00,0x04,
  0xFF,0xFF,0xFF,0xFD,0x85,0x47,0xBF,0xFF,0xFF,0xFF,0x70,0x00,0x00,0xCF,0xFF,0xFF,0xF9,0x10,0x00,0x00,0x5E,0xFF,0xFF,0xFE,
  0x10,0x00,0x2F,0xFF,0xFF,0xFB,0x00,0x00,0x00,0x00,0x5F,0xFF,0xFF,0xF6,0x00,0x06,0xFF,0xFF,0xFF,0x20,0x00,0x00,0x00,0x00,
  0xAF,0xFF,0xFF,0xC0,0x00,0x8F,0xFF,0xFF,0xD0,0x00,0x00,0x00,0x00,0x06,0xFF,0xFF,0xFF,0x10,0x09,0xFF,0xFF,0xFA,0x00,0x00,
  0x00,0x00,0x00,0x4F,0xFF,0xFF,0xF5,0x00,0x9F,0xFF,0xFF,0xC0,0x00,0x00,0x00,0x00,0x06,0xFF,0xFF,0xFF,0x80,0x07,0xFF,0xFF,
  0xFF,0x00,0x00,0x00,0x00,0x00,0x9F,0xFF,0xFF,0xF9,0x00,0x3F,0xFF,0xFF,0xF8,0x00,0x00,0x00,0x00,0x3F,0xFF,0xFF,0xFF,0xA0,
  0x00,0xEF,0xFF,0xFF,0xF5,0x00,0x00,0x00,0x2C,0xFF,0xFF,0xFF,0xFB,0x00,0x07,0xFF,0xFF,0xFF,0xFA,0x42,0x13,0x7E,0xFF,0xFF,
  0xFF,0xFF,0xC0,0x00,0x0D,0xFF,0xFF,0xFF,0xFF,0xFF,0xFF,0xFF,0xFF,0xFF,0xFF,0xFB,0x00,0x00,0x2E,0xFF,0xFF,0xFF,0xFF,0xFF,
  0xFF,0xFF,0xCF,0xFF,0xFF,0xA0,0x00,0x00,0x3D,0xFF,0xFF,0xFF,0xFF,0xFF,0xFF,0x97,0xFF,0xFF,0xF9,0x00,0x00,0x00,0x18,0xFF,
  0xFF,0xFF,0xFF,0xFE,0x60,0x8F,0xFF,0xFF,0x70,0x00,0x00,0x00,0x01,0x6B,0xDE,0xED,0xB6,0x10,0x0A,0xFF,0xFF,0xF4,0x00,0x00,
  0x00,0x00,0x00,0x00,0x00,0x00,0x00,0x00,0xCF,0xFF,0xFF,0x10,0x00,0x00,0x00,0x00,0x00,0x00,0x00,0x00,0x00,0x2F,0xFF,0xFF,
  0xC0,0x00,0x4E,0xEE,0xEE,0xD0,0x00,0x00,0x00,0x00,0x08,0xFF,0xFF,0xF7,0x00,0x01,0xFF,0xFF,0xFF,0x60,0x00,0x00,0x00,0x03,
  0xFF,0xFF,0xFF,0x10,0x00,0x0B,0xFF,0xFF,0xFE,0x30,0x00,0x00,0x03,0xDF,0xFF,0xFF,0x90,0x00,0x00,0x4F,0xFF,0xFF,0xFF,0xA5,
  0x32,0x49,0xFF,0xFF,0xFF,0xE1,0x00,0x00,0x00,0xAF,0xFF,0xFF,0xFF,0xFF,0xFF,0xFF,0xFF,0xFF,0xF5,0x00,0x00,0x00,0x01,0xCF,
  0xFF,0xFF,0xFF,0xFF,0xFF,0xFF,0xFF,0xF7,0x00,0x00,0x00,0x00,0x01,0xBF,0xFF,0xFF,0xFF,0xFF,0xFF,0xFF,0xE6,0x00,0x00,0x00,
  0x00,0x00,0x00,0x6D,0xFF,0xFF,0xFF,0xFF,0xFF,0xB2,0x00,0x00,0x00,0x00,0x00,0x00,0x00,0x04,0x8C,0xDF,0xED,0xB7,0x20,0x00,
  0x00,0x00,0x00,0x00,0x00,0x24,0x10,0x00,0x00,0x01,0xBF,0xFF,0x80,0x00,0x00,0xBF,0xFF,0xFF,0x70,0x00,0x1F,0xFF,0xFF,0xFD,
  0x00,0x03,0xFF,0xFF,0xFF,0xE0,0x00,0x1F,0xFF,0xFF,0xFC,0x00,0x00,0x7F,0xFF,0xFF,0x40,0x00,0x00,0x6C,0xEB,0x40,0x00,0x00,
  0x00,0x00,0x00,0x00,0x00,0x00,0x00,0x00,0x00,0x00,0x00,0x00,0x00,0x00,0x00,0x00,0x00,0x00,0x00,0x00,0x00,0x00,0x00,0x00,
  0x00,0x00,0x00,0x00,0x00,0x00,0x00,0x00,0x00,0x00,0x00,0x00,0x00,0x00,0x00,0x02,0x41,0x00,0x00,0x00,0x1B,0xFF,0xF8,0x00,
  0x00,0x0A,0xFF,0xFF,0xF7,0x00,0x01,0xFF,0xFF,0xFF,0xD0,0x00,0x3F,0xFF,0xFF,0xFE,0x00,0x01,0xFF,0xFF,0xFF,0xC0,0x00,0x08,
  0xFF,0xFF,0xF4,0x00,0x00,0x06,0xCE,0xC4,0x00,0x00,0x00,0x05,0xCE,0xC4,0x00,0x00,0x06,0xFF,0xFF,0xF5,0x00,0x00,0xEF,0xFF,
  0xFF,0xD0,0x00,0x2F,0xFF,0xFF,0xFF,0x10,0x01,0xFF,0xFF,0xFF,0xE0,0x00,0x09,0xFF,0xFF,0xF8,0x00,0x00,0x1A,0xFF,0xF9,0x00,
  0x00,0x00,0x02,0x42,0x00,0x00,0x00,0x00,0x00,0x00,0x00,0x00,0x00,0x00,0x00,0x00,0x00,0x00,0x00,0x00,0x00,0x00,0x00,0x00,
  0x00,0x00,0x00,0x00,0x00,0x00,0x00,0x00,0x00,0x00,0x00,0x00,0x00,0x00,0x00,0x00,0x00,0x00,0x00,0x00,0x00,0x00,0x00,0x00,
  0x00,0x00,0x00,0x00,0x00,0x00,0x00,0x00,0x07,0xFF,0xFF,0xF8,0x00,0x00,0x9F,0xFF,0xFF,0x40,0x00,0x0B,0xFF,0xFF,0xE0,0x00,
  0x00,0xDF,0xFF,0xFB,0x00,0x00,0x0F,0xFF,0xFF,0x70,0x00,0x02,0xFF,0xFF,0xF3,0x00,0x00,0x4F,0xFF,0xFE,0x00,0x00,0x06,0xFF,
  0xFF,0x90,0x00,0x00,0x8F,0xFF,0xF5,0x00,0x00,0x0A,0xFF,0xFF,0x10,0x00,0x00,0xCF,0xFF,0xC0,0x00,0x00,0x0D,0xEE,0xE8,0x00,
  0x00,0x00,0x00,0x00,0x00,0x00,0x00,0x00,0x00,0x00,0x00,0x00,0x00,0x05,0xC0,0x00,0x00,0x00,0x00,0x00,0x00,0x00,0x00,0x00,
  0x00,0x00,0x01,0x7D,0xFF,0x00,0x00,0x00,0x00,0x00,0x00,0x00,0x00,0x00,0x00,0x00,0x28,0xEF,0xFF,0xF0,0x00,0x00,0x00,0x00,
  0x00,0x00,0x00,0x00,0x00,0x03,0xAF,0xFF,0xFF,0xFF,0x00,0x00,0x00,0x00,0x00,0x00,0x00,0x00,0x00,0x5B,0xFF,0xFF,0xFF,0xFF,
  0xF0,0x00,0x00,0x00,0x00,0x00,0x00,0x00,0x16,0xDF,0xFF,0xFF,0xFF,0xFF,0xFF,0x00,0x00,0x00,0x00,0x00,0x00,0x01,0x8E,0xFF,
  0xFF,0xFF,0xFF,0xFF,0xFB,0x50,0x00,0x00,0x00,0x00,0x00,0x39,0xFF,0xFF,0xFF,0xFF,0xFF,0xFE,0x82,0x00,0x00,0x00,0x00,0x00,
  0x04,0xBF,0xFF,0xFF,0xFF,0xFF,0xFF,0xC6,0x00,0x00,0x00,0x00,0x00,0x00,0x5C,0xFF,0xFF,0xFF,0xFF,0xFF,0xE9,0x30,0x00,0x00,
  0x00,0x00,0x00,0x00,0x0D,0xFF,0xFF,0xFF,0xFF,0xFC,0x61,0x00,0x00,0x00,0x00,0x00,0x00,0x00,0x00,0xDF,0xFF,0xFF,0xFF,0xA4,
  0x00,0x00,0x00,0x00,0x00,0x00,0x00,0x00,0x00,0x0D,0xFF,0xFF,0xFF,0x60,0x00,0x00,0x00,0x00,0x00,0x00,0x00,0x00,0x00,0x00,
  0xDF,0xFF,0xFF,0xFF,0xD7,0x10,0x00,0x00,0x00,0x00,0x00,0x00,0x00,0x00,0x0D,0xFF,0xFF,0xFF,0xFF,0xFF,0xA4,0x00,0x00,0x00,
  0x00,0x00,0x00,0x00,0x00,0x29,0xEF,0xFF,0xFF,0xFF,0xFF,0xFC,0x61,0x00,0x00,0x00,0x00,0x00,0x00,0x00,0x01,0x7D,0xFF,0xFF,
  0xFF,0xFF,0xFF,0xE9,0x30,0x00,0x00,0x00,0x00,0x00,0x00,0x00,0x06,0xCF,0xFF,0xFF,0xFF,0xFF,0xFF,0xC6,0x00,0x00,0x00,0x00,
  0x00,0x00,0x00,0x00,0x4B,0xFF,0xFF,0xFF,0xFF,0xFF,0xFE,0x80,0x00,0x00,0x00,0x00,0x00,0x00,0x00,0x02,0x9E,0xFF,0xFF,0xFF,
  0xFF,0xFF,0x00,0x00,0x00,0x00,0x00,0x00,0x00,0x00,0x00,0x17,0xEF,0xFF,0xFF,0xFF,0xF0,0x00,0x00,0x00,0x00,0x00,0x00,0x00,
  0x00,0x00,0x00,0x6C,0xFF,0xFF,0xFF,0x00,0x00,0x00,0x00,0x00,0x00,0x00,0x00,0x00,0x00,0x00,0x04,0xBF,0xFF,0xF0,0x00,0x00,
  0x00,0x00,0x00,0x00,0x00,0x00,0x00,0x00,0x00,0x00,0x39,0xFF,0x00,0x00,0x00,0x00,0x00,0x00,0x00,0x00,0x00,0x00,0x00,0x00,
  0x00,0x01,0x70,0x00,0x00,0x00,0x01,0x55,0x55,0x55,0x55,0x55,0x55,0x55,0x55,0x55,0x55,0x50,0x00,0x00,0x00,0x4F,0xFF,0xFF,
  0xFF,0xFF,0xFF,0xFF,0xFF,0xFF,0xFF,0xFF,0x10,0x00,0x00,0x04,0xFF,0xFF,0xFF,0xFF,0xFF,0xFF,0xFF,0xFF,0xFF,0xFF,0xF1,0x00,
  0x00,0x00,0x4F,0xFF,0xFF,0xFF,0xFF,0xFF,0xFF,0xFF,0xFF,0xFF,0xFF,0x10,0x00,0x00,0x04,0xFF,0xFF,0xFF,0xFF,0xFF,0xFF,0xFF,
  0xFF,0xFF,0xFF,0xF1,0x00,0x00,0x00,0x4F,0xFF,0xFF,0xFF,0xFF,0xFF,0xFF,0xFF,0xFF,0xFF,0xFF,0x10,0x00,0x00,0x00,0x00,0x00,
  0x00,0x00,0x00,0x00,0x00,0x00,0x00,0x00,0x00,0x00,0x00,0x00,0x00,0x00,0x00,0x00,0x00,0x00,0x00,0x00,0x00,0x00,0x00,0x00,
  0x00,0x00,0x00,0x00,0x00,0x00,0x00,0x00,0x00,0x00,0x00,0x00,0x00,0x00,0x00,0x00,0x00,0x00,0x00,0x00,0x00,0x00,0x00,0x00,
  0x00,0x00,0x00,0x00,0x00,0x00,0x00,0x02,0x55,0x55,0x55,0x55,0x55,0x55,0x55,0x55,0x55,0x55,0x50,0x00,0x00,0x00,0x4F,0xFF,
  0xFF,0xFF,0xFF,0xFF,0xFF,0xFF,0xFF,0xFF,0xFF,0x10,0x00,0x00,0x04,0xFF,0xFF,0xFF,0xFF,0xFF,0xFF,0xFF,0xFF,0xFF,0xFF,0xF1,
  0x00,0x00,0x00,0x4F,0xFF,0xFF,0xFF,0xFF,0xFF,0xFF,0xFF,0xFF,0xFF,0xFF,0x10,0x00,0x00,0x04,0xFF,0xFF,0xFF,0xFF,0xFF,0xFF,
  0xFF,0xFF,0xFF,0xFF,0xF1,0x00,0x00,0x00,0x4F,0xFF,0xFF,0xFF,0xFF,0xFF,0xFF,0xFF,0xFF,0xFF,0xFF,0x10,0x00,0x00,0x00,0x00,
  0x00,0x00,0x00,0x00,0x00,0x00,0x00,0x00,0x00,0x00,0x00,0x00,0x00,0x00,0x00,0x00,0x00,0x00,0x00,0x00,0x00,0x00,0x00,0x00,
  0x00,0x00,0x00,0x00,0x00,0x00,0x00,0x00,0x00,0x00,0x00,0x00,0x00,0x00,0x00,0x00,0x00,0x00,0x00,0x00,0x00,0x00,0x00,0x00,
  0x00,0x00,0x00,0x00,0x00,0x00,0x00,0x00,0x00,0x00,0x00,0x00,0x00,0x00,0x00,0x00,0x00,0x00,0x00,0x00,0x00,0x00,0x00,0x02,
  0xB4,0x00,0x00,0x00,0x00,0x00,0x00,0x00,0x00,0x00,0x00,0x00,0x00,0x00,0x2F,0xFC,0x50,0x00,0x00,0x00,0x00,0x00,0x00,0x00,
  0x00,0x00,0x00,0x00,0x02,0xFF,0xFF,0xD7,0x10,0x00,0x00,0x00,0x00,0x00,0x00,0x00,0x00,0x00,0x00,0x2F,0xFF,0xFF,0xFE,0x92,
  0x00,0x00,0x00,0x00,0x00,0x00,0x00,0x00,0x00,0x02,0xFF,0xFF,0xFF,0xFF,0xFA,0x30,0x00,0x00,0x00,0x00,0x00,0x00,0x00,0x00,
  0x2F,0xFF,0xFF,0xFF,0xFF,0xFF,0xC5,0x00,0x00,0x00,0x00,0x00,0x00,0x00,0x00,0x6C,0xFF,0xFF,0xFF,0xFF,0xFF,0xFD,0x61,0x00,
  0x00,0x00,0x00,0x00,0x00,0x00,0x03,0x9F,0xFF,0xFF,0xFF,0xFF,0xFF,0xE8,0x20,0x00,0x00,0x00,0x00,0x00,0x00,0x00,0x17,0xDF,
  0xFF,0xFF,0xFF,0xFF,0xFF,0xA3,0x00,0x00,0x00,0x00,0x00,0x00,0x00,0x00,0x4A,0xFF,0xFF,0xFF,0xFF,0xFF,0xFB,0x40,0x00,0x00,
  0x00,0x00,0x00,0x00,0x00,0x02,0x7D,0xFF,0xFF,0xFF,0xFF,0xFA,0x00,0x00,0x00,0x00,0x00,0x00,0x00,0x00,0x00,0x05,0xBF,0xFF,
  0xFF,0xFF,0xA0,0x00,0x00,0x00,0x00,0x00,0x00,0x00,0x00,0x00,0x00,0x8F,0xFF,0xFF,0xFA,0x00,0x00,0x00,0x00,0x00,0x00,0x00,
  0x00,0x00,0x28,0xEF,0xFF,0xFF,0xFF,0xA0,0x00,0x00,0x00,0x00,0x00,0x00,0x00,0x05,0xBF,0xFF,0xFF,0xFF,0xFF,0xFA,0x00,0x00,
  0x00,0x00,0x00,0x00,0x02,0x7D,0xFF,0xFF,0xFF,0xFF,0xFF,0xE7,0x10,0x00,0x00,0x00,0x00,0x00,0x4A,0xFF,0xFF,0xFF,0xFF,0xFF,
  0xFC,0x60,0x00,0x00,0x00,0x00,0x00,0x17,0xDF,0xFF,0xFF,0xFF,0xFF,0xFF,0xB4,0x00,0x00,0x00,0x00,0x00,0x01,0x9F,0xFF,0xFF,
  0xFF,0xFF,0xFF,0xF9,0x30,0x00,0x00,0x00,0x00,0x00,0x00,0x2F,0xFF,0xFF,0xFF,0xFF,0xFE,0x81,0x00,0x00,0x00,0x00,0x00,0x00,
  0x00,0x02,0xFF,0xFF,0xFF,0xFF,0xD6,0x10,0x00,0x00,0x00,0x00,0x00,0x00,0x00,0x00,0x2F,0xFF,0xFF,0xFB,0x40,0x00,0x00,0x00,
  0x00,0x00,0x00,0x00,0x00,0x00,0x02,0xFF,0xFF,0xA3,0x00,0x00,0x00,0x00,0x00,0x00,0x00,0x00,0x00,0x00,0x00,0x2F,0xE8,0x20,
  0x00,0x00,0x00,0x00,0x00,0x00,0x00,0x00,0x00,0x00,0x00,0x02,0x61,0x00,0x00,0x00,0x00,0x00,0x00,0x00,0x00,0x00,0x00,0x00,
  0x00,0x00,0x00,0x00,0x01,0x6A,0xDE,0xFE,0xDA,0x61,0x00,0x00,0x00,0x00,0x00,0x00,0x18,0xEF,0xFF,0xFF,0xFF,0xFF,0xFA,0x10,
  0x00,0x00,0x00,0x00,0x3D,0xFF,0xFF,0xFF,0xFF,0xFF,0xFF,0xFE,0x40,0x00,0x00,0x00,0x3E,0xFF,0xFF,0xFF,0xFF,0xFF,0xFF,0xFF,
  0xFF,0x40,0x00,0x00,0x1D,0xFF,0xFF,0xFF,0xFF,0xFF,0xFF,0xFF,0xFF,0xFE,0x10,0x00,0x08,0xFF,0xFF,0xFF,0xE8,0x53,0x59,0xFF,
  0xFF,0xFF,0xF8,0x00,0x00,0xEF,0xFF,0xFF,0xC2,0x00,0x00,0x02,0xEF,0xFF,0xFF,0xD0,0x00,0x4F,0xFF,0xFF,0xF3,0x00,0x00,0x00,
  0x06,0xFF,0xFF,0xFF,0x10,0x07,0xFF,0xFF,0xFB,0x00,0x00,0x00,0x00,0x2F,0xFF,0xFF,0xF2,0x00,0x8F,0xFF,0xFF,0x80,0x00,0x00,
  0x00,0x01,0xFF,0xFF,0xFF,0x00,0x01,0x22,0x22,0x21,0x00,0x00,0x00,0x00,0x5F,0xFF,0xFF,0xD0,0x00,0x00,0x00,0x00,0x00,0x00,
  0x00,0x00,0x1C,0xFF,0xFF,0xF8,0x00,0x00,0x00,0x00,0x00,0x00,0x00,0x00,0x1B,0xFF,0xFF,0xFF,0x20,0x00,0x00,0x00,0x00,0x00,
  0x00,0x00,0x4D,0xFF,0xFF,0xFF,0x70,0x00,0x00,0x00,0x00,0x00,0x00,0x01,0xAF,0xFF,0xFF,0xFF,0x90,0x00,0x00,0x00,0x00,0x00,
  0x00,0x02,0xDF,0xFF,0xFF,0xFF,0x70,0x00,0x00,0x00,0x00,0x00,0x00,0x00,0xDF,0xFF,0xFF,0xFD,0x30,0x00,0x00,0x00,0x00,0x00,
  0x00,0x00,0x6F,0xFF,0xFF,0xFA,0x10,0x00,0x00,0x00,0x00,0x00,0x00,0x00,0x0C,0xFF,0xFF,0xFA,0x00,0x00,0x00,0x00,0x00,0x00,
  0x00,0x00,0x00,0xDF,0xFF,0xFE,0x10,0x00,0x00,0x00,0x00,0x00,0x00,0x00,0x00,0x0F,0xFF,0xFF,0xC0,0x00,0x00,0x00,0x00,0x00,
  0x00,0x00,0x00,0x00,0xFF,0xFF,0xFA,0x00,0x00,0x00,0x00,0x00,0x00,0x00,0x00,0x00,0x07,0x77,0x77,0x50,0x00,0x00,0x00,0x00,
  0x00,0x00,0x00,0x00,0x00,0x00,0x00,0x00,0x00,0x00,0x00,0x00,0x00,0x00,0x00,0x00,0x00,0x00,0x03,0x30,0x00,0x00,0x00,0x00,
  0x00,0x00,0x00,0x00,0x00,0x00,0x5E,0xFF,0xD3,0x00,0x00,0x00,0x00,0x00,0x00,0x00,0x00,0x00,0x3F,0xFF,0xFF,0xD1,0x00,0x00,
  0x00,0x00,0x00,0x00,0x00,0x00,0x09,0xFF,0xFF,0xFF,0x50,0x00,0x00,0x00,0x00,0x00,0x00,0x00,0x00,0xAF,0xFF,0xFF,0xF7,0x00,
  0x00,0x00,0x00,0x00,0x00,0x00,0x00,0x08,0xFF,0xFF,0xFF,0x50,0x00,0x00,0x00,0x00,0x00,0x00,0x00,0x00,0x1E,0xFF,0xFF,0xC0,
  0x00,0x00,0x00,0x00,0x00,0x00,0x00,0x00,0x00,0x2A,0xED,0x91,0x00,0x00,0x00,0x00,0x00,0x00,0x00,0x00,0x00,0x00,0x00,0x00,
  0x00,0x37,0xAB,0xCE,0xFE,0xDB,0xA7,0x30,0x00,0x00,0x00,0x00,0x00,0x00,0x00,0x00,0x00,0x00,0x00,0x00,0x00,0x05,0xAE,0xFF,
  0xFF,0xFF,0xFF,0xFF,0xFF,0xFE,0xA4,0x00,0x00,0x00,0x00,0x00,0x00,0x00,0x00,0x00,0x00,0x00,0x05,0xCF,0xFF,0xFF,0xFF,0xFF,
  0xFF,0xFF,0xFF,0xFF,0xFF,0xC5,0x00,0x00,0x00,0x00,0x00,0x00,0x00,0x00,0x00,0x03,0xCF,0xFF,0xFF,0xFF,0xFF,0xFF,0xFF,0xFF,
  0xFF,0xFF,0xFF,0xFF,0xC2,0x00,0x00,0x00,0x00,0x00,0x00,0x00,0x00,0x5E,0xFF,0xFF,0xFF,0xFF,0xFF,0xFF,0xFF,0xFF,0xFF,0xFF,
  0xFF,0xFF,0xFE,0x40,0x00,0x00,0x00,0x00,0x00,0x00,0x08,0xFF,0xFF,0xFF,0xFF,0xFB,0x74,0x32,0x12,0x34,0x7B,0xEF,0xFF,0xFF,
  0xFF,0xF6,0x00,0x00,0x00,0x00,0x00,0x00,0x7F,0xFF,0xFF,0xFF,0xD6,0x10,0x00,0x00,0x00,0x00,0x00,0x06,0xDF,0xFF,0xFF,0xFF,
  0x40,0x00,0x00,0x00,0x00,0x05,0xFF,0xFF,0xFF,0xF7,0x00,0x00,0x00,0x00,0x00,0x00,0x00,0x00,0x07,0xFF,0xFF,0xFF,0xE2,0x00,
  0x00,0x00,0x00,0x2E,0xFF,0xFF,0xFD,0x30,0x00,0x00,0x00,0x00,0x00,0x00,0x00,0x00,0x00,0x4E,0xFF,0xFF,0xFC,0x00,0x00,0x00,
  0x00,0xBF,0xFF,0xFF,0xD1,0x00,0x00,0x00,0x00,0x00,0x00,0x00,0x00,0x00,0x00,0x02,0xEF,0xFF,0xFF,0x50,0x00,0x00,0x03,0xFF,
  0xFF,0xFE,0x30,0x00,0x00,0x04,0x9C,0xEF,0xDB,0x61,0x0D,0xFF,0xFA,0x00,0x4F,0xFF,0xFF,0xD0,0x00,0x00,0x0B,0xFF,0xFF,0xF5,
  0x00,0x00,0x02,0xBF,0xFF,0xFF,0xFF,0xFE,0x5D,0xFF,0xFA,0x00,0x09,0xFF,0xFF,0xF6,0x00,0x00,0x3F,0xFF,0xFF,0xC0,0x00,0x00,
  0x4E,0xFF,0xFF,0xFF,0xFF,0xFF,0xFF,0xFF,0xFA,0x00,0x02,0xFF,0xFF,0xFB,0x00,0x00,0x7F,0xFF,0xFF,0x50,0x00,0x02,0xEF,0xFF,
  0xFF,0xFF,0xFF,0xFF,0xFF,0xFF,0xFA,0x00,0x00,0x9F,0xFF,0xFF,0x10,0x00,0xCF,0xFF,0xFD,0x00,0x00,0x0C,0xFF,0xFF,0xFF,0xEC,
  0xDF,0xFF,0xFF,0xFF,0xFA,0x00,0x00,0x4F,0xFF,0xFF,0x40,0x01,0xFF,0xFF,0xF9,0x00,0x00,0x5F,0xFF,0xFF,0xD4,0x00,0x01,0x8F,
  0xFF,0xFF,0xFA,0x00,0x00,0x1F,0xFF,0xFF,0x80,0x04,0xFF,0xFF,0xF5,0x00,0x00,0xCF,0xFF,0xFD,0x10,0x00,0x00,0x06,0xFF,0xFF,
  0xFA,0x00,0x00,0x0C,0xFF,0xFF,0xA0,0x06,0xFF,0xFF,0xF1,0x00,0x01,0xFF,0xFF,0xF5,0x00,0x00,0x00,0x00,0xCF,0xFF,0xFA,0x00,
  0x00,0x0A,0xFF,0xFF,0xB0,0x07,0xFF,0xFF,0xF0,0x00,0x05,0xFF,0xFF,0xE0,0x00,0x00,0x00,0x00,0x7F,0xFF,0xFA,0x00,0x00,0x09,
  0xFF,0xFF,0xC0,0x08,0xFF,0xFF,0xE0,0x00,0x06,0xFF,0xFF,0xC0,0x00,0x00,0x00,0x00,0x4F,0xFF,0xFA,0x00,0x00,0x07,0xFF,0xFF,
  0xE0,0x09,0xFF,0xFF,0xC0,0x00,0x07,0xFF,0xFF,0xA0,0x00,0x00,0x00,0x00,0x3F,0xFF,0xFA,0x00,0x00,0x08,0xFF,0xFF,0xD0,0x09,
  0xFF,0xFF,0xD0,0x00,0x07,0xFF,0xFF,0xA0,0x00,0x00,0x00,0x00,0x3F,0xFF,0xFA,0x00,0x00,0x09,0xFF,0xFF,0xC0,0x08,0xFF,0xFF,
  0xE0,0x00,0x06,0xFF,0xFF,0xC0,0x00,0x00,0x00,0x00,0x5F,0xFF,0xFA,0x00,0x00,0x0B,0xFF,0xFF,0xB0,0x06,0xFF,0xFF,0xF0,0x00,
  0x04,0xFF,0xFF,0xE1,0x00,0x00,0x00,0x00,0x8F,0xFF,0xFA,0x00,0x00,0x0E,0xFF,0xFF,0x80,0x05,0xFF,0xFF,0xF2,0x00,0x01,0xFF,
  0xFF,0xF7,0x00,0x00,0x00,0x01,0xEF,0xFF,0xFA,0x00,0x00,0x5F,0xFF,0xFF,0x50,0x03,0xFF,0xFF,0xF6,0x00,0x00,0xBF,0xFF,0xFE,
  0x30,0x00,0x00,0x09,0xFF,0xFF,0xFC,0x00,0x01,0xDF,0xFF,0xFE,0x10,0x00,0xDF,0xFF,0xFA,0x00,0x00,0x4F,0xFF,0xFF,0xF8,0x41,
  0x25,0xCF,0xFF,0xFF,0xFF,0x51,0x3C,0xFF,0xFF,0xF9,0x00,0x00,0x9F,0xFF,0xFE,0x10,0x00,0x0B,0xFF,0xFF,0xFF,0xFF,0xFF,0xFF,
  0xFF,0xFF,0xFF,0xFF,0xFF,0xFF,0xFF,0xE2,0x00,0x00,0x5F,0xFF,0xFF,0x80,0x00,0x02,0xEF,0xFF,0xFF,0xFF,0xFF,0xFF,0xFD,0xFF,
  0xFF,0xFF,0xFF,0xFF,0xFF,0x60,0x00,0x00,0x1E,0xFF,0xFF,0xE1,0x00,0x00,0x3E,0xFF,0xFF,0xFF,0xFF,0xFF,0xD1,0xCF,0xFF,0xFF,
  0xFF,0xFF,0xF7,0x00,0x00,0x00,0x06,0xFF,0xFF,0xFB,0x00,0x00,0x02,0xAF,0xFF,0xFF,0xFF,0xFC,0x20,0x1A,0xFF,0xFF,0xFF,0xFC,
  0x30,0x00,0x00,0x00,0x00,0xDF,0xFF,0xFF,0x90,0x00,0x00,0x03,0x8B,0xDD,0xCA,0x40,0x00,0x00,0x27,0x9A,0x97,0x30,0x00,0x00,
  0x00,0x00,0x00,0x5F,0xFF,0xFF,0xF9,0x10,0x00,0x00,0x00,0x00,0x00,0x00,0x00,0x00,0x00,0x00,0x00,0x00,0x00,0x00,0x00,0x00,
  0x00,0x09,0xFF,0xFF,0xFF,0xC3,0x00,0x00,0x00,0x00,0x00,0x00,0x00,0x00,0x00,0x00,0x00,0x00,0x00,0x00,0x00,0x00,0x00,0x00,
  0xBF,0xFF,0xFF,0xFF,0xA4,0x00,0x00,0x00,0x00,0x00,0x00,0x00,0x25,0x00,0x00,0x00,0x00,0x00,0x00,0x00,0x00,0x00,0x1C,0xFF,
  0xFF,0xFF,0xFF,0xDA,0x63,0x21,0x01,0x12,0x57,0xAD,0xFF,0x20,0x00,0x00,0x00,0x00,0x00,0x00,0x00,0x00,0x00,0x9F,0xFF,0xFF,
  0xFF,0xFF,0xFF,0xFF,0xFF,0xFF,0xFF,0xFF,0xFF,0x80,0x00,0x00,0x00,0x00,0x00,0x00,0x00,0x00,0x00,0x05,0xEF,0xFF,0xFF,0xFF,
  0xFF,0xFF,0xFF,0xFF,0xFF,0xFF,0xFF,0xE0,0x00,0x00,0x00,0x00,0x00,0x00,0x00,0x00,0x00,0x00,0x17,0xEF,0xFF,0xFF,0xFF,0xFF,
  0xFF,0xFF,0xFF,0xFF,0xFF,0xF5,0x00,0x00,0x00,0x00,0x00,0x00,0x00,0x00,0x00,0x00,0x00,0x16,0xCF,0xFF,0xFF,0xFF,0xFF,0xFF,
  0xFF,0xFF,0xEA,0x50,0x00,0x00,0x00,0x00,0x00,0x00,0x00,0x00,0x00,0x00,0x00,0x00,0x01,0x48,0xBC,0xDE,0xFF,0xED,0xC9,0x63,
  0x00,0x00,0x00,0x00,0x00,0x00,0x00,0x00,0x00,0x00,0x00,0x00,0x00,0x00,0x00,0x00,0x00,0x00,0x00,0x00,0x00,0x00,0x00,0x00,
  0x00,0x00,0x00,0x00,0x00,0x00,0x00,0x00,0x00,0x00,0x0B,0xFF,0xFF,0xFF,0xFF,0x20,0x00,0x00,0x00,0x00,0x00,0x00,0x00,0x00,
  0x00,0x00,0x2F,0xFF,0xFF,0xFF,0xFF,0x70,0x00,0x00,0x00,0x00,0x00,0x00,0x00,0x00,0x00,0x00,0x7F,0xFF,0xFF,0xFF,0xFF,0xC0,
  0x00,0x00,0x00,0x00,0x00,0x00,0x00,0x00,0x00,0x00,0xCF,0xFF,0xFF,0xFF,0xFF,0xF2,0x00,0x00,0x00,0x00,0x00,0x00,0x00,0x00,
  0x00,0x02,0xFF,0xFF,0xFF,0xFF,0xFF,0xF8,0x00,0x00,0x00,0x00,0x00,0x00,0x00,0x00,0x00,0x08,0xFF,0xFF,0xFF,0xFF,0xFF,0xFD,
  0x00,0x00,0x00,0x00,0x00,0x00,0x00,0x00,0x00,0x0D,0xFF,0xFF,0xFA,0xFF,0xFF,0xFF,0x30,0x00,0x00,0x00,0x00,0x00,0x00,0x00,
  0x00,0x3F,0xFF,0xFF,0xF3,0xDF,0xFF,0xFF,0x90,0x00,0x00,0x00,0x00,0x00,0x00,0x00,0x00,0x8F,0xFF,0xFF,0xE0,0x8F,0xFF,0xFF,
  0xE0,0x00,0x00,0x00,0x00,0x00,0x00,0x00,0x00,0xEF,0xFF,0xFF,0x90,0x4F,0xFF,0xFF,0xF4,0x00,0x00,0x00,0x00,0x00,0x00,0x00,
  0x04,0xFF,0xFF,0xFF,0x50,0x0E,0xFF,0xFF,0xF9,0x00,0x00,0x00,0x00,0x00,0x00,0x00,0x09,0xFF,0xFF,0xFF,0x10,0x0A,0xFF,0xFF,
  0xFE,0x00,0x00,0x00,0x00,0x00,0x00,0x00,0x0E,0xFF,0xFF,0xFB,0x00,0x05,0xFF,0xFF,0xFF,0x50,0x00,0x00,0x00,0x00,0x00,0x00,
  0x5F,0xFF,0xFF,0xF6,0x00,0x01,0xFF,0xFF,0xFF,0xA0,0x00,0x00,0x00,0x00,0x00,0x00,0xAF,0xFF,0xFF,0xF2,0x00,0x00,0xCF,0xFF,
  0xFF,0xF1,0x00,0x00,0x00,0x00,0x00,0x01,0xFF,0xFF,0xFF,0xC0,0x00,0x00,0x7F,0xFF,0xFF,0xF6,0x00,0x00,0x00,0x00,0x00,0x06,
  0xFF,0xFF,0xFF,0x70,0x00,0x00,0x2F,0xFF,0xFF,0xFB,0x00,0x00,0x00,0x00,0x00,0x0B,0xFF,0xFF,0xFF,0x20,0x00,0x00,0x0D,0xFF,
  0xFF,0xFF,0x10,0x00,0x00,0x00,0x00,0x1F,0xFF,0xFF,0xFC,0x00,0x00,0x00,0x08,0xFF,0xFF,0xFF,0x60,0x00,0x00,0x00,0x00,0x6F,
  0xFF,0xFF,0xFA,0x44,0x44,0x44,0x47,0xFF,0xFF,0xFF,0xC0,0x00,0x00,0x00,0x00,0xCF,0xFF,0xFF,0xFF,0xFF,0xFF,0xFF,0xFF,0xFF,
  0xFF,0xFF,0xF2,0x00,0x00,0x00,0x02,0xFF,0xFF,0xFF,0xFF,0xFF,0xFF,0xFF,0xFF,0xFF,0xFF,0xFF,0xF7,0x00,0x00,0x00,0x07,0xFF,
  0xFF,0xFF,0xFF,0xFF,0xFF,0xFF,0xFF,0xFF,0xFF,0xFF,0xFD,0x00,0x00,0x00,0x0C,0xFF,0xFF,0xFF,0xFF,0xFF,0xFF,0xFF,0xFF,0xFF,
  0xFF,0xFF,0xFF,0x30,0x00,0x00,0x3F,0xFF,0xFF,0xFF,0xFF,0xFF,0xFF,0xFF,0xFF,0xFF,0xFF,0xFF,0xFF,0x80,0x00,0x00,0x8F,0xFF,
  0xFF,0xF7,0x00,0x00,0x00,0x00,0x00,0x03,0xFF,0xFF,0xFF,0xD0,0x00,0x00,0xDF,0xFF,0xFF,0xF2,0x00,0x00,0x00,0x00,0x00,0x00,
  0xEF,0xFF,0xFF,0xF4,0x00,0x03,0xFF,0xFF,0xFF,0xC0,0x00,0x00,0x00,0x00,0x00,0x00,0x9F,0xFF,0xFF,0xF9,0x00,0x09,0xFF,0xFF,
  0xFF,0x70,0x00,0x00,0x00,0x00,0x00,0x00,0x4F,0xFF,0xFF,0xFE,0x00,0x0E,0xFF,0xFF,0xFF,0x20,0x00,0x00,0x00,0x00,0x00,0x00,
  0x0E,0xFF,0xFF,0xFF,0x40,0x4F,0xFF,0xFF,0xFC,0x00,0x00,0x00,0x00,0x00,0x00,0x00,0x0A,0xFF,0xFF,0xFF,0xA0,0xAF,0xFF,0xFF,
  0xF7,0x00,0x00,0x00,0x00,0x00,0x00,0x00,0x05,0xFF,0xFF,0xFF,0xE1,0x00,0x9F,0xFF,0xFF,0xFF,0xFF,0xFF,0xFF,0xED,0xA7,0x20,
  0x00,0x00,0x00,0x00,0x9F,0xFF,0xFF,0xFF,0xFF,0xFF,0xFF,0xFF,0xFF,0xFB,0x30,0x00,0x00,0x00,0x9F,0xFF,0xFF,0xFF,0xFF,0xFF,
  0xFF,0xFF,0xFF,0xFF,0xF6,0x00,0x00,0x00,0x9F,0xFF,0xFF,0xFF,0xFF,0xFF,0xFF,0xFF,0xFF,0xFF,0xFF,0x60,0x00,0x00,0x9F,0xFF,
  0xFF,0xFF,0xFF,0xFF,0xFF,0xFF,0xFF,0xFF,0xFF,0xE1,0x00,0x00,0x9F,0xFF,0xFF,0xD3,0x33,0x33,0x35,0x7D,0xFF,0xFF,0xFF,0xF7,
  0x00,0x00,0x9F,0xFF,0xFF,0xD0,0x00,0x00,0x00,0x00,0xAF,0xFF,0xFF,0xFC,0x00,0x00,0x9F,0xFF,0xFF,0xD0,0x00,0x00,0x00,0x00,
  0x1E,0xFF,0xFF,0xFE,0x00,0x00,0x9F,0xFF,0xFF,0xD0,0x00,0x00,0x00,0x00,0x0B,0xFF,0xFF,0xFE,0x00,0x00,0x9F,0xFF,0xFF,0xD0,
  0x00,0x00,0x00,0x00,0x0A,0xFF,0xFF,0xFB,0x00,0x00,0x9F,0xFF,0xFF,0xD0,0x00,0x00,0x00,0x00,0x0D,0xFF,0xFF,0xF8,0x00,0x00,
  0x9F,0xFF,0xFF,0xD0,0x00,0x00,0x00,0x00,0x8F,0xFF,0xFF,0xE1,0x00,0x00,0x9F,0xFF,0xFF,0xD0,0x00,0x00,0x01,0x4A,0xFF,0xFF,
  0xFF,0x60,0x00,0x00,0x9F,0xFF,0xFF,0xFF,0xFF,0xFF,0xFF,0xFF,0xFF,0xFF,0xE5,0x00,0x00,0x00,0x9F,0xFF,0xFF,0xFF,0xFF,0xFF,
  0xFF,0xFF,0xFF,0xD8,0x20,0x00,0x00,0x00,0x9F,0xFF,0xFF,0xFF,0xFF,0xFF,0xFF,0xFF,0xFF,0xD9,0x50,0x00,0x00,0x00,0x9F,0xFF,
  0xFF,0xFF,0xFF,0xFF,0xFF,0xFF,0xFF,0xFF,0xFC,0x30,0x00,0x00,0x9F,0xFF,0xFF,0xFF,0xFF,0xFF,0xFF,0xFF,0xFF,0xFF,0xFF,0xF4,
  0x00,0x00,0x9F,0xFF,0xFF,0xD0,0x00,0x00,0x01,0x36,0xDF,0xFF,0xFF,0xFD,0x00,0x00,0x9F,0xFF,0xFF,0xD0,0x00,0x00,0x00,0x00,
  0x1B,0xFF,0xFF,0xFF,0x70,0x00,0x9F,0xFF,0xFF,0xD0,0x00,0x00,0x00,0x00,0x02,0xFF,0xFF,0xFF,0xC0,0x00,0x9F,0xFF,0xFF,0xD0,
  0x00,0x00,0x00,0x00,0x00,0xCF,0xFF,0xFF,0xF1,0x00,0x9F,0xFF,0xFF,0xD0,0x00,0x00,0x00,0x00,0x00,0xAF,0xFF,0xFF,0xF2,0x00,
  0x9F,0xFF,0xFF,0xD0,0x00,0x00,0x00,0x00,0x00,0xCF,0xFF,0xFF,0xF1,0x00,0x9F,0xFF,0xFF,0xD0,0x00,0x00,0x00,0x00,0x02,0xFF,
  0xFF,0xFF,0xF0,0x00,0x9F,0xFF,0xFF,0xD0,0x00,0x00,0x00,0x00,0x2D,0xFF,0xFF,0xFF,0xB0,0x00,0x9F,0xFF,0xFF,0xD3,0x33,0x33,
  0x34,0x69,0xFF,0xFF,0xFF,0xFF,0x60,0x00,0x9F,0xFF,0xFF,0xFF,0xFF,0xFF,0xFF,0xFF,0xFF,0xFF,0xFF,0xFD,0x00,0x00,0x9F,0xFF,
  0xFF,0xFF,0xFF,0xFF,0xFF,0xFF,0xFF,0xFF,0xFF,0xE4,0x00,0x00,0x9F,0xFF,0xFF,0xFF,0xFF,0xFF,0xFF,0xFF,0xFF,0xFF,0xFE,0x40,
  0x00,0x00,0x9F,0xFF,0xFF,0xFF,0xFF,0xFF,0xFF,0xFF,0xFF,0xFF,0x91,0x00,0x00,0x00,0x9F,0xFF,0xFF,0xFF,0xFF,0xFF,0xFF,0xEE,
  0xC9,0x61,0x00,0x00,0x00,0x00,0x00,0x00,0x00,0x00,0x02,0x7B,0xCE,0xFE,0xDB,0x73,0x00,0x00,0x00,0x00,0x00,0x00,0x00,0x00,
  0x00,0x05,0xDF,0xFF,0xFF,0xFF,0xFF,0xFF,0xD6,0x00,0x00,0x00,0x00,0x00,0x00,0x00,0x03,0xCF,0xFF,0xFF,0xFF,0xFF,0xFF,0xFF,
  0xFF,0xC3,0x00,0x00,0x00,0x00,0x00,0x00,0x5F,0xFF,0xFF,0xFF,0xFF,0xFF,0xFF,0xFF,0xFF,0xFF,0x60,0x00,0x00,0x00,0x00,0x06,
  0xFF,0xFF,0xFF,0xFF,0xFF,0xFF,0xFF,0xFF,0xFF,0xFF,0xF6,0x00,0x00,0x00,0x00,0x4F,0xFF,0xFF,0xFF,0xFF,0xFE,0xDE,0xFF,0xFF,
  0xFF,0xFF,0xFF,0x30,0x00,0x00,0x01,0xEF,0xFF,0xFF,0xFF,0xD6,0x20,0x00,0x25,0xDF,0xFF,0xFF,0xFF,0xC0,0x00,0x00,0x09,0xFF,
  0xFF,0xFF,0xF7,0x00,0x00,0x00,0x00,0x07,0xFF,0xFF,0xFF,0xF6,0x00,0x00,0x1F,0xFF,0xFF,0xFF,0x60,0x00,0x00,0x00,0x00,0x00,
  0x8F,0xFF,0xFF,0xFC,0x00,0x00,0x8F,0xFF,0xFF,0xFA,0x00,0x00,0x00,0x00,0x00,0x00,0x0C,0xFF,0xFF,0xFF,0x30,0x00,0xCF,0xFF,
  0xFF,0xF2,0x00,0x00,0x00,0x00,0x00,0x00,0x06,0xFF,0xFF,0xFF,0x60,0x01,0xFF,0xFF,0xFF,0xB0,0x00,0x00,0x00,0x00,0x00,0x00,
  0x01,0x88,0x88,0x88,0x50,0x05,0xFF,0xFF,0xFF,0x60,0x00,0x00,0x00,0x00,0x00,0x00,0x00,0x00,0x00,0x00,0x00,0x07,0xFF,0xFF,
  0xFF,0x30,0x00,0x00,0x00,0x00,0x00,0x00,0x00,0x00,0x00,0x00,0x00,0x08,0xFF,0xFF,0xFF,0x10,0x00,0x00,0x00,0x00,0x00,0x00,
  0x00,0x00,0x00,0x00,0x00,0x09,0xFF,0xFF,0xFF,0x00,0x00,0x00,0x00,0x00,0x00,0x00,0x00,0x00,0x00,0x00,0x00,0x09,0xFF,0xFF,
  0xFF,0x00,0x00,0x00,0x00,0x00,0x00,0x00,0x00,0x00,0x00,0x00,0x00,0x08,0xFF,0xFF,0xFF,0x10,0x00,0x00,0x00,0x00,0x00,0x00,
  0x00,0x00,0x00,0x00,0x00,0x07,0xFF,0xFF,0xFF,0x30,0x00,0x00,0x00,0x00,0x00,0x00,0x00,0x00,0x00,0x00,0x00,0x05,0xFF,0xFF,
  0xFF,0x60,0x00,0x00,0x00,0x00,0x00,0x00,0x00,0x00,0x00,0x00,0x00,0x01,0xFF,0xFF,0xFF,0xA0,0x00,0x00,0x00,0x00,0x00,0x00,
  0x01,0x77,0x77,0x77,0x40,0x00,0xCF,0xFF,0xFF,0xF2,0x00,0x00,0x00,0x00,0x00,0x00,0x06,0xFF,0xFF,0xFF,0x60,0x00,0x8F,0xFF,
  0xFF,0xFA,0x00,0x00,0x00,0x00,0x00,0x00,0x0C,0xFF,0xFF,0xFF,0x30,0x00,0x2F,0xFF,0xFF,0xFF,0x60,0x00,0x00,0x00,0x00,0x00,
  0x7F,0xFF,0xFF,0xFD,0x00,0x00,0x09,0xFF,0xFF,0xFF,0xF7,0x00,0x00,0x00,0x00,0x07,0xFF,0xFF,0xFF,0xF6,0x00,0x00,0x01,0xEF,
  0xFF,0xFF,0xFF,0xC6,0x10,0x00,0x25,0xCF,0xFF,0xFF,0xFF,0xD0,0x00,0x00,0x00,0x4F,0xFF,0xFF,0xFF,0xFF,0xFE,0xDE,0xFF,0xFF,
  0xFF,0xFF,0xFF,0x30,0x00,0x00,0x00,0x06,0xFF,0xFF,0xFF,0xFF,0xFF,0xFF,0xFF,0xFF,0xFF,0xFF,0xF6,0x00,0x00,0x00,0x00,0x00,
  0x5F,0xFF,0xFF,0xFF,0xFF,0xFF,0xFF,0xFF,0xFF,0xFF,0x60,0x00,0x00,0x00,0x00,0x00,0x03,0xCF,0xFF,0xFF,0xFF,0xFF,0xFF,0xFF,
  0xFF,0xD3,0x00,0x00,0x00,0x00,0x00,0x00,0x00,0x05,0xDF,0xFF,0xFF,0xFF,0xFF,0xFF,0xD6,0x00,0x00,0x00,0x00,0x00,0x00,0x00,
  0x00,0x00,0x02,0x7B,0xCE,0xFE,0xDB,0x74,0x00,0x00,0x00,0x00,0x00,0x00,0x9F,0xFF,0xFF,0xFF,0xFF,0xFF,0xED,0xCA,0x62,0x00,
  0x00,0x00,0x00,0x00,0x00,0x09,0xFF,0xFF,0xFF,0xFF,0xFF,0xFF,0xFF,0xFF,0xFC,0x40,0x00,0x00,0x00,0x00,0x00,0x9F,0xFF,0xFF,
  0xFF,0xFF,0xFF,0xFF,0xFF,0xFF,0xFF,0xC3,0x00,0x00,0x00,0x00,0x09,0xFF,0xFF,0xFF,0xFF,0xFF,0xFF,0xFF,0xFF,0xFF,0xFF,0xE5,
  0x00,0x00,0x00,0x00,0x9F,0xFF,0xFF,0xFF,0xFF,0xFF,0xFF,0xFF,0xFF,0xFF,0xFF,0xF6,0x00,0x00,0x00,0x09,0xFF,0xFF,0xFF,0x99,
  0x99,0x9A,0xBE,0xFF,0xFF,0xFF,0xFF,0xF3,0x00,0x00,0x00,0x9F,0xFF,0xFF,0xF0,0x00,0x00,0x00,0x04,0xBF,0xFF,0xFF,0xFF,0xD1,
  0x00,0x00,0x09,0xFF,0xFF,0xFF,0x00,0x00,0x00,0x00,0x00,0x6F,0xFF,0xFF,0xFF,0x70,0x00,0x00,0x9F,0xFF,0xFF,0xF0,0x00,0x00,
  0x00,0x00,0x00,0x5F,0xFF,0xFF,0xFE,0x10,0x00,0x09,0xFF,0xFF,0xFF,0x00,0x00,0x00,0x00,0x00,0x00,0xAF,0xFF,0xFF,0xF6,0x00,
  0x00,0x9F,0xFF,0xFF,0xF0,0x00,0x00,0x00,0x00,0x00,0x03,0xFF,0xFF,0xFF,0xA0,0x00,0x09,0xFF,0xFF,0xFF,0x00,0x00,0x00,0x00,
  0x00,0x00,0x0C,0xFF,0xFF,0xFE,0x00,0x00,0x9F,0xFF,0xFF,0xF0,0x00,0x00,0x00,0x00,0x00,0x00,0x8F,0xFF,0xFF,0xF3,0x00,0x09,
  0xFF,0xFF,0xFF,0x00,0x00,0x00,0x00,0x00,0x00,0x05,0xFF,0xFF,0xFF,0x40,0x00,0x9F,0xFF,0xFF,0xF0,0x00,0x00,0x00,0x00,0x00,
  0x00,0x4F,0xFF,0xFF,0xF5,0x00,0x09,0xFF,0xFF,0xFF,0x00,0x00,0x00,0x00,0x00,0x00,0x03,0xFF,0xFF,0xFF,0x70,0x00,0x9F,0xFF,
  0xFF,0xF0,0x00,0x00,0x00,0x00,0x00,0x00,0x3F,0xFF,0xFF,0xF7,0x00,0x09,0xFF,0xFF,0xFF,0x00,0x00,0x00,0x00,0x00,0x00,0x04,
  0xFF,0xFF,0xFF,0x50,0x00,0x9F,0xFF,0xFF,0xF0,0x00,0x00,0x00,0x00,0x00,0x00,0x5F,0xFF,0xFF,0xF4,0x00,0x09,0xFF,0xFF,0xFF,
  0x00,0x00,0x00,0x00,0x00,0x00,0x08,0xFF,0xFF,0xFF,0x30,0x00,0x9F,0xFF,0xFF,0xF0,0x00,0x00,0x00,0x00,0x00,0x00,0xCF,0xFF,
  0xFF,0xE0,0x00,0x09,0xFF,0xFF,0xFF,0x00,0x00,0x00,0x00,0x00,0x00,0x3F,0xFF,0xFF,0xFA,0x00,0x00,0x9F,0xFF,0xFF,0xF0,0x00,
  0x00,0x00,0x00,0x00,0x0A,0xFF,0xFF,0xFF,0x60,0x00,0x09,0xFF,0xFF,0xFF,0x00,0x00,0x00,0x00,0x00,0x05,0xFF,0xFF,0xFF,0xE1,
  0x00,0x00,0x9F,0xFF,0xFF,0xF0,0x00,0x00,0x00,0x00,0x06,0xFF,0xFF,0xFF,0xF7,0x00,0x00,0x09,0xFF,0xFF,0xFF,0x00,0x00,0x00,
  0x00,0x4B,0xFF,0xFF,0xFF,0xFD,0x10,0x00,0x00,0x9F,0xFF,0xFF,0xF8,0x88,0x89,0xAB,0xEF,0xFF,0xFF,0xFF,0xFF,0x30,0x00,0x00,
  0x09,0xFF,0xFF,0xFF,0xFF,0xFF,0xFF,0xFF,0xFF,0xFF,0xFF,0xFF,0x60,0x00,0x00,0x00,0x9F,0xFF,0xFF,0xFF,0xFF,0xFF,0xFF,0xFF,
  0xFF,0xFF,0xFE,0x50,0x00,0x00,0x00,0x09,0xFF,0xFF,0xFF,0xFF,0xFF,0xFF,0xFF,0xFF,0xFF,0xFC,0x30,0x00,0x00,0x00,0x00,0x9F,
  0xFF,0xFF,0xFF,0xFF,0xFF,0xFF,0xFF,0xFF,0xC4,0x00,0x00,0x00,0x00,0x00,0x09,0xFF,0xFF,0xFF,0xFF,0xFF,0xFE,0xDC,0x95,0x10,
  0x00,0x00,0x00,0x00,0x00,0x00,0x9F,0xFF,0xFF,0xFF,0xFF,0xFF,0xFF,0xFF,0xFF,0xFF,0xFF,0xF5,0x00,0x09,0xFF,0xFF,0xFF,0xFF,
  0xFF,0xFF,0xFF,0xFF,0xFF,0xFF,0xFF,0x50,0x00,0x9F,0xFF,0xFF,0xFF,0xFF,0xFF,0xFF,0xFF,0xFF,0xFF,0xFF,0xF5,0x00,0x09,0xFF,
  0xFF,0xFF,0xFF,0xFF,0xFF,0xFF,0xFF,0xFF,0xFF,0xFF,0x50,0x00,0x9F,0xFF,0xFF,0xFF,0xFF,0xFF,0xFF,0xFF,0xFF,0xFF,0xFF,0xF5,
  0x00,0x09,0xFF,0xFF,0xFF,0xAA,0xAA,0xAA,0xAA,0xAA,0xAA,0xAA,0xAA,0x30,0x00,0x9F,0xFF,0xFF,0xF0,0x00,0x00,0x00,0x00,0x00,
  0x00,0x00,0x00,0x00,0x09,0xFF,0xFF,0xFF,0x00,0x00,0x00,0x00,0x00,0x00,0x00,0x00,0x00,0x00,0x9F,0xFF,0xFF,0xF0,0x00,0x00,
  0x00,0x00,0x00,0x00,0x00,0x00,0x00,0x09,0xFF,0xFF,0xFF,0x00,0x00,0x00,0x00,0x00,0x00,0x00,0x00,0x00,0x00,0x9F,0xFF,0xFF,
  0xF0,0x00,0x00,0x00,0x00,0x00,0x00,0x00,0x00,0x00,0x09,0xFF,0xFF,0xFF,0x00,0x00,0x00,0x00,0x00,0x00,0x00,0x00,0x00,0x00,
  0x9F,0xFF,0xFF,0xF0,0x00,0x00,0x00,0x00,0x00,0x00,0x00,0x00,0x00,0x09,0xFF,0xFF,0xFF,0xFF,0xFF,0xFF,0xFF,0xFF,0xFF,0xFF,
  0xF2,0x00,0x00,0x9F,0xFF,0xFF,0xFF,0xFF,0xFF,0xFF,0xFF,0xFF,0xFF,0xFF,0x20,0x00,0x09,0xFF,0xFF,0xFF,0xFF,0xFF,0xFF,0xFF,
  0xFF,0xFF,0xFF,0xF2,0x00,0x00,0x9F,0xFF,0xFF,0xFF,0xFF,0xFF,0xFF,0xFF,0xFF,0xFF,0xFF,0x20,0x00,0x09,0xFF,0xFF,0xFF,0xFF,
  0xFF,0xFF,0xFF,0xFF,0xFF,0xFF,0xF2,0x00,0x00,0x9F,0xFF,0xFF,0xF8,0x88,0x88,0x88,0x88,0x88,0x88,0x88,0x10,0x00,0x09,0xFF,
  0xFF,0xFF,0x00,0x00,0x00,0x00,0x00,0x00,0x00,0x00,0x00,0x00,0x9F,0xFF,0xFF,0xF0,0x00,0x00,0x00,0x00,0x00,0x00,0x00,0x00,
  0x00,0x09,0xFF,0xFF,0xFF,0x00,0x00,0x00,0x00,0x00,0x00,0x00,0x00,0x00,0x00,0x9F,0xFF,0xFF,0xF0,0x00,0x00,0x00,0x00,0x00,
  0x00,0x00,0x00,0x00,0x09,0xFF,0xFF,0xFF,0x00,0x00,0x00,0x00,0x00,0x00,0x00,0x00,0x00,0x00,0x9F,0xFF,0xFF,0xF0,0x00,0x00,
  0x00,0x00,0x00,0x00,0x00,0x00,0x00,0x09,0xFF,0xFF,0xFF,0x00,0x00,0x00,0x00,0x00,0x00,0x00,0x00,0x00,0x00,0x9F,0xFF,0xFF,
  0xFA,0xAA,0xAA,0xAA,0xAA,0xAA,0xAA,0xAA,0xA3,0x00,0x09,0xFF,0xFF,0xFF,0xFF,0xFF,0xFF,0xFF,0xFF,0xFF,0xFF,0xFF,0x50,0x00,
  0x9F,0xFF,0xFF,0xFF,0xFF,0xFF,0xFF,0xFF,0xFF,0xFF,0xFF,0xF5,0x00,0x09,0xFF,0xFF,0xFF,0xFF,0xFF,0xFF,0xFF,0xFF,0xFF,0xFF,
  0xFF,0x50,0x00,0x9F,0xFF,0xFF,0xFF,0xFF,0xFF,0xFF,0xFF,0xFF,0xFF,0xFF,0xF5,0x00,0x09,0xFF,0xFF,0xFF,0xFF,0xFF,0xFF,0xFF,
  0xFF,0xFF,0xFF,0xFF,0x50,0x00,0x9F,0xFF,0xFF,0xFF,0xFF,0xFF,0xFF,0xFF,0xFF,0xFF,0xFF,0xA0,0x00,0x9F,0xFF,0xFF,0xFF,0xFF,
  0xFF,0xFF,0xFF,0xFF,0xFF,0xFF,0xA0,0x00,0x9F,0xFF,0xFF,0xFF,0xFF,0xFF,0xFF,0xFF,0xFF,0xFF,0xFF,0xA0,0x00,0x9F,0xFF,0xFF,
  0xFF,0xFF,0xFF,0xFF,0xFF,0xFF,0xFF,0xFF,0xA0,0x00,0x9F,0xFF,0xFF,0xFF,0xFF,0xFF,0xFF,0xFF,0xFF,0xFF,0xFF,0xA0,0x00,0x9F,
  0xFF,0xFF,0xFA,0xAA,0xAA,0xAA,0xAA,0xAA,0xAA,0xAA,0x60,0x00,0x9F,0xFF,0xFF,0xF0,0x00,0x00,0x00,0x00,0x00,0x00,0x00,0x00,
  0x00,0x9F,0xFF,0xFF,0xF0,0x00,0x00,0x00,0x00,0x00,0x00,0x00,0x00,0x00,0x9F,0xFF,0xFF,0xF0,0x00,0x00,0x00,0x00,0x00,0x00,
  0x00,0x00,0x00,0x9F,0xFF,0xFF,0xF0,0x00,0x00,0x00,0x00,0x00,0x00,0x00,0x00,0x00,0x9F,0xFF,0xFF,0xF0,0x00,0x00,0x00,0x00,
  0x00,0x00,0x00,0x00,0x00,0x9F,0xFF,0xFF,0xF0,0x00,0x00,0x00,0x00,0x00,0x00,0x00,0x00,0x00,0x9F,0xFF,0xFF,0xF0,0x00,0x00,
  0x00,0x00,0x00,0x00,0x00,0x00,0x00,0x9F,0xFF,0xFF,0xF7,0x77,0x77,0x77,0x77,0x77,0x77,0x74,0x00,0x00,0x9F,0xFF,0xFF,0xFF,
  0xFF,0xFF,0xFF,0xFF,0xFF,0xFF,0xF8,0x00,0x00,0x9F,0xFF,0xFF,0xFF,0xFF,0xFF,0xFF,0xFF,0xFF,0xFF,0xF8,0x00,0x00,0x9F,0xFF,
  0xFF,0xFF,0xFF,0xFF,0xFF,0xFF,0xFF,0xFF,0xF8,0x00,0x00,0x9F,0xFF,0xFF,0xFF,0xFF,0xFF,0xFF,0xFF,0xFF,0xFF,0xF8,0x00,0x00,
  0x9F,0xFF,0xFF,0xFF,0xFF,0xFF,0xFF,0xFF,0xFF,0xFF,0xF8,0x00,0x00,0x9F,0xFF,0xFF,0xF0,0x00,0x00,0x00,0x00,0x00,0x00,0x00,
  0x00,0x00,0x9F,0xFF,0xFF,0xF0,0x00,0x00,0x00,0x00,0x00,0x00,0x00,0x00,0x00,0x9F,0xFF,0xFF,0xF0,0x00,0x00,0x00,0x00,0x00,
  0x00,0x00,0x00,0x00,0x9F,0xFF,0xFF,0xF0,0x00,0x00,0x00,0x00,0x00,0x00,0x00,0x00,0x00,0x9F,0xFF,0xFF,0xF0,0x00,0x00,0x00,
  0x00,0x00,0x00,0x00,0x00,0x00,0x9F,0xFF,0xFF,0xF0,0x00,0x00,0x00,0x00,0x00,0x00,0x00,0x00,0x00,0x9F,0xFF,0xFF,0xF0,0x00,
  0x00,0x00,0x00,0x00,0x00,0x00,0x00,0x00,0x9F,0xFF,0xFF,0xF0,0x00,0x00,0x00,0x00,0x00,0x00,0x00,0x00,0x00,0x9F,0xFF,0xFF,
  0xF0,0x00,0x00,0x00,0x00,0x00,0x00,0x00,0x00,0x00,0x9F,0xFF,0xFF,0xF0,0x00,0x00,0x00,0x00,0x00,0x00,0x00,0x00,0x00,0x9F,
  0xFF,0xFF,0xF0,0x00,0x00,0x00,0x00,0x00,0x00,0x00,0x00,0x00,0x9F,0xFF,0xFF,0xF0,0x00,0x00,0x00,0x00,0x00,0x00,0x00,0x00,
  0x00,0x9F,0xFF,0xFF,0xF0,0x00,0x00,0x00,0x00,0x00,0x00,0x00,0x00,0x00,0x00,0x00,0x00,0x00,0x02,0x7B,0xCE,0xFE,0xDB,0x73,
  0x00,0x00,0x00,0x00,0x00,0x00,0x00,0x00,0x00,0x05,0xDF,0xFF,0xFF,0xFF,0xFF,0xFF,0xC6,0x00,0x00,0x00,0x00,0x00,0x00,0x00,
  0x03,0xCF,0xFF,0xFF,0xFF,0xFF,0xFF,0xFF,0xFF,0xC3,0x00,0x00,0x00,0x00,0x00,0x00,0x5E,0xFF,0xFF,0xFF,0xFF,0xFF,0xFF,0xFF,
  0xFF,0xFF,0x60,0x00,0x00,0x00,0x00,0x06,0xFF,0xFF,0xFF,0xFF,0xFF,0xFF,0xFF,0xFF,0xFF,0xFF,0xF7,0x00,0x00,0x00,0x00,0x4F,
  0xFF,0xFF,0xFF,0xFF,0xFE,0xDE,0xFF,0xFF,0xFF,0xFF,0xFF,0x40,0x00,0x00,0x01,0xEF,0xFF,0xFF,0xFF,0xD6,0x20,0x00,0x15,0xCF,
  0xFF,0xFF,0xFF,0xE1,0x00,0x00,0x08,0xFF,0xFF,0xFF,0xF7,0x00,0x00,0x00,0x00,0x06,0xFF,0xFF,0xFF,0xF7,0x00,0x00,0x1E,0xFF,
  0xFF,0xFF,0x60,0x00,0x00,0x00,0x00,0x00,0x6F,0xFF,0xFF,0xFE,0x00,0x00,0x8F,0xFF,0xFF,0xFA,0x00,0x00,0x00,0x00,0x00,0x00,
  0x0C,0xFF,0xFF,0xFF,0x30,0x00,0xCF,0xFF,0xFF,0xF2,0x00,0x00,0x00,0x00,0x00,0x00,0x05,0xEE,0xEE,0xEE,0x60,0x01,0xFF,0xFF,
  0xFF,0xB0,0x00,0x00,0x00,0x00,0x00,0x00,0x00,0x00,0x00,0x00,0x00,0x05,0xFF,0xFF,0xFF,0x60,0x00,0x00,0x00,0x00,0x00,0x00,
  0x00,0x00,0x00,0x00,0x00,0x07,0xFF,0xFF,0xFF,0x30,0x00,0x00,0x00,0x00,0x00,0x00,0x00,0x00,0x00,0x00,0x00,0x08,0xFF,0xFF,
  0xFF,0x10,0x00,0x00,0x00,0x00,0x00,0x00,0x00,0x00,0x00,0x00,0x00,0x09,0xFF,0xFF,0xFF,0x00,0x00,0x00,0x00,0x0A,0xFF,0xFF,
  0xFF,0xFF,0xFF,0xFF,0xB0,0x09,0xFF,0xFF,0xFF,0x00,0x00,0x00,0x00,0x0A,0xFF,0xFF,0xFF,0xFF,0xFF,0xFF,0xB0,0x08,0xFF,0xFF,
  0xFF,0x10,0x00,0x00,0x00,0x0A,0xFF,0xFF,0xFF,0xFF,0xFF,0xFF,0xB0,0x07,0xFF,0xFF,0xFF,0x30,0x00,0x00,0x00,0x0A,0xFF,0xFF,
  0xFF,0xFF,0xFF,0xFF,0xB0,0x05,0xFF,0xFF,0xFF,0x60,0x00,0x00,0x00,0x0A,0xFF,0xFF,0xFF,0xFF,0xFF,0xFF,0xB0,0x01,0xFF,0xFF,
  0xFF,0xA0,0x00,0x00,0x00,0x00,0x00,0x00,0x00,0xCF,0xFF,0xFF,0x90,0x00,0xCF,0xFF,0xFF,0xF2,0x00,0x00,0x00,0x00,0x00,0x00,
  0x00,0xEF,0xFF,0xFF,0x80,0x00,0x8F,0xFF,0xFF,0xFA,0x00,0x00,0x00,0x00,0x00,0x00,0x05,0xFF,0xFF,0xFF,0x40,0x00,0x1F,0xFF,
  0xFF,0xFF,0x60,0x00,0x00,0x00,0x00,0x00,0x2E,0xFF,0xFF,0xFE,0x00,0x00,0x09,0xFF,0xFF,0xFF,0xF7,0x00,0x00,0x00,0x00,0x03,
  0xDF,0xFF,0xFF,0xF8,0x00,0x00,0x01,0xEF,0xFF,0xFF,0xFF,0xD6,0x20,0x00,0x14,0xAF,0xFF,0xFF,0xFF,0xE1,0x00,0x00,0x00,0x4F,
  0xFF,0xFF,0xFF,0xFF,0xFE,0xDE,0xFF,0xFF,0xFF,0xFF,0xFF,0x60,0x00,0x00,0x00,0x07,0xFF,0xFF,0xFF,0xFF,0xFF,0xFF,0xFF,0xFF,
  0xFF,0xFF,0xF8,0x00,0x00,0x00,0x00,0x00,0x5F,0xFF,0xFF,0xFF,0xFF,0xFF,0xFF,0xFF,0xFF,0xFF,0x80,0x00,0x00,0x00,0x00,0x00,
  0x03,0xCF,0xFF,0xFF,0xFF,0xFF,0xFF,0xFF,0xFF,0xE4,0x00,0x00,0x00,0x00,0x00,0x00,0x00,0x05,0xDF,0xFF,0xFF,0xFF,0xFF,0xFF,
  0xE7,0x10,0x00,0x00,0x00,0x00,0x00,0x00,0x00,0x00,0x02,0x7B,0xCE,0xFE,0xDB,0x84,0x00,0x00,0x00,0x00,0x00,0x00,0x9F,0xFF,
  0xFF,0xF0,0x00,0x00,0x00,0x00,0x00,0x00,0x6F,0xFF,0xFF,0xF3,0x00,0x00,0x9F,0xFF,0xFF,0xF0,0x00,0x00,0x00,0x00,0x00,0x00,
  0x6F,0xFF,0xFF,0xF3,0x00,0x00,0x9F,0xFF,0xFF,0xF0,0x00,0x00,0x00,0x00,0x00,0x00,0x6F,0xFF,0xFF,0xF3,0x00,0x00,0x9F,0xFF,
  0xFF,0xF0,0x00,0x00,0x00,0x00,0x00,0x00,0x6F,0xFF,0xFF,0xF3,0x00,0x00,0x9F,0xFF,0xFF,0xF0,0x00,0x00,0x00,0x00,0x00,0x00,
  0x6F,0xFF,0xFF,0xF3,0x00,0x00,0x9F,0xFF,0xFF,0xF0,0x00,0x00,0x00,0x00,0x00,0x00,0x6F,0xFF,0xFF,0xF3,0x00,0x00,0x9F,0xFF,
  0xFF,0xF0,0x00,0x00,0x00,0x00,0x00,0x00,0x6F,0xFF,0xFF,0xF3,0x00,0x00,0x9F,0xFF,0xFF,0xF0,0x00,0x00,0x00,0x00,0x00,0x00,
  0x6F,0xFF,0xFF,0xF3,0x00,0x00,0x9F,0xFF,0xFF,0xF0,0x00,0x00,0x00,0x00,0x00,0x00,0x6F,0xFF,0xFF,0xF3,0x00,0x00,0x9F,0xFF,
  0xFF,0xF0,0x00,0x00,0x00,0x00,0x00,0x00,0x6F,0xFF,0xFF,0xF3,0x00,0x00,0x9F,0xFF,0xFF,0xF0,0x00,0x00,0x00,0x00,0x00,0x00,
  0x6F,0xFF,0xFF,0xF3,0x00,0x00,0x9F,0xFF,0xFF,0xF0,0x00,0x00,0x00,0x00,0x00,0x00,0x6F,0xFF,0xFF,0xF3,0x00,0x00,0x9F,0xFF,
  0xFF,0xF0,0x00,0x00,0x00,0x00,0x00,0x00,0x6F,0xFF,0xFF,0xF3,0x00,0x00,0x9F,0xFF,0xFF,0xFF,0xFF,0xFF,0xFF,0xFF,0xFF,0xFF,
  0xFF,0xFF,0xFF,0xF3,0x00,0x00,0x9F,0xFF,0xFF,0xFF,0xFF,0xFF,0xFF,0xFF,0xFF,0xFF,0xFF,0xFF,0xFF,0xF3,0x00,0x00,0x9F,0xFF,
  0xFF,0xFF,0xFF,0xFF,0xFF,0xFF,0xFF,0xFF,0xFF,0xFF,0xFF,0xF3,0x00,0x00,0x9F,0xFF,0xFF,0xFF,0xFF,0xFF,0xFF,0xFF,0xFF,0xFF,
  0xFF,0xFF,0xFF,0xF3,0x00,0x00,0x9F,0xFF,0xFF,0xFF,0xFF,0xFF,0xFF,0xFF,0xFF,0xFF,0xFF,0xFF,0xFF,0xF3,0x00,0x00,0x9F,0xFF,
  0xFF,0xFA,0xAA,0xAA,0xAA,0xAA,0xAA,0xAA,0xCF,0xFF,0xFF,0xF3,0x00,0x00,0x9F,0xFF,0xFF,0xF0,0x00,0x00,0x00,0x00,0x00,0x00,
  0x6F,0xFF,0xFF,0xF3,0x00,0x00,0x9F,0xFF,0xFF,0xF0,0x00,0x00,0x00,0x00,0x00,0x00,0x6F,0xFF,0xFF,0xF3,0x00,0x00,0x9F,0xFF,
  0xFF,0xF0,0x00,0x00,0x00,0x00,0x00,0x00,0x6F,0xFF,0xFF,0xF3,0x00,0x00,0x9F,0xFF,0xFF,0xF0,0x00,0x00,0x00,0x00,0x00,0x00,
  0x6F,0xFF,0xFF,0xF3,0x00,0x00,0x9F,0xFF,0xFF,0xF0,0x00,0x00,0x00,0x00,0x00,0x00,0x6F,0xFF,0xFF,0xF3,0x00,0x00,0x9F,0xFF,
  0xFF,0xF0,0x00,0x00,0x00,0x00,0x00,0x00,0x6F,0xFF,0xFF,0xF3,0x00,0x00,0x9F,0xFF,0xFF,0xF0,0x00,0x00,0x00,0x00,0x00,0x00,
  0x6F,0xFF,0xFF,0xF3,0x00,0x00,0x9F,0xFF,0xFF,0xF0,0x00,0x00,0x00,0x00,0x00,0x00,0x6F,0xFF,0xFF,0xF3,0x00,0x00,0x9F,0xFF,
  0xFF,0xF0,0x00,0x00,0x00,0x00,0x00,0x00,0x6F,0xFF,0xFF,0xF3,0x00,0x00,0x9F,0xFF,0xFF,0xF0,0x00,0x00,0x00,0x00,0x00,0x00,
  0x6F,0xFF,0xFF,0xF3,0x00,0x00,0x9F,0xFF,0xFF,0xF0,0x00,0x00,0x00,0x00,0x00,0x00,0x6F,0xFF,0xFF,0xF3,0x00,0x00,0x9F,0xFF,
  0xFF,0xF0,0x00,0x00,0x00,0x00,0x00,0x00,0x6F,0xFF,0xFF,0xF3,0x00,0x00,0x9F,0xFF,0xFF,0xF0,0x00,0x00,0x00,0x00,0x00,0x00,
  0x6F,0xFF,0xFF,0xF3,0x00,0x00,0x9F,0xFF,0xFF,0xF0,0x00,0x09,0xFF,0xFF,0xFF,0x00,0x00,0x9F,0xFF,0xFF,0xF0,0x00,0x09,0xFF,
  0xFF,0xFF,0x00,0x00,0x9F,0xFF,0xFF,0xF0,0x00,0x09,0xFF,0xFF,0xFF,0x00,0x00,0x9F,0xFF,0xFF,0xF0,0x00,0x09,0xFF,0xFF,0xFF,
  0x00,0x00,0x9F,0xFF,0xFF,0xF0,0x00,0x09,0xFF,0xFF,0xFF,0x00,0x00,0x9F,0xFF,0xFF,0xF0,0x00,0x09,0xFF,0xFF,0xFF,0x00,0x00,
  0x9F,0xFF,0xFF,0xF0,0x00,0x09,0xFF,0xFF,0xFF,0x00,0x00,0x9F,0xFF,0xFF,0xF0,0x00,0x09,0xFF,0xFF,0xFF,0x00,0x00,0x9F,0xFF,
  0xFF,0xF0,0x00,0x09,0xFF,0xFF,0xFF,0x00,0x00,0x9F,0xFF,0xFF,0xF0,0x00,0x09,0xFF,0xFF,0xFF,0x00,0x00,0x9F,0xFF,0xFF,0xF0,
  0x00,0x09,0xFF,0xFF,0xFF,0x00,0x00,0x9F,0xFF,0xFF,0xF0,0x00,0x09,0xFF,0xFF,0xFF,0x00,0x00,0x9F,0xFF,0xFF,0xF0,0x00,0x09,
  0xFF,0xFF,0xFF,0x00,0x00,0x9F,0xFF,0xFF,0xF0,0x00,0x09,0xFF,0xFF,0xFF,0x00,0x00,0x9F,0xFF,0xFF,0xF0,0x00,0x09,0xFF,0xFF,
  0xFF,0x00,0x00,0x9F,0xFF,0xFF,0xF0,0x00,0x09,0xFF,0xFF,0xFF,0x00,0x00,0x00,0x00,0x00,0x00,0x00,0x00,0x03,0xFF,0xFF,0xFF,
  0x60,0x00,0x00,0x00,0x00,0x00,0x00,0x00,0x00,0x3F,0xFF,0xFF,0xF6,0x00,0x00,0x00,0x00,0x00,0x00,0x00,0x00,0x03,0xFF,0xFF,
  0xFF,0x60,0x00,0x00,0x00,0x00,0x00,0x00,0x00,0x00,0x3F,0xFF,0xFF,0xF6,0x00,0x00,0x00,0x00,0x00,0x00,0x00,0x00,0x03,0xFF,
  0xFF,0xFF,0x60,0x00,0x00,0x00,0x00,0x00,0x00,0x00,0x00,0x3F,0xFF,0xFF,0xF6,0x00,0x00,0x00,0x00,0x00,0x00,0x00,0x00,0x03,
  0xFF,0xFF,0xFF,0x60,0x00,0x00,0x00,0x00,0x00,0x00,0x00,0x00,0x3F,0xFF,0xFF,0xF6,0x00,0x00,0x00,0x00,0x00,0x00,0x00,0x00,
  0x03,0xFF,0xFF,0xFF,0x60,0x00,0x00,0x00,0x00,0x00,0x00,0x00,0x00,0x3F,0xFF,0xFF,0xF6,0x00,0x00,0x00,0x00,0x00,0x00,0x00,
  0x00,0x03,0xFF,0xFF,0xFF,0x60,0x00,0x00,0x00,0x00,0x00,0x00,0x00,0x00,0x3F,0xFF,0xFF,0xF6,0x00,0x00,0x00,0x00,0x00,0x00,
  0x00,0x00,0x03,0xFF,0xFF,0xFF,0x60,0x00,0x00,0x00,0x00,0x00,0x00,0x00,0x00,0x3F,0xFF,0xFF,0xF6,0x00,0x00,0x00,0x00,0x00,
  0x00,0x00,0x00,0x03,0xFF,0xFF,0xFF,0x60,0x00,0x00,0x00,0x00,0x00,0x00,0x00,0x00,0x3F,0xFF,0xFF,0xF6,0x00,0x00,0x00,0x00,
  0x00,0x00,0x00,0x00,0x03,0xFF,0xFF,0xFF,0x60,0x00,0x00,0x00,0x00,0x00,0x00,0x00,0x00,0x3F,0xFF,0xFF,0xF6,0x00,0x00,0x00,
  0x00,0x00,0x00,0x00,0x00,0x03,0xFF,0xFF,0xFF,0x60,0x00,0x23,0x33,0x33,0x10,0x00,0x00,0x00,0x3F,0xFF,0xFF,0xF6,0x00,0x0B,
  0xFF,0xFF,0xF7,0x00,0x00,0x00,0x03,0xFF,0xFF,0xFF,0x60,0x00,0xBF,0xFF,0xFF,0x70,0x00,0x00,0x00,0x3F,0xFF,0xFF,0xF6,0x00,
  0x0A,0xFF,0xFF,0xF8,0x00,0x00,0x00,0x04,0xFF,0xFF,0xFF,0x60,0x00,0x9F,0xFF,0xFF,0xB0,0x00,0x00,0x00,0x6F,0xFF,0xFF,0xF4,
  0x00,0x07,0xFF,0xFF,0xFF,0x20,0x00,0x00,0x0C,0xFF,0xFF,0xFF,0x20,0x00,0x3F,0xFF,0xFF,0xFC,0x20,0x00,0x19,0xFF,0xFF,0xFF,
  0xD0,0x00,0x00,0xDF,0xFF,0xFF,0xFF,0xB9,0xBE,0xFF,0xFF,0xFF,0xF8,0x00,0x00,0x06,0xFF,0xFF,0xFF,0xFF,0xFF,0xFF,0xFF,0xFF,
  0xFE,0x10,0x00,0x00,0x0A,0xFF,0xFF,0xFF,0xFF,0xFF,0xFF,0xFF,0xFF,0x50,0x00,0x00,0x00,0x1B,0xFF,0xFF,0xFF,0xFF,0xFF,0xFF,
  0xFF,0x60,0x00,0x00,0x00,0x00,0x07,0xEF,0xFF,0xFF,0xFF,0xFF,0xFC,0x30,0x00,0x00,0x00,0x00,0x00,0x00,0x59,0xCE,0xFE,0xDB,
  0x83,0x00,0x00,0x00,0x00,0x00,0x9F,0xFF,0xFF,0xF0,0x00,0x00,0x00,0x00,0x00,0x0B,0xFF,0xFF,0xFF,0xE3,0x00,0x9F,0xFF,0xFF,
  0xF0,0x00,0x00,0x00,0x00,0x00,0x9F,0xFF,0xFF,0xFF,0x40,0x00,0x9F,0xFF,0xFF,0xF0,0x00,0x00,0x00,0x00,0x07,0xFF,0xFF,0xFF,
  0xF6,0x00,0x00,0x9F,0xFF,0xFF,0xF0,0x00,0x00,0x00,0x00,0x5F,0xFF,0xFF,0xFF,0x80,0x00,0x00,0x9F,0xFF,0xFF,0xF0,0x00,0x00,
  0x00,0x03,0xFF,0xFF,0xFF,0xFA,0x00,0x00,0x00,0x9F,0xFF,0xFF,0xF0,0x00,0x00,0x00,0x2E,0xFF,0xFF,0xFF,0xC1,0x00,0x00,0x00,
  0x9F,0xFF,0xFF,0xF0,0x00,0x00,0x01,0xDF,0xFF,0xFF,0xFD,0x10,0x00,0x00,0x00,0x9F,0xFF,0xFF,0xF0,0x00,0x00,0x0B,0xFF,0xFF,
  0xFF,0xE2,0x00,0x00,0x00,0x00,0x9F,0xFF,0xFF,0xF0,0x00,0x00,0x9F,0xFF,0xFF,0xFF,0x40,0x00,0x00,0x00,0x00,0x9F,0xFF,0xFF,
  0xF0,0x00,0x07,0xFF,0xFF,0xFF,0xF5,0x00,0x00,0x00,0x00,0x00,0x9F,0xFF,0xFF,0xF0,0x00,0x5F,0xFF,0xFF,0xFF,0x70,0x00,0x00,
  0x00,0x00,0x00,0x9F,0xFF,0xFF,0xF0,0x03,0xEF,0xFF,0xFF,0xF9,0x00,0x00,0x00,0x00,0x00,0x00,0x9F,0xFF,0xFF,0xF0,0x1D,0xFF,
  0xFF,0xFF,0xB0,0x00,0x00,0x00,0x00,0x00,0x00,0x9F,0xFF,0xFF,0xF0,0xCF,0xFF,0xFF,0xFD,0x10,0x00,0x00,0x00,0x00,0x00,0x00,
  0x9F,0xFF,0xFF,0xFA,0xFF,0xFF,0xFF,0xFE,0x20,0x00,0x00,0x00,0x00,0x00,0x00,0x9F,0xFF,0xFF,0xFF,0xFF,0xFF,0xFF,0xFF,0xB0,
  0x00,0x00,0x00,0x00,0x00,0x00,0x9F,0xFF,0xFF,0xFF,0xFF,0xFF,0xFF,0xFF,0xF6,0x00,0x00,0x00,0x00,0x00,0x00,0x9F,0xFF,0xFF,
  0xFF,0xFF,0xFF,0xFF,0xFF,0xFE,0x20,0x00,0x00,0x00,0x00,0x00,0x9F,0xFF,0xFF,0xFF,0xFF,0xEA,0xFF,0xFF,0xFF,0xB0,0x00,0x00,
  0x00,0x00,0x00,0x9F,0xFF,0xFF,0xFF,0xFF,0x31,0xEF,0xFF,0xFF,0xF6,0x00,0x00,0x00,0x00,0x00,0x9F,0xFF,0xFF,0xFF,0xF5,0x00,
  0x5F,0xFF,0xFF,0xFE,0x20,0x00,0x00,0x00,0x00,0x9F,0xFF,0xFF,0xFF,0x70,0x00,0x0A,0xFF,0xFF,0xFF,0xC0,0x00,0x00,0x00,0x00,
  0x9F,0xFF,0xFF,0xF9,0x00,0x00,0x01,0xEF,0xFF,0xFF,0xF7,0x00,0x00,0x00,0x00,0x9F,0xFF,0xFF,0xF0,0x00,0x00,0x00,0x5F,0xFF,
  0xFF,0xFF,0x30,0x00,0x00,0x00,0x9F,0xFF,0xFF,0xF0,0x00,0x00,0x00,0x0A,0xFF,0xFF,0xFF,0xC0,0x00,0x00,0x00,0x9F,0xFF,0xFF,
  0xF0,0x00,0x00,0x00,0x01,0xEF,0xFF,0xFF,0xF7,0x00,0x00,0x00,0x9F,0xFF,0xFF,0xF0,0x00,0x00,0x00,0x00,0x5F,0xFF,0xFF,0xFF,
  0x30,0x00,0x00,0x9F,0xFF,0xFF,0xF0,0x00,0x00,0x00,0x00,0x0A,0xFF,0xFF,0xFF,0xC0,0x00,0x00,0x9F,0xFF,0xFF,0xF0,0x00,0x00,
  0x00,0x00,0x02,0xEF,0xFF,0xFF,0xF8,0x00,0x00,0x9F,0xFF,0xFF,0xF0,0x00,0x00,0x00,0x00,0x00,0x6F,0xFF,0xFF,0xFF,0x30,0x00,
  0x9F,0xFF,0xFF,0xF0,0x00,0x00,0x00,0x00,0x00,0x0B,0xFF,0xFF,0xFF,0xD1,0x00,0x9F,0xFF,0xFF,0xF0,0x00,0x00,0x00,0x00,0x00,
  0x02,0xEF,0xFF,0xFF,0xF8,0x00,0x9F,0xFF,0xFF,0xF0,0x00,0x00,0x00,0x00,0x00,0x00,0x00,0x00,0x09,0xFF,0xFF,0xFF,0x00,0x00,
  0x00,0x00,0x00,0x00,0x00,0x00,0x00,0x9F,0xFF,0xFF,0xF0,0x00,0x00,0x00,0x00,0x00,0x00,0x00,0x00,0x09,0xFF,0xFF,0xFF,0x00,
  0x00,0x00,0x00,0x00,0x00,0x00,0x00,0x00,0x9F,0xFF,0xFF,0xF0,0x00,0x00,0x00,0x00,0x00,0x00,0x00,0x00,0x09,0xFF,0xFF,0xFF,
  0x00,0x00,0x00,0x00,0x00,0x00,0x00,0x00,0x00,0x9F,0xFF,0xFF,0xF0,0x00,0x00,0x00,0x00,0x00,0x00,0x00,0x00,0x09,0xFF,0xFF,
  0xFF,0x00,0x00,0x00,0x00,0x00,0x00,0x00,0x00,0x00,0x9F,0xFF,0xFF,0xF0,0x00,0x00,0x00,0x00,0x00,0x00,0x00,0x00,0x09,0xFF,
  0xFF,0xFF,0x00,0x00,0x00,0x00,0x00,0x00,0x00,0x00,0x00,0x9F,0xFF,0xFF,0xF0,0x00,0x00,0x00,0x00,0x00,0x00,0x00,0x00,0x09,
  0xFF,0xFF,0xFF,0x00,0x00,0x00,0x00,0x00,0x00,0x00,0x00,0x00,0x9F,0xFF,0xFF,0xF0,0x00,0x00,0x00,0x00,0x00,0x00,0x00,0x00,
  0x09,0xFF,0xFF,0xFF,0x00,0x00,0x00,0x00,0x00,0x00,0x00,0x00,0x00,0x9F,0xFF,0xFF,0xF0,0x00,0x00,0x00,0x00,0x00,0x00,0x00,
  0x00,0x09,0xFF,0xFF,0xFF,0x00,0x00,0x00,0x00,0x00,0x00,0x00,0x00,0x00,0x9F,0xFF,0xFF,0xF0,0x00,0x00,0x00,0x00,0x00,0x00,
  0x00,0x00,0x09,0xFF,0xFF,0xFF,0x00,0x00,0x00,0x00,0x00,0x00,0x00,0x00,0x00,0x9F,0xFF,0xFF,0xF0,0x00,0x00,0x00,0x00,0x00,
  0x00,0x00,0x00,0x09,0xFF,0xFF,0xFF,0x00,0x00,0x00,0x00,0x00,0x00,0x00,0x00,0x00,0x9F,0xFF,0xFF,0xF0,0x00,0x00,0x00,0x00,
  0x00,0x00,0x00,0x00,0x09,0xFF,0xFF,0xFF,0x00,0x00,0x00,0x00,0x00,0x00,0x00,0x00,0x00,0x9F,0xFF,0xFF,0xF0,0x00,0x00,0x00,
  0x00,0x00,0x00,0x00,0x00,0x09,0xFF,0xFF,0xFF,0x00,0x00,0x00,0x00,0x00,0x00,0x00,0x00,0x00,0x9F,0xFF,0xFF,0xF0,0x00,0x00,
  0x00,0x00,0x00,0x00,0x00,0x00,0x09,0xFF,0xFF,0xFF,0x00,0x00,0x00,0x00,0x00,0x00,0x00,0x00,0x00,0x9F,0xFF,0xFF,0xFA,0xAA,
  0xAA,0xAA,0xAA,0xAA,0xAA,0xA6,0x00,0x09,0xFF,0xFF,0xFF,0xFF,0xFF,0xFF,0xFF,0xFF,0xFF,0xFF,0x80,0x00,0x9F,0xFF,0xFF,0xFF,
  0xFF,0xFF,0xFF,0xFF,0xFF,0xFF,0xF8,0x00,0x09,0xFF,0xFF,0xFF,0xFF,0xFF,0xFF,0xFF,0xFF,0xFF,0xFF,0x80,0x00,0x9F,0xFF,0xFF,
  0xFF,0xFF,0xFF,0xFF,0xFF,0xFF,0xFF,0xF8,0x00,0x09,0xFF,0xFF,0xFF,0xFF,0xFF,0xFF,0xFF,0xFF,0xFF,0xFF,0x80,0x00,0x9F,0xFF,
  0xFF,0xFF,0xFF,0x30,0x00,0x00,0x00,0x00,0x00,0x00,0x0D,0xFF,0xFF,0xFF,0xFF,0xE0,0x00,0x09,0xFF,0xFF,0xFF,0xFF,0xF8,0x00,
  0x00,0x00,0x00,0x00,0x00,0x04,0xFF,0xFF,0xFF,0xFF,0xFE,0x00,0x00,0x9F,0xFF,0xFF,0xFF,0xFF,0xE0,0x00,0x00,0x00,0x00,0x00,
  0x00,0x9F,0xFF,0xFF,0xFF,0xFF,0xE0,0x00,0x09,0xFF,0xFF,0xFF,0xFF,0xFF,0x40,0x00,0x00,0x00,0x00,0x00,0x0E,0xFF,0xFF,0xFF,
  0xFF,0xFE,0x00,0x00,0x9F,0xFF,0xFF,0xFF,0xFF,0xF9,0x00,0x00,0x00,0x00,0x00,0x04,0xFF,0xFF,0xFF,0xFF,0xFF,0xE0,0x00,0x09,
  0xFF,0xFF,0xFF,0xFF,0xFF,0xE0,0x00,0x00,0x00,0x00,0x00,0xAF,0xFF,0xFF,0xFF,0xFF,0xFE,0x00,0x00,0x9F,0xFF,0xFF,0xFF,0xFF,
  0xFF,0x50,0x00,0x00,0x00,0x00,0x1E,0xFF,0xFF,0xFF,0xFF,0xFF,0xE0,0x00,0x09,0xFF,0xFF,0xFF,0xFF,0xFF,0xFA,0x00,0x00,0x00,
  0x00,0x05,0xFF,0xFF,0xFE,0xFF,0xFF,0xFE,0x00,0x00,0x9F,0xFF,0xFF,0xCF,0xFF,0xFF,0xF1,0x00,0x00,0x00,0x00,0xAF,0xFF,0xFF,
  0xAF,0xFF,0xFF,0xE0,0x00,0x09,0xFF,0xFF,0xFB,0xCF,0xFF,0xFF,0x60,0x00,0x00,0x00,0x1F,0xFF,0xFF,0xF6,0xFF,0xFF,0xFE,0x00,
  0x00,0x9F,0xFF,0xFF,0xB7,0xFF,0xFF,0xFB,0x00,0x00,0x00,0x06,0xFF,0xFF,0xFB,0x6F,0xFF,0xFF,0xE0,0x00,0x09,0xFF,0xFF,0xFC,
  0x2F,0xFF,0xFF,0xF2,0x00,0x00,0x00,0xBF,0xFF,0xFF,0x67,0xFF,0xFF,0xFE,0x00,0x00,0x9F,0xFF,0xFF,0xC0,0xDF,0xFF,0xFF,0x70,
  0x00,0x00,0x1F,0xFF,0xFF,0xF2,0x7F,0xFF,0xFF,0xE0,0x00,0x09,0xFF,0xFF,0xFC,0x08,0xFF,0xFF,0xFC,0x00,0x00,0x07,0xFF,0xFF,
  0xFC,0x07,0xFF,0xFF,0xFE,0x00,0x00,0x9F,0xFF,0xFF,0xC0,0x4F,0xFF,0xFF,0xF2,0x00,0x00,0xCF,0xFF,0xFF,0x80,0x8F,0xFF,0xFF,
  0xE0,0x00,0x09,0xFF,0xFF,0xFD,0x00,0xEF,0xFF,0xFF,0x70,0x00,0x2F,0xFF,0xFF,0xF3,0x08,0xFF,0xFF,0xFE,0x00,0x00,0x9F,0xFF,
  0xFF,0xD0,0x09,0xFF,0xFF,0xFC,0x00,0x06,0xFF,0xFF,0xFD,0x00,0x8F,0xFF,0xFF,0xE0,0x00,0x09,0xFF,0xFF,0xFD,0x00,0x4F,0xFF,
  0xFF,0xF2,0x00,0xBF,0xFF,0xFF,0x80,0x08,0xFF,0xFF,0xFE,0x00,0x00,0x9F,0xFF,0xFF,0xD0,0x00,0xDF,0xFF,0xFF,0x60,0x1F,0xFF,
  0xFF,0xF2,0x00,0x8F,0xFF,0xFF,0xE0,0x00,0x09,0xFF,0xFF,0xFD,0x00,0x08,0xFF,0xFF,0xFA,0x05,0xFF,0xFF,0xFC,0x00,0x08,0xFF,
  0xFF,0xFE,0x00,0x00,0x9F,0xFF,0xFF,0xD0,0x00,0x2F,0xFF,0xFF,0xE0,0x9F,0xFF,0xFF,0x70,0x00,0x8F,0xFF,0xFF,0xE0,0x00,0x09,
  0xFF,0xFF,0xFD,0x00,0x00,0xCF,0xFF,0xFF,0x4D,0xFF,0xFF,0xF2,0x00,0x08,0xFF,0xFF,0xFE,0x00,0x00,0x9F,0xFF,0xFF,0xD0,0x00,
  0x07,0xFF,0xFF,0xFB,0xFF,0xFF,0xFB,0x00,0x00,0x8F,0xFF,0xFF,0xE0,0x00,0x09,0xFF,0xFF,0xFD,0x00,0x00,0x1F,0xFF,0xFF,0xFF,
  0xFF,0xFF,0x60,0x00,0x08,0xFF,0xFF,0xFE,0x00,0x00,0x9F,0xFF,0xFF,0xD0,0x00,0x00,0xBF,0xFF,0xFF,0xFF,0xFF,0xF1,0x00,0x00,
  0x8F,0xFF,0xFF,0xE0,0x00,0x09,0xFF,0xFF,0xFD,0x00,0x00,0x05,0xFF,0xFF,0xFF,0xFF,0xFA,0x00,0x00,0x08,0xFF,0xFF,0xFE,0x00,
  0x00,0x9F,0xFF,0xFF,0xD0,0x00,0x00,0x1E,0xFF,0xFF,0xFF,0xFF,0x50,0x00,0x00,0x8F,0xFF,0xFF,0xE0,0x00,0x09,0xFF,0xFF,0xFD,
  0x00,0x00,0x00,0xAF,0xFF,0xFF,0xFF,0xE0,0x00,0x00,0x08,0xFF,0xFF,0xFE,0x00,0x00,0x9F,0xFF,0xFF,0xD0,0x00,0x00,0x04,0xFF,
  0xFF,0xFF,0xF9,0x00,0x00,0x00,0x8F,0xFF,0xFF,0xE0,0x00,0x09,0xFF,0xFF,0xFD,0x00,0x00,0x00,0x0E,0xFF,0xFF,0xFF,0x40,0x00,
  0x00,0x08,0xFF,0xFF,0xFE,0x00,0x00,0x9F,0xFF,0xFF,0xD0,0x00,0x00,0x00,0x8F,0xFF,0xFF,0xD0,0x00,0x00,0x00,0x8F,0xFF,0xFF,
  0xE0,0x00,0x09,0xFF,0xFF,0xFD,0x00,0x00,0x00,0x03,0xFF,0xFF,0xF8,0x00,0x00,0x00,0x08,0xFF,0xFF,0xFE,0x00,0x00,0x9F,0xFF,
  0xFF,0xFA,0x00,0x00,0x00,0x00,0x00,0x00,0x1F,0xFF,0xFF,0xF8,0x00,0x00,0x9F,0xFF,0xFF,0xFF,0x40,0x00,0x00,0x00,0x00,0x00,
  0x1F,0xFF,0xFF,0xF8,0x00,0x00,0x9F,0xFF,0xFF,0xFF,0xD1,0x00,0x00,0x00,0x00,0x00,0x1F,0xFF,0xFF,0xF8,0x00,0x00,0x9F,0xFF,
  0xFF,0xFF,0xF8,0x00,0x00,0x00,0x00,0x00,0x1F,0xFF,0xFF,0xF8,0x00,0x00,0x9F,0xFF,0xFF,0xFF,0xFF,0x30,0x00,0x00,0x00,0x00,
  0x1F,0xFF,0xFF,0xF8,0x00,0x00,0x9F,0xFF,0xFF,0xFF,0xFF,0xC0,0x00,0x00,0x00,0x00,0x1F,0xFF,0xFF,0xF8,0x00,0x00,0x9F,0xFF,
  0xFF,0xFF,0xFF,0xF6,0x00,0x00,0x00,0x00,0x1F,0xFF,0xFF,0xF8,0x00,0x00,0x9F,0xFF,0xFF,0xFF,0xFF,0xFE,0x20,0x00,0x00,0x00,
  0x1F,0xFF,0xFF,0xF8,0x00,0x00,0x9F,0xFF,0xFF,0xFF,0xFF,0xFF,0xA0,0x00,0x00,0x00,0x1F,0xFF,0xFF,0xF8,0x00,0x00,0x9F,0xFF,
  0xFF,0xFF,0xFF,0xFF,0xF5,0x00,0x00,0x00,0x1F,0xFF,0xFF,0xF8,0x00,0x00,0x9F,0xFF,0xFF,0xDB,0xFF,0xFF,0xFD,0x10,0x00,0x00,
  0x1F,0xFF,0xFF,0xF8,0x00,0x00,0x9F,0xFF,0xFF,0xD3,0xFF,0xFF,0xFF,0x80,0x00,0x00,0x1F,0xFF,0xFF,0xF8,0x00,0x00,0x9F,0xFF,
  0xFF,0xE0,0x9F,0xFF,0xFF,0xF3,0x00,0x00,0x1F,0xFF,0xFF,0xF8,0x00,0x00,0x9F,0xFF,0xFF,0xE0,0x1E,0xFF,0xFF,0xFC,0x00,0x00,
  0x1F,0xFF,0xFF,0xF8,0x00,0x00,0x9F,0xFF,0xFF,0xF0,0x06,0xFF,0xFF,0xFF,0x70,0x00,0x1F,0xFF,0xFF,0xF8,0x00,0x00,0x9F,0xFF,
  0xFF,0xF0,0x00,0xCF,0xFF,0xFF,0xE2,0x00,0x1F,0xFF,0xFF,0xF8,0x00,0x00,0x9F,0xFF,0xFF,0xF0,0x00,0x3F,0xFF,0xFF,0xFA,0x00,
  0x1F,0xFF,0xFF,0xF8,0x00,0x00,0x9F,0xFF,0xFF,0xF0,0x00,0x09,0xFF,0xFF,0xFF,0x40,0x1F,0xFF,0xFF,0xF8,0x00,0x00,0x9F,0xFF,
  0xFF,0xF0,0x00,0x01,0xEF,0xFF,0xFF,0xD0,0x1F,0xFF,0xFF,0xF8,0x00,0x00,0x9F,0xFF,0xFF,0xF0,0x00,0x00,0x5F,0xFF,0xFF,0xF7,
  0x1F,0xFF,0xFF,0xF8,0x00,0x00,0x9F,0xFF,0xFF,0xF0,0x00,0x00,0x0B,0xFF,0xFF,0xFE,0x1F,0xFF,0xFF,0xF8,0x00,0x00,0x9F,0xFF,
  0xFF,0xF0,0x00,0x00,0x02,0xEF,0xFF,0xFF,0x9F,0xFF,0xFF,0xF8,0x00,0x00,0x9F,0xFF,0xFF,0xF0,0x00,0x00,0x00,0x7F,0xFF,0xFF,
  0xFF,0xFF,0xFF,0xF8,0x00,0x00,0x9F,0xFF,0xFF,0xF0,0x00,0x00,0x00,0x0C,0xFF,0xFF,0xFF,0xFF,0xFF,0xF8,0x00,0x00,0x9F,0xFF,
  0xFF,0xF0,0x00,0x00,0x00,0x03,0xFF,0xFF,0xFF,0xFF,0xFF,0xF8,0x00,0x00,0x9F,0xFF,0xFF,0xF0,0x00,0x00,0x00,0x00,0x8F,0xFF,
  0xFF,0xFF,0xFF,0xF8,0x00,0x00,0x9F,0xFF,0xFF,0xF0,0x00,0x00,0x00,0x00,0x1D,0xFF,0xFF,0xFF,0xFF,0xF8,0x00,0x00,0x9F,0xFF,
  0xFF,0xF0,0x00,0x00,0x00,0x00,0x05,0xFF,0xFF,0xFF,0xFF,0xF8,0x00,0x00,0x9F,0xFF,0xFF,0xF0,0x00,0x00,0x00,0x00,0x00,0xAF,
  0xFF,0xFF,0xFF,0xF8,0x00,0x00,0x9F,0xFF,0xFF,0xF0,0x00,0x00,0x00,0x00,0x00,0x2E,0xFF,0xFF,0xFF,0xF8,0x00,0x00,0x9F,0xFF,
  0xFF,0xF0,0x00,0x00,0x00,0x00,0x00,0x06,0xFF,0xFF,0xFF,0xF8,0x00,0x00,0x9F,0xFF,0xFF,0xF0,0x00,0x00,0x00,0x00,0x00,0x00,
  0xCF,0xFF,0xFF,0xF8,0x00,0x00,0x00,0x00,0x00,0x00,0x03,0x7B,0xCE,0xFD,0xCA,0x62,0x00,0x00,0x00,0x00,0x00,0x00,0x00,0x00,
  0x00,0x00,0x5D,0xFF,0xFF,0xFF,0xFF,0xFF,0xFC,0x40,0x00,0x00,0x00,0x00,0x00,0x00,0x00,0x03,0xCF,0xFF,0xFF,0xFF,0xFF,0xFF,
  0xFF,0xFF,0xB2,0x00,0x00,0x00,0x00,0x00,0x00,0x05,0xFF,0xFF,0xFF,0xFF,0xFF,0xFF,0xFF,0xFF,0xFF,0xE4,0x00,0x00,0x00,0x00,
  0x00,0x06,0xFF,0xFF,0xFF,0xFF,0xFF,0xFF,0xFF,0xFF,0xFF,0xFF,0xF4,0x00,0x00,0x00,0x00,0x04,0xFF,0xFF,0xFF,0xFF,0xFF,0xED,
  0xEF,0xFF,0xFF,0xFF,0xFF,0xE2,0x00,0x00,0x00,0x01,0xEF,0xFF,0xFF,0xFF,0xC6,0x10,0x00,0x26,0xDF,0xFF,0xFF,0xFF,0xC0,0x00,
  0x00,0x00,0x8F,0xFF,0xFF,0xFF,0x70,0x00,0x00,0x00,0x01,0x9F,0xFF,0xFF,0xFF,0x60,0x00,0x00,0x1E,0xFF,0xFF,0xFF,0x60,0x00,
  0x00,0x00,0x00,0x00,0x8F,0xFF,0xFF,0xFD,0x00,0x00,0x08,0xFF,0xFF,0xFF,0xA0,0x00,0x00,0x00,0x00,0x00,0x00,0xCF,0xFF,0xFF,
  0xF6,0x00,0x00,0xCF,0xFF,0xFF,0xF2,0x00,0x00,0x00,0x00,0x00,0x00,0x04,0xFF,0xFF,0xFF,0xA0,0x00,0x1F,0xFF,0xFF,0xFB,0x00,
  0x00,0x00,0x00,0x00,0x00,0x00,0x0D,0xFF,0xFF,0xFE,0x00,0x05,0xFF,0xFF,0xFF,0x70,0x00,0x00,0x00,0x00,0x00,0x00,0x00,0x9F,
  0xFF,0xFF,0xF3,0x00,0x7F,0xFF,0xFF,0xF3,0x00,0x00,0x00,0x00,0x00,0x00,0x00,0x05,0xFF,0xFF,0xFF,0x50,0x08,0xFF,0xFF,0xFF,
  0x10,0x00,0x00,0x00,0x00,0x00,0x00,0x00,0x3F,0xFF,0xFF,0xF6,0x00,0x9F,0xFF,0xFF,0xF0,0x00,0x00,0x00,0x00,0x00,0x00,0x00,
  0x02,0xFF,0xFF,0xFF,0x70,0x09,0xFF,0xFF,0xFF,0x00,0x00,0x00,0x00,0x00,0x00,0x00,0x00,0x2F,0xFF,0xFF,0xF7,0x00,0x8F,0xFF,
  0xFF,0xF1,0x00,0x00,0x00,0x00,0x00,0x00,0x00,0x03,0xFF,0xFF,0xFF,0x60,0x07,0xFF,0xFF,0xFF,0x30,0x00,0x00,0x00,0x00,0x00,
  0x00,0x00,0x5F,0xFF,0xFF,0xF5,0x00,0x5F,0xFF,0xFF,0xF6,0x00,0x00,0x00,0x00,0x00,0x00,0x00,0x08,0xFF,0xFF,0xFF,0x30,0x01,
  0xFF,0xFF,0xFF,0xB0,0x00,0x00,0x00,0x00,0x00,0x00,0x00,0xCF,0xFF,0xFF,0xE0,0x00,0x0C,0xFF,0xFF,0xFF,0x20,0x00,0x00,0x00,
  0x00,0x00,0x00,0x4F,0xFF,0xFF,0xFA,0x00,0x00,0x8F,0xFF,0xFF,0xFA,0x00,0x00,0x00,0x00,0x00,0x00,0x0C,0xFF,0xFF,0xFF,0x60,
  0x00,0x01,0xFF,0xFF,0xFF,0xF6,0x00,0x00,0x00,0x00,0x00,0x08,0xFF,0xFF,0xFF,0xE1,0x00,0x00,0x09,0xFF,0xFF,0xFF,0xF7,0x00,
  0x00,0x00,0x00,0x08,0xFF,0xFF,0xFF,0xF7,0x00,0x00,0x00,0x1E,0xFF,0xFF,0xFF,0xFC,0x51,0x00,0x02,0x6D,0xFF,0xFF,0xFF,0xFD,
  0x10,0x00,0x00,0x00,0x4F,0xFF,0xFF,0xFF,0xFF,0xFE,0xDE,0xFF,0xFF,0xFF,0xFF,0xFE,0x20,0x00,0x00,0x00,0x00,0x6F,0xFF,0xFF,
  0xFF,0xFF,0xFF,0xFF,0xFF,0xFF,0xFF,0xFF,0x50,0x00,0x00,0x00,0x00,0x00,0x5F,0xFF,0xFF,0xFF,0xFF,0xFF,0xFF,0xFF,0xFF,0xFE,
  0x40,0x00,0x00,0x00,0x00,0x00,0x00,0x3C,0xFF,0xFF,0xFF,0xFF,0xFF,0xFF,0xFF,0xFB,0x20,0x00,0x00,0x00,0x00,0x00,0x00,0x00,
  0x05,0xDF,0xFF,0xFF,0xFF,0xFF,0xFF,0xC4,0x00,0x00,0x00,0x00,0x00,0x00,0x00,0x00,0x00,0x00,0x37,0xBC,0xEF,0xEC,0xA7,0x20,
  0x00,0x00,0x00,0x00,0x00,0x00,0x9F,0xFF,0xFF,0xFF,0xFF,0xFF,0xFE,0xDC,0x95,0x10,0x00,0x00,0x00,0x00,0x9F,0xFF,0xFF,0xFF,
  0xFF,0xFF,0xFF,0xFF,0xFF,0xE8,0x10,0x00,0x00,0x00,0x9F,0xFF,0xFF,0xFF,0xFF,0xFF,0xFF,0xFF,0xFF,0xFF,0xD3,0x00,0x00,0x00,
  0x9F,0xFF,0xFF,0xFF,0xFF,0xFF,0xFF,0xFF,0xFF,0xFF,0xFE,0x30,0x00,0x00,0x9F,0xFF,0xFF,0xFF,0xFF,0xFF,0xFF,0xFF,0xFF,0xFF,
  0xFF,0xE1,0x00,0x00,0x9F,0xFF,0xFF,0xF8,0x88,0x88,0x8A,0xDF,0xFF,0xFF,0xFF,0xF8,0x00,0x00,0x9F,0xFF,0xFF,0xF0,0x00,0x00,
  0x00,0x03,0xCF,0xFF,0xFF,0xFE,0x10,0x00,0x9F,0xFF,0xFF,0xF0,0x00,0x00,0x00,0x00,0x0C,0xFF,0xFF,0xFF,0x40,0x00,0x9F,0xFF,
  0xFF,0xF0,0x00,0x00,0x00,0x00,0x03,0xFF,0xFF,0xFF,0x80,0x00,0x9F,0xFF,0xFF,0xF0,0x00,0x00,0x00,0x00,0x00,0xEF,0xFF,0xFF,
  0x90,0x00,0x9F,0xFF,0xFF,0xF0,0x00,0x00,0x00,0x00,0x00,0xCF,0xFF,0xFF,0xA0,0x00,0x9F,0xFF,0xFF,0xF0,0x00,0x00,0x00,0x00,
  0x00,0xEF,0xFF,0xFF,0x90,0x00,0x9F,0xFF,0xFF,0xF0,0x00,0x00,0x00,0x00,0x03,0xFF,0xFF,0xFF,0x80,0x00,0x9F,0xFF,0xFF,0xF0,
  0x00,0x00,0x00,0x00,0x0C,0xFF,0xFF,0xFF,0x40,0x00,0x9F,0xFF,0xFF,0xF0,0x00,0x00,0x00,0x03,0xBF,0xFF,0xFF,0xFE,0x10,0x00,
  0x9F,0xFF,0xFF,0xF8,0x88,0x88,0x8A,0xCF,0xFF,0xFF,0xFF,0xF8,0x00,0x00,0x9F,0xFF,0xFF,0xFF,0xFF,0xFF,0xFF,0xFF,0xFF,0xFF,
  0xFF,0xD1,0x00,0x00,0x9F,0xFF,0xFF,0xFF,0xFF,0xFF,0xFF,0xFF,0xFF,0xFF,0xFE,0x30,0x00,0x00,0x9F,0xFF,0xFF,0xFF,0xFF,0xFF,
  0xFF,0xFF,0xFF,0xFF,0xD3,0x00,0x00,0x00,0x9F,0xFF,0xFF,0xFF,0xFF,0xFF,0xFF,0xFF,0xFF,0xE8,0x10,0x00,0x00,0x00,0x9F,0xFF,
  0xFF,0xFF,0xFF,0xFF,0xFE,0xDC,0x95,0x10,0x00,0x00,0x00,0x00,0x9F,0xFF,0xFF,0xF0,0x00,0x00,0x00,0x00,0x00,0x00,0x00,0x00,
  0x00,0x00,0x9F,0xFF,0xFF,0xF0,0x00,0x00,0x00,0x00,0x00,0x00,0x00,0x00,0x00,0x00,0x9F,0xFF,0xFF,0xF0,0x00,0x00,0x00,0x00,
  0x00,0x00,0x00,0x00,0x00,0x00,0x9F,0xFF,0xFF,0xF0,0x00,0x00,0x00,0x00,0x00,0x00,0x00,0x00,0x00,0x00,0x9F,0xFF,0xFF,0xF0,
  0x00,0x00,0x00,0x00,0x00,0x00,0x00,0x00,0x00,0x00,0x9F,0xFF,0xFF,0xF0,0x00,0x00,0x00,0x00,0x00,0x00,0x00,0x00,0x00,0x00,
  0x9F,0xFF,0xFF,0xF0,0x00,0x00,0x00,0x00,0x00,0x00,0x00,0x00,0x00,0x00,0x9F,0xFF,0xFF,0xF0,0x00,0x00,0x00,0x00,0x00,0x00,
  0x00,0x00,0x00,0x00,0x9F,0xFF,0xFF,0xF0,0x00,0x00,0x00,0x00,0x00,0x00,0x00,0x00,0x00,0x00,0x9F,0xFF,0xFF,0xF0,0x00,0x00,
  0x00,0x00,0x00,0x00,0x00,0x00,0x00,0x00,0x9F,0xFF,0xFF,0xF0,0x00,0x00,0x00,0x00,0x00,0x00,0x00,0x00,0x00,0x00,0x00,0x00,
  0x00,0x00,0x03,0x7B,0xCE,0xFD,0xCA,0x62,0x00,0x00,0x00,0x00,0x00,0x00,0x00,0x00,0x00,0x00,0x5D,0xFF,0xFF,0xFF,0xFF,0xFF,
  0xFC,0x40,0x00,0x00,0x00,0x00,0x00,0x00,0x00,0x03,0xCF,0xFF,0xFF,0xFF,0xFF,0xFF,0xFF,0xFF,0xB2,0x00,0x00,0x00,0x00,0x00,
  0x00,0x05,0xFF,0xFF,0xFF,0xFF,0xFF,0xFF,0xFF,0xFF,0xFF,0xE4,0x00,0x00,0x00,0x00,0x00,0x06,0xFF,0xFF,0xFF,0xFF,0xFF,0xFF,
  0xFF,0xFF,0xFF,0xFF,0xF4,0x00,0x00,0x00,0x00,0x04,0xFF,0xFF,0xFF,0xFF,0xFF,0xED,0xEF,0xFF,0xFF,0xFF,0xFF,0xE2,0x00,0x00,
  0x00,0x01,0xEF,0xFF,0xFF,0xFF,0xC6,0x10,0x00,0x26,0xDF,0xFF,0xFF,0xFF,0xC0,0x00,0x00,0x00,0x8F,0xFF,0xFF,0xFF,0x70,0x00,
  0x00,0x00,0x01,0x9F,0xFF,0xFF,0xFF,0x60,0x00,0x00,0x1E,0xFF,0xFF,0xFF,0x60,0x00,0x00,0x00,0x00,0x00,0x8F,0xFF,0xFF,0xFD,
  0x00,0x00,0x08,0xFF,0xFF,0xFF,0xA0,0x00,0x00,0x00,0x00,0x00,0x00,0xCF,0xFF,0xFF,0xF6,0x00,0x00,0xCF,0xFF,0xFF,0xF2,0x00,
  0x00,0x00,0x00,0x00,0x00,0x04,0xFF,0xFF,0xFF,0xA0,0x00,0x1F,0xFF,0xFF,0xFB,0x00,0x00,0x00,0x00,0x00,0x00,0x00,0x0D,0xFF,
  0xFF,0xFE,0x00,0x05,0xFF,0xFF,0xFF,0x70,0x00,0x00,0x00,0x00,0x00,0x00,0x00,0x9F,0xFF,0xFF,0xF3,0x00,0x7F,0xFF,0xFF,0xF3,
  0x00,0x00,0x00,0x00,0x00,0x00,0x00,0x05,0xFF,0xFF,0xFF,0x50,0x08,0xFF,0xFF,0xFF,0x10,0x00,0x00,0x00,0x00,0x00,0x00,0x00,
  0x3F,0xFF,0xFF,0xF6,0x00,0x9F,0xFF,0xFF,0xF0,0x00,0x00,0x00,0x00,0x00,0x00,0x00,0x02,0xFF,0xFF,0xFF,0x70,0x09,0xFF,0xFF,
  0xFF,0x00,0x00,0x00,0x00,0x00,0x00,0x00,0x00,0x2F,0xFF,0xFF,0xF7,0x00,0x8F,0xFF,0xFF,0xF1,0x00,0x00,0x00,0x00,0x00,0x00,
  0x00,0x04,0xFF,0xFF,0xFF,0x60,0x07,0xFF,0xFF,0xFF,0x30,0x00,0x00,0x00,0x00,0x00,0x00,0x00,0x5F,0xFF,0xFF,0xF4,0x00,0x5F,
  0xFF,0xFF,0xF6,0x00,0x00,0x00,0x00,0x00,0x00,0x00,0x08,0xFF,0xFF,0xFF,0x30,0x01,0xFF,0xFF,0xFF,0xB0,0x00,0x00,0x33,0x33,
  0x32,0x00,0x00,0xCF,0xFF,0xFF,0xE0,0x00,0x0C,0xFF,0xFF,0xFF,0x20,0x00,0x08,0xFF,0xFF,0xE2,0x00,0x4F,0xFF,0xFF,0xFA,0x00,
  0x00,0x8F,0xFF,0xFF,0xFA,0x00,0x00,0x0B,0xFF,0xFF,0xC1,0x0B,0xFF,0xFF,0xFF,0x50,0x00,0x01,0xFF,0xFF,0xFF,0xF6,0x00,0x00,
  0x1D,0xFF,0xFF,0xA8,0xFF,0xFF,0xFF,0xE1,0x00,0x00,0x09,0xFF,0xFF,0xFF,0xF7,0x00,0x00,0x3E,0xFF,0xFF,0xFF,0xFF,0xFF,0xF6,
  0x00,0x00,0x00,0x1E,0xFF,0xFF,0xFF,0xFC,0x51,0x00,0x5F,0xFF,0xFF,0xFF,0xFF,0xFC,0x00,0x00,0x00,0x00,0x4F,0xFF,0xFF,0xFF,
  0xFF,0xFE,0xDE,0xFF,0xFF,0xFF,0xFF,0xFE,0x30,0x00,0x00,0x00,0x00,0x6F,0xFF,0xFF,0xFF,0xFF,0xFF,0xFF,0xFF,0xFF,0xFF,0xFE,
  0x30,0x00,0x00,0x00,0x00,0x00,0x5F,0xFF,0xFF,0xFF,0xFF,0xFF,0xFF,0xFF,0xFF,0xFF,0x50,0x00,0x00,0x00,0x00,0x00,0x00,0x3C,
  0xFF,0xFF,0xFF,0xFF,0xFF,0xFF,0xFF,0xFF,0xFB,0x00,0x00,0x00,0x00,0x00,0x00,0x00,0x05,0xDF,0xFF,0xFF,0xFF,0xFF,0xFF,0xFF,
  0xFF,0xF9,0x00,0x00,0x00,0x00,0x00,0x00,0x00,0x00,0x37,0xBC,0xEF,0xEC,0xA6,0x29,0xFF,0xFF,0xF6,0x00,0x00,0x00,0x00,0x00,
  0x00,0x00,0x00,0x00,0x00,0x00,0x00,0x00,0x0C,0xFF,0xFF,0xF3,0x00,0x00,0x00,0x00,0x00,0x00,0x00,0x00,0x00,0x00,0x00,0x00,
  0x00,0x2E,0xFF,0xFF,0xD1,0x00,0x00,0x00,0x00,0x00,0x00,0x00,0x00,0x00,0x00,0x00,0x00,0x00,0x12,0x22,0x22,0x10,0x00,0x00,
  0x9F,0xFF,0xFF,0xFF,0xFF,0xFF,0xFF,0xEC,0xA6,0x10,0x00,0x00,0x00,0x00,0x09,0xFF,0xFF,0xFF,0xFF,0xFF,0xFF,0xFF,0xFF,0xFF,
  0x92,0x00,0x00,0x00,0x00,0x9F,0xFF,0xFF,0xFF,0xFF,0xFF,0xFF,0xFF,0xFF,0xFF,0xE5,0x00,0x00,0x00,0x09,0xFF,0xFF,0xFF,0xFF,
  0xFF,0xFF,0xFF,0xFF,0xFF,0xFF,0xF5,0x00,0x00,0x00,0x9F,0xFF,0xFF,0xFF,0xFF,0xFF,0xFF,0xFF,0xFF,0xFF,0xFF,0xF3,0x00,0x00,
  0x09,0xFF,0xFF,0xFF,0x77,0x77,0x78,0x9C,0xEF,0xFF,0xFF,0xFF,0xB0,0x00,0x00,0x9F,0xFF,0xFF,0xF0,0x00,0x00,0x00,0x02,0xAF,
  0xFF,0xFF,0xFF,0x30,0x00,0x09,0xFF,0xFF,0xFF,0x00,0x00,0x00,0x00,0x00,0xAF,0xFF,0xFF,0xF7,0x00,0x00,0x9F,0xFF,0xFF,0xF0,
  0x00,0x00,0x00,0x00,0x01,0xEF,0xFF,0xFF,0xB0,0x00,0x09,0xFF,0xFF,0xFF,0x00,0x00,0x00,0x00,0x00,0x0B,0xFF,0xFF,0xFC,0x00,
  0x00,0x9F,0xFF,0xFF,0xF0,0x00,0x00,0x00,0x00,0x00,0x9F,0xFF,0xFF,0xD0,0x00,0x09,0xFF,0xFF,0xFF,0x00,0x00,0x00,0x00,0x00,
  0x0B,0xFF,0xFF,0xFC,0x00,0x00,0x9F,0xFF,0xFF,0xF0,0x00,0x00,0x00,0x00,0x00,0xEF,0xFF,0xFF,0xA0,0x00,0x09,0xFF,0xFF,0xFF,
  0x00,0x00,0x00,0x00,0x00,0x7F,0xFF,0xFF,0xF8,0x00,0x00,0x9F,0xFF,0xFF,0xF0,0x00,0x00,0x00,0x00,0x7F,0xFF,0xFF,0xFF,0x20,
  0x00,0x09,0xFF,0xFF,0xFF,0x44,0x44,0x44,0x68,0xDF,0xFF,0xFF,0xFF,0xA0,0x00,0x00,0x9F,0xFF,0xFF,0xFF,0xFF,0xFF,0xFF,0xFF,
  0xFF,0xFF,0xFF,0xE3,0x00,0x00,0x09,0xFF,0xFF,0xFF,0xFF,0xFF,0xFF,0xFF,0xFF,0xFF,0xFF,0xF4,0x00,0x00,0x00,0x9F,0xFF,0xFF,
  0xFF,0xFF,0xFF,0xFF,0xFF,0xFF,0xFF,0xD4,0x00,0x00,0x00,0x09,0xFF,0xFF,0xFF,0xFF,0xFF,0xFF,0xFF,0xFF,0xFF,0x91,0x00,0x00,
  0x00,0x00,0x9F,0xFF,0xFF,0xFF,0xFF,0xFF,0xFF,0xFF,0xFF,0xF9,0x00,0x00,0x00,0x00,0x09,0xFF,0xFF,0xFF,0x00,0x00,0x00,0xDF,
  0xFF,0xFF,0xF2,0x00,0x00,0x00,0x00,0x9F,0xFF,0xFF,0xF0,0x00,0x00,0x06,0xFF,0xFF,0xFF,0xA0,0x00,0x00,0x00,0x09,0xFF,0xFF,
  0xFF,0x00,0x00,0x00,0x0D,0xFF,0xFF,0xFF,0x30,0x00,0x00,0x00,0x9F,0xFF,0xFF,0xF0,0x00,0x00,0x00,0x5F,0xFF,0xFF,0xFA,0x00,
  0x00,0x00,0x09,0xFF,0xFF,0xFF,0x00,0x00,0x00,0x00,0xCF,0xFF,0xFF,0xF3,0x00,0x00,0x00,0x9F,0xFF,0xFF,0xF0,0x00,0x00,0x00,
  0x05,0xFF,0xFF,0xFF,0xB0,0x00,0x00,0x09,0xFF,0xFF,0xFF,0x00,0x00,0x00,0x00,0x0C,0xFF,0xFF,0xFF,0x40,0x00,0x00,0x9F,0xFF,
  0xFF,0xF0,0x00,0x00,0x00,0x00,0x4F,0xFF,0xFF,0xFC,0x00,0x00,0x09,0xFF,0xFF,0xFF,0x00,0x00,0x00,0x00,0x00,0xBF,0xFF,0xFF,
  0xF5,0x00,0x00,0x9F,0xFF,0xFF,0xF0,0x00,0x00,0x00,0x00,0x04,0xFF,0xFF,0xFF,0xC0,0x00,0x09,0xFF,0xFF,0xFF,0x00,0x00,0x00,
  0x00,0x00,0x0B,0xFF,0xFF,0xFF,0x50,0x00,0x00,0x00,0x00,0x15,0x8C,0xDE,0xFE,0xDA,0x73,0x00,0x00,0x00,0x00,0x00,0x00,0x00,
  0x01,0x8E,0xFF,0xFF,0xFF,0xFF,0xFF,0xFC,0x40,0x00,0x00,0x00,0x00,0x00,0x05,0xEF,0xFF,0xFF,0xFF,0xFF,0xFF,0xFF,0xFF,0xA1,
  0x00,0x00,0x00,0x00,0x06,0xFF,0xFF,0xFF,0xFF,0xFF,0xFF,0xFF,0xFF,0xFF,0xB0,0x00,0x00,0x00,0x04,0xFF,0xFF,0xFF,0xFF,0xFF,
  0xFF,0xFF,0xFF,0xFF,0xFF,0x90,0x00,0x00,0x00,0xDF,0xFF,0xFF,0xFF,0xEA,0x87,0x9C,0xFF,0xFF,0xFF,0xFF,0x30,0x00,0x00,0x4F,
  0xFF,0xFF,0xFF,0x61,0x00,0x00,0x03,0xBF,0xFF,0xFF,0xFA,0x00,0x00,0x09,0xFF,0xFF,0xFF,0x50,0x00,0x00,0x00,0x01,0xCF,0xFF,
  0xFF,0xE1,0x00,0x00,0xBF,0xFF,0xFF,0xE0,0x00,0x00,0x00,0x00,0x03,0xFF,0xFF,0xFF,0x30,0x00,0x0D,0xFF,0xFF,0xFC,0x00,0x00,
  0x00,0x00,0x00,0x0E,0xFF,0xFF,0xF5,0x00,0x00,0xCF,0xFF,0xFF,0xF2,0x00,0x00,0x00,0x00,0x00,0x12,0x22,0x22,0x10,0x00,0x09,
  0xFF,0xFF,0xFF,0xD4,0x00,0x00,0x00,0x00,0x00,0x00,0x00,0x00,0x00,0x00,0x4F,0xFF,0xFF,0xFF,0xFC,0x73,0x00,0x00,0x00,0x00,
  0x00,0x00,0x00,0x00,0x00,0xBF,0xFF,0xFF,0xFF,0xFF,0xFE,0xC8,0x52,0x00,0x00,0x00,0x00,0x00,0x00,0x01,0xDF,0xFF,0xFF,0xFF,
  0xFF,0xFF,0xFF,0xFD,0x83,0x00,0x00,0x00,0x00,0x00,0x01,0xBF,0xFF,0xFF,0xFF,0xFF,0xFF,0xFF,0xFF,0xFB,0x30,0x00,0x00,0x00,
  0x00,0x00,0x4C,0xFF,0xFF,0xFF,0xFF,0xFF,0xFF,0xFF,0xFF,0x70,0x00,0x00,0x00,0x00,0x00,0x02,0x7B,0xFF,0xFF,0xFF,0xFF,0xFF,
  0xFF,0xFF,0x80,0x00,0x00,0x00,0x00,0x00,0x00,0x00,0x36,0x9D,0xFF,0xFF,0xFF,0xFF,0xFF,0x30,0x00,0x00,0x00,0x00,0x00,0x00,
  0x00,0x00,0x02,0x6D,0xFF,0xFF,0xFF,0xFB,0x00,0x00,0x00,0x00,0x00,0x00,0x00,0x00,0x00,0x00,0x07,0xFF,0xFF,0xFF,0xF0,0x00,
  0x5B,0xBB,0xBB,0xB0,0x00,0x00,0x00,0x00,0x00,0x0A,0xFF,0xFF,0xFF,0x20,0x06,0xFF,0xFF,0xFF,0x20,0x00,0x00,0x00,0x00,0x00,
  0x6F,0xFF,0xFF,0xF2,0x00,0x4F,0xFF,0xFF,0xF7,0x00,0x00,0x00,0x00,0x00,0x09,0xFF,0xFF,0xFF,0x10,0x01,0xFF,0xFF,0xFF,0xF3,
  0x00,0x00,0x00,0x00,0x02,0xEF,0xFF,0xFF,0xE0,0x00,0x0A,0xFF,0xFF,0xFF,0xE6,0x00,0x00,0x00,0x04,0xDF,0xFF,0xFF,0xF9,0x00,
  0x00,0x3F,0xFF,0xFF,0xFF,0xFE,0xA8,0x78,0xAD,0xFF,0xFF,0xFF,0xFF,0x30,0x00,0x00,0x9F,0xFF,0xFF,0xFF,0xFF,0xFF,0xFF,0xFF,
  0xFF,0xFF,0xFF,0x80,0x00,0x00,0x00,0xAF,0xFF,0xFF,0xFF,0xFF,0xFF,0xFF,0xFF,0xFF,0xFF,0xA0,0x00,0x00,0x00,0x00,0x8F,0xFF,
  0xFF,0xFF,0xFF,0xFF,0xFF,0xFF,0xFF,0x80,0x00,0x00,0x00,0x00,0x00,0x3A,0xFF,0xFF,0xFF,0xFF,0xFF,0xFF,0xFA,0x30,0x00,0x00,
  0x00,0x00,0x00,0x00,0x01,0x69,0xCD,0xEF,0xED,0xC9,0x61,0x00,0x00,0x00,0x00,0x1F,0xFF,0xFF,0xFF,0xFF,0xFF,0xFF,0xFF,0xFF,
  0xFF,0xFF,0xFF,0xFF,0xF0,0x1F,0xFF,0xFF,0xFF,0xFF,0xFF,0xFF,0xFF,0xFF,0xFF,0xFF,0xFF,0xFF,0xF0,0x1F,0xFF,0xFF,0xFF,0xFF,
  0xFF,0xFF,0xFF,0xFF,0xFF,0xFF,0xFF,0xFF,0xF0,0x1F,0xFF,0xFF,0xFF,0xFF,0xFF,0xFF,0xFF,0xFF,0xFF,0xFF,0xFF,0xFF,0xF0,0x1F,
  0xFF,0xFF,0xFF,0xFF,0xFF,0xFF,0xFF,0xFF,0xFF,0xFF,0xFF,0xFF,0xF0,0x0A,0xAA,0xAA,0xAA,0xAA,0xCF,0xFF,0xFF,0xFB,0xAA,0xAA,
  0xAA,0xAA,0xA0,0x00,0x00,0x00,0x00,0x00,0x5F,0xFF,0xFF,0xF4,0x00,0x00,0x00,0x00,0x00,0x00,0x00,0x00,0x00,0x00,0x5F,0xFF,
  0xFF,0xF4,0x00,0x00,0x00,0x00,0x00,0x00,0x00,0x00,0x00,0x00,0x5F,0xFF,0xFF,0xF4,0x00,0x00,0x00,0x00,0x00,0x00,0x00,0x00,
  0x00,0x00,0x5F,0xFF,0xFF,0xF4,0x00,0x00,0x00,0x00,0x00,0x00,0x00,0x00,0x00,0x00,0x5F,0xFF,0xFF,0xF4,0x00,0x00,0x00,0x00,
  0x00,0x00,0x00,0x00,0x00,0x00,0x5F,0xFF,0xFF,0xF4,0x00,0x00,0x00,0x00,0x00,0x00,0x00,0x00,0x00,0x00,0x5F,0xFF,0xFF,0xF4,
  0x00,0x00,0x00,0x00,0x00,0x00,0x00,0x00,0x00,0x00,0x5F,0xFF,0xFF,0xF4,0x00,0x00,0x00,0x00,0x00,0x00,0x00,0x00,0x00,0x00,
  0x5F,0xFF,0xFF,0xF4,0x00,0x00,0x00,0x00,0x00,0x00,0x00,0x00,0x00,0x00,0x5F,0xFF,0xFF,0xF4,0x00,0x00,0x00,0x00,0x00,0x00,
  0x00,0x00,0x00,0x00,0x5F,0xFF,0xFF,0xF4,0x00,0x00,0x00,0x00,0x00,0x00,0x00,0x00,0x00,0x00,0x5F,0xFF,0xFF,0xF4,0x00,0x00,
  0x00,0x00,0x00,0x00,0x00,0x00,0x00,0x00,0x5F,0xFF,0xFF,0xF4,0x00,0x00,0x00,0x00,0x00,0x00,0x00,0x00,0x00,0x00,0x5F,0xFF,
  0xFF,0xF4,0x00,0x00,0x00,0x00,0x00,0x00,0x00,0x00,0x00,0x00,0x5F,0xFF,0xFF,0xF4,0x00,0x00,0x00,0x00,0x00,0x00,0x00,0x00,
  0x00,0x00,0x5F,0xFF,0xFF,0xF4,0x00,0x00,0x00,0x00,0x00,0x00,0x00,0x00,0x00,0x00,0x5F,0xFF,0xFF,0xF4,0x00,0x00,0x00,0x00,
  0x00,0x00,0x00,0x00,0x00,0x00,0x5F,0xFF,0xFF,0xF4,0x00,0x00,0x00,0x00,0x00,0x00,0x00,0x00,0x00,0x00,0x5F,0xFF,0xFF,0xF4,
  0x00,0x00,0x00,0x00,0x00,0x00,0x00,0x00,0x00,0x00,0x5F,0xFF,0xFF,0xF4,0x00,0x00,0x00,0x00,0x00,0x00,0x00,0x00,0x00,0x00,
  0x5F,0xFF,0xFF,0xF4,0x00,0x00,0x00,0x00,0x00,0x00,0x00,0x00,0x00,0x00,0x5F,0xFF,0xFF,0xF4,0x00,0x00,0x00,0x00,0x00,0x00,
  0x00,0x00,0x00,0x00,0x5F,0xFF,0xFF,0xF4,0x00,0x00,0x00,0x00,0x00,0x00,0x00,0x00,0x00,0x00,0x5F,0xFF,0xFF,0xF4,0x00,0x00,
  0x00,0x00,0x00,0x00,0x00,0x00,0x00,0x00,0x5F,0xFF,0xFF,0xF4,0x00,0x00,0x00,0x00,0x00,0x00,0x00,0x00,0x00,0x00,0x5F,0xFF,
  0xFF,0xF4,0x00,0x00,0x00,0x00,0x00,0x00,0xAF,0xFF,0xFF,0xC0,0x00,0x00,0x00,0x00,0x00,0x00,0xCF,0xFF,0xFF,0xA0,0x00,0x0A,
  0xFF,0xFF,0xFC,0x00,0x00,0x00,0x00,0x00,0x00,0x0C,0xFF,0xFF,0xFA,0x00,0x00,0xAF,0xFF,0xFF,0xC0,0x00,0x00,0x00,0x00,0x00,
  0x00,0xCF,0xFF,0xFF,0xA0,0x00,0x0A,0xFF,0xFF,0xFC,0x00,0x00,0x00,0x00,0x00,0x00,0x0C,0xFF,0xFF,0xFA,0x00,0x00,0xAF,0xFF,
  0xFF,0xC0,0x00,0x00,0x00,0x00,0x00,0x00,0xCF,0xFF,0xFF,0xA0,0x00,0x0A,0xFF,0xFF,0xFC,0x00,0x00,0x00,0x00,0x00,0x00,0x0C,
  0xFF,0xFF,0xFA,0x00,0x00,0xAF,0xFF,0xFF,0xC0,0x00,0x00,0x00,0x00,0x00,0x00,0xCF,0xFF,0xFF,0xA0,0x00,0x0A,0xFF,0xFF,0xFC,
  0x00,0x00,0x00,0x00,0x00,0x00,0x0C,0xFF,0xFF,0xFA,0x00,0x00,0xAF,0xFF,0xFF,0xC0,0x00,0x00,0x00,0x00,0x00,0x00,0xCF,0xFF,
  0xFF,0xA0,0x00,0x0A,0xFF,0xFF,0xFC,0x00,0x00,0x00,0x00,0x00,0x00,0x0C,0xFF,0xFF,0xFA,0x00,0x00,0xAF,0xFF,0xFF,0xC0,0x00,
  0x00,0x00,0x00,0x00,0x00,0xCF,0xFF,0xFF,0xA0,0x00,0x0A,0xFF,0xFF,0xFC,0x00,0x00,0x00,0x00,0x00,0x00,0x0C,0xFF,0xFF,0xFA,
  0x00,0x00,0xAF,0xFF,0xFF,0xC0,0x00,0x00,0x00,0x00,0x00,0x00,0xCF,0xFF,0xFF,0xA0,0x00,0x0A,0xFF,0xFF,0xFC,0x00,0x00,0x00,
  0x00,0x00,0x00,0x0C,0xFF,0xFF,0xFA,0x00,0x00,0xAF,0xFF,0xFF,0xC0,0x00,0x00,0x00,0x00,0x00,0x00,0xCF,0xFF,0xFF,0xA0,0x00,
  0x0A,0xFF,0xFF,0xFC,0x00,0x00,0x00,0x00,0x00,0x00,0x0C,0xFF,0xFF,0xFA,0x00,0x00,0xAF,0xFF,0xFF,0xC0,0x00,0x00,0x00,0x00,
  0x00,0x00,0xCF,0xFF,0xFF,0xA0,0x00,0x0A,0xFF,0xFF,0xFC,0x00,0x00,0x00,0x00,0x00,0x00,0x0C,0xFF,0xFF,0xFA,0x00,0x00,0xAF,
  0xFF,0xFF,0xC0,0x00,0x00,0x00,0x00,0x00,0x00,0xCF,0xFF,0xFF,0xA0,0x00,0x0A,0xFF,0xFF,0xFC,0x00,0x00,0x00,0x00,0x00,0x00,
  0x0C,0xFF,0xFF,0xFA,0x00,0x00,0xAF,0xFF,0xFF,0xD0,0x00,0x00,0x00,0x00,0x00,0x00,0xEF,0xFF,0xFF,0xA0,0x00,0x09,0xFF,0xFF,
  0xFF,0x10,0x00,0x00,0x00,0x00,0x00,0x1F,0xFF,0xFF,0xF8,0x00,0x00,0x7F,0xFF,0xFF,0xF5,0x00,0x00,0x00,0x00,0x00,0x05,0xFF,
  0xFF,0xFF,0x70,0x00,0x04,0xFF,0xFF,0xFF,0xD1,0x00,0x00,0x00,0x00,0x01,0xDF,0xFF,0xFF,0xF4,0x00,0x00,0x0E,0xFF,0xFF,0xFF,
  0xA1,0x00,0x00,0x00,0x01,0xAF,0xFF,0xFF,0xFE,0x00,0x00,0x00,0x8F,0xFF,0xFF,0xFF,0xD5,0x10,0x00,0x15,0xDF,0xFF,0xFF,0xFF,
  0x80,0x00,0x00,0x01,0xEF,0xFF,0xFF,0xFF,0xFF,0xDB,0xDF,0xFF,0xFF,0xFF,0xFF,0xE1,0x00,0x00,0x00,0x04,0xFF,0xFF,0xFF,0xFF,
  0xFF,0xFF,0xFF,0xFF,0xFF,0xFF,0xF4,0x00,0x00,0x00,0x00,0x06,0xFF,0xFF,0xFF,0xFF,0xFF,0xFF,0xFF,0xFF,0xFF,0xF5,0x00,0x00,
  0x00,0x00,0x00,0x03,0xDF,0xFF,0xFF,0xFF,0xFF,0xFF,0xFF,0xFF,0xD3,0x00,0x00,0x00,0x00,0x00,0x00,0x01,0x7D,0xFF,0xFF,0xFF,
  0xFF,0xFF,0xFD,0x71,0x00,0x00,0x00,0x00,0x00,0x00,0x00,0x00,0x04,0x8B,0xDE,0xFE,0xDB,0x84,0x00,0x00,0x00,0x00,0x00,0xAF,
  0xFF,0xFF,0xF8,0x00,0x00,0x00,0x00,0x00,0x00,0x00,0x06,0xFF,0xFF,0xFF,0xA4,0xFF,0xFF,0xFF,0xD0,0x00,0x00,0x00,0x00,0x00,
  0x00,0x00,0xBF,0xFF,0xFF,0xF5,0x0E,0xFF,0xFF,0xFF,0x30,0x00,0x00,0x00,0x00,0x00,0x00,0x1F,0xFF,0xFF,0xFE,0x00,0x9F,0xFF,
  0xFF,0xF8,0x00,0x00,0x00,0x00,0x00,0x00,0x06,0xFF,0xFF,0xFF,0xA0,0x03,0xFF,0xFF,0xFF,0xD0,0x00,0x00,0x00,0x00,0x00,0x00,
  0xBF,0xFF,0xFF,0xF4,0x00,0x0D,0xFF,0xFF,0xFF,0x30,0x00,0x00,0x00,0x00,0x00,0x1F,0xFF,0xFF,0xFE,0x00,0x00,0x8F,0xFF,0xFF,
  0xF8,0x00,0x00,0x00,0x00,0x00,0x05,0xFF,0xFF,0xFF,0x90,0x00,0x03,0xFF,0xFF,0xFF,0xD0,0x00,0x00,0x00,0x00,0x00,0xAF,0xFF,
  0xFF,0xF4,0x00,0x00,0x0C,0xFF,0xFF,0xFF,0x30,0x00,0x00,0x00,0x00,0x1E,0xFF,0xFF,0xFE,0x00,0x00,0x00,0x7F,0xFF,0xFF,0xF8,
  0x00,0x00,0x00,0x00,0x05,0xFF,0xFF,0xFF,0x90,0x00,0x00,0x02,0xFF,0xFF,0xFF,0xD0,0x00,0x00,0x00,0x00,0xAF,0xFF,0xFF,0xF3,
  0x00,0x00,0x00,0x0C,0xFF,0xFF,0xFF,0x30,0x00,0x00,0x00,0x0E,0xFF,0xFF,0xFD,0x00,0x00,0x00,0x00,0x6F,0xFF,0xFF,0xF8,0x00,
  0x00,0x00,0x04,0xFF,0xFF,0xFF,0x80,0x00,0x00,0x00,0x01,0xFF,0xFF,0xFF,0xD0,0x00,0x00,0x00,0x9F,0xFF,0xFF,0xF3,0x00,0x00,
  0x00,0x00,0x0B,0xFF,0xFF,0xFF,0x30,0x00,0x00,0x0E,0xFF,0xFF,0xFD,0x00,0x00,0x00,0x00,0x00,0x6F,0xFF,0xFF,0xF8,0x00,0x00,
  0x04,0xFF,0xFF,0xFF,0x80,0x00,0x00,0x00,0x00,0x01,0xFF,0xFF,0xFF,0xD0,0x00,0x00,0x8F,0xFF,0xFF,0xF3,0x00,0x00,0x00,0x00,
  0x00,0x0A,0xFF,0xFF,0xFF,0x20,0x00,0x0D,0xFF,0xFF,0xFC,0x00,0x00,0x00,0x00,0x00,0x00,0x5F,0xFF,0xFF,0xF7,0x00,0x02,0xFF,
  0xFF,0xFF,0x70,0x00,0x00,0x00,0x00,0x00,0x00,0xEF,0xFF,0xFF,0xB0,0x00,0x7F,0xFF,0xFF,0xF2,0x00,0x00,0x00,0x00,0x00,0x00,
  0x09,0xFF,0xFF,0xFF,0x10,0x0B,0xFF,0xFF,0xFC,0x00,0x00,0x00,0x00,0x00,0x00,0x00,0x4F,0xFF,0xFF,0xF5,0x01,0xFF,0xFF,0xFF,
  0x70,0x00,0x00,0x00,0x00,0x00,0x00,0x00,0xEF,0xFF,0xFF,0xA0,0x5F,0xFF,0xFF,0xF2,0x00,0x00,0x00,0x00,0x00,0x00,0x00,0x08,
  0xFF,0xFF,0xFE,0x09,0xFF,0xFF,0xFB,0x00,0x00,0x00,0x00,0x00,0x00,0x00,0x00,0x3F,0xFF,0xFF,0xF4,0xDF,0xFF,0xFF,0x60,0x00,
  0x00,0x00,0x00,0x00,0x00,0x00,0x00,0xDF,0xFF,0xFF,0xBF,0xFF,0xFF,0xF1,0x00,0x00,0x00,0x00,0x00,0x00,0x00,0x00,0x08,0xFF,
  0xFF,0xFF,0xFF,0xFF,0xFB,0x00,0x00,0x00,0x00,0x00,0x00,0x00,0x00,0x00,0x2F,0xFF,0xFF,0xFF,0xFF,0xFF,0x60,0x00,0x00,0x00,
  0x00,0x00,0x00,0x00,0x00,0x00,0xCF,0xFF,0xFF,0xFF,0xFF,0xF1,0x00,0x00,0x00,0x00,0x00,0x00,0x00,0x00,0x00,0x07,0xFF,0xFF,
  0xFF,0xFF,0xFA,0x00,0x00,0x00,0x00,0x00,0x00,0x00,0x00,0x00,0x00,0x2F,0xFF,0xFF,0xFF,0xFF,0x50,0x00,0x00,0x00,0x00,0x00,
  0x00,0x00,0x00,0x00,0x00,0xBF,0xFF,0xFF,0xFF,0xE1,0x00,0x00,0x00,0x00,0x00,0xAF,0xFF,0xFF,0xF5,0x00,0x00,0x00,0x00,0x00,
  0x8F,0xFF,0xFF,0xF6,0x00,0x00,0x00,0x00,0x00,0x8F,0xFF,0xFF,0xF8,0x6F,0xFF,0xFF,0xF9,0x00,0x00,0x00,0x00,0x00,0xCF,0xFF,
  0xFF,0xFA,0x00,0x00,0x00,0x00,0x00,0xCF,0xFF,0xFF,0xF4,0x2F,0xFF,0xFF,0xFC,0x00,0x00,0x00,0x00,0x01,0xFF,0xFF,0xFF,0xFE,
  0x00,0x00,0x00,0x00,0x01,0xFF,0xFF,0xFF,0xE0,0x0D,0xFF,0xFF,0xFF,0x10,0x00,0x00,0x00,0x05,0xFF,0xFF,0xFF,0xFF,0x20,0x00,
  0x00,0x00,0x04,0xFF,0xFF,0xFF,0xB0,0x09,0xFF,0xFF,0xFF,0x40,0x00,0x00,0x00,0x08,0xFF,0xFF,0xFF,0xFF,0x60,0x00,0x00,0x00,
  0x07,0xFF,0xFF,0xFF,0x70,0x05,0xFF,0xFF,0xFF,0x80,0x00,0x00,0x00,0x0C,0xFF,0xFF,0xFF,0xFF,0xA0,0x00,0x00,0x00,0x0B,0xFF,
  0xFF,0xFF,0x30,0x01,0xFF,0xFF,0xFF,0xC0,0x00,0x00,0x00,0x1F,0xFF,0xFF,0xFF,0xFF,0xE0,0x00,0x00,0x00,0x0E,0xFF,0xFF,0xFE,
  0x00,0x00,0xCF,0xFF,0xFF,0xF0,0x00,0x00,0x00,0x5F,0xFF,0xFF,0xFF,0xFF,0xF2,0x00,0x00,0x00,0x3F,0xFF,0xFF,0xF9,0x00,0x00,
  0x8F,0xFF,0xFF,0xF4,0x00,0x00,0x00,0x9F,0xFF,0xFF,0xFF,0xFF,0xF6,0x00,0x00,0x00,0x6F,0xFF,0xFF,0xF5,0x00,0x00,0x4F,0xFF,
  0xFF,0xF7,0x00,0x00,0x00,0xCF,0xFF,0xFD,0xFF,0xFF,0xFA,0x00,0x00,0x00,0xAF,0xFF,0xFF,0xF1,0x00,0x00,0x0E,0xFF,0xFF,0xFB,
  0x00,0x00,0x01,0xFF,0xFF,0xF9,0xCF,0xFF,0xFD,0x00,0x00,0x00,0xDF,0xFF,0xFF,0xC0,0x00,0x00,0x0B,0xFF,0xFF,0xFE,0x00,0x00,
  0x05,0xFF,0xFF,0xF6,0x9F,0xFF,0xFF,0x20,0x00,0x02,0xFF,0xFF,0xFF,0x80,0x00,0x00,0x07,0xFF,0xFF,0xFF,0x30,0x00,0x09,0xFF,
  0xFF,0xF3,0x6F,0xFF,0xFF,0x60,0x00,0x06,0xFF,0xFF,0xFF,0x40,0x00,0x00,0x03,0xFF,0xFF,0xFF,0x60,0x00,0x0C,0xFF,0xFF,0xE0,
  0x2F,0xFF,0xFF,0xA0,0x00,0x09,0xFF,0xFF,0xFF,0x10,0x00,0x00,0x00,0xEF,0xFF,0xFF,0xA0,0x00,0x1F,0xFF,0xFF,0xB0,0x0E,0xFF,
  0xFF,0xD0,0x00,0x0D,0xFF,0xFF,0xFB,0x00,0x00,0x00,0x00,0xAF,0xFF,0xFF,0xE0,0x00,0x5F,0xFF,0xFF,0x70,0x0A,0xFF,0xFF,0xF2,
  0x00,0x1F,0xFF,0xFF,0xF7,0x00,0x00,0x00,0x00,0x6F,0xFF,0xFF,0xF2,0x00,0x8F,0xFF,0xFF,0x30,0x06,0xFF,0xFF,0xF5,0x00,0x4F,
  0xFF,0xFF,0xF3,0x00,0x00,0x00,0x00,0x2F,0xFF,0xFF,0xF5,0x00,0xCF,0xFF,0xFE,0x00,0x02,0xFF,0xFF,0xF9,0x00,0x8F,0xFF,0xFF,
  0xE0,0x00,0x00,0x00,0x00,0x0D,0xFF,0xFF,0xF8,0x00,0xFF,0xFF,0xFA,0x00,0x00,0xDF,0xFF,0xFC,0x00,0xBF,0xFF,0xFF,0xA0,0x00,
  0x00,0x00,0x00,0x09,0xFF,0xFF,0xFB,0x03,0xFF,0xFF,0xF6,0x00,0x00,0x9F,0xFF,0xFF,0x10,0xEF,0xFF,0xFF,0x60,0x00,0x00,0x00,
  0x00,0x05,0xFF,0xFF,0xFE,0x06,0xFF,0xFF,0xF2,0x00,0x00,0x5F,0xFF,0xFF,0x42,0xFF,0xFF,0xFF,0x20,0x00,0x00,0x00,0x00,0x01,
  0xFF,0xFF,0xFF,0x2A,0xFF,0xFF,0xE0,0x00,0x00,0x1F,0xFF,0xFF,0x75,0xFF,0xFF,0xFD,0x00,0x00,0x00,0x00,0x00,0x00,0xCF,0xFF,
  0xFF,0x5D,0xFF,0xFF,0xA0,0x00,0x00,0x0C,0xFF,0xFF,0xA8,0xFF,0xFF,0xF9,0x00,0x00,0x00,0x00,0x00,0x00,0x8F,0xFF,0xFF,0xAF,
  0xFF,0xFF,0x60,0x00,0x00,0x08,0xFF,0xFF,0xEC,0xFF,0xFF,0xF5,0x00,0x00,0x00,0x00,0x00,0x00,0x4F,0xFF,0xFF,0xFF,0xFF,0xFF,
  0x20,0x00,0x00,0x04,0xFF,0xFF,0xFF,0xFF,0xFF,0xF1,0x00,0x00,0x00,0x00,0x00,0x00,0x0E,0xFF,0xFF,0xFF,0xFF,0xFD,0x00,0x00,
  0x00,0x01,0xFF,0xFF,0xFF,0xFF,0xFF,0xC0,0x00,0x00,0x00,0x00,0x00,0x00,0x0A,0xFF,0xFF,0xFF,0xFF,0xF9,0x00,0x00,0x00,0x00,
  0xCF,0xFF,0xFF,0xFF,0xFF,0x80,0x00,0x00,0x00,0x00,0x00,0x00,0x06,0xFF,0xFF,0xFF,0xFF,0xF5,0x00,0x00,0x00,0x00,0x8F,0xFF,
  0xFF,0xFF,0xFF,0x40,0x00,0x00,0x00,0x00,0x00,0x00,0x02,0xFF,0xFF,0xFF,0xFF,0xF1,0x00,0x00,0x00,0x00,0x4F,0xFF,0xFF,0xFF,
  0xFE,0x00,0x00,0x00,0x00,0x00,0x00,0x00,0x00,0xDF,0xFF,0xFF,0xFF,0xC0,0x00,0x00,0x00,0x00,0x0E,0xFF,0xFF,0xFF,0xFB,0x00,
  0x00,0x00,0x00,0x00,0x00,0x00,0x00,0x9F,0xFF,0xFF,0xFF,0x90,0x00,0x00,0x00,0x00,0x0B,0xFF,0xFF,0xFF,0xF6,0x00,0x00,0x00,
  0x00,0x00,0x00,0x00,0x00,0x5F,0xFF,0xFF,0xFF,0x50,0x00,0x00,0x00,0x00,0x07,0xFF,0xFF,0xFF,0xF2,0x00,0x00,0x00,0x00,0x06,
  0xFF,0xFF,0xFF,0xE2,0x00,0x00,0x00,0x00,0x00,0x03,0xFF,0xFF,0xFF,0xF3,0x00,0x0B,0xFF,0xFF,0xFF,0xB0,0x00,0x00,0x00,0x00,
  0x00,0xCF,0xFF,0xFF,0xF7,0x00,0x00,0x2E,0xFF,0xFF,0xFF,0x60,0x00,0x00,0x00,0x00,0x7F,0xFF,0xFF,0xFC,0x00,0x00,0x00,0x6F,
  0xFF,0xFF,0xFE,0x10,0x00,0x00,0x00,0x3F,0xFF,0xFF,0xFF,0x20,0x00,0x00,0x00,0xBF,0xFF,0xFF,0xFA,0x00,0x00,0x00,0x0C,0xFF,
  0xFF,0xFF,0x70,0x00,0x00,0x00,0x02,0xEF,0xFF,0xFF,0xF5,0x00,0x00,0x07,0xFF,0xFF,0xFF,0xC0,0x00,0x00,0x00,0x00,0x06,0xFF,
  0xFF,0xFF,0xD1,0x00,0x02,0xFF,0xFF,0xFF,0xF2,0x00,0x00,0x00,0x00,0x00,0x0B,0xFF,0xFF,0xFF,0x90,0x00,0xBF,0xFF,0xFF,0xF7,
  0x00,0x00,0x00,0x00,0x00,0x00,0x2E,0xFF,0xFF,0xFF,0x30,0x6F,0xFF,0xFF,0xFC,0x00,0x00,0x00,0x00,0x00,0x00,0x00,0x5F,0xFF,
  0xFF,0xFC,0x2E,0xFF,0xFF,0xFE,0x20,0x00,0x00,0x00,0x00,0x00,0x00,0x00,0xAF,0xFF,0xFF,0xFD,0xFF,0xFF,0xFF,0x60,0x00,0x00,
  0x00,0x00,0x00,0x00,0x00,0x01,0xEF,0xFF,0xFF,0xFF,0xFF,0xFF,0xB0,0x00,0x00,0x00,0x00,0x00,0x00,0x00,0x00,0x05,0xFF,0xFF,
  0xFF,0xFF,0xFF,0xE2,0x00,0x00,0x00,0x00,0x00,0x00,0x00,0x00,0x00,0x0A,0xFF,0xFF,0xFF,0xFF,0xF6,0x00,0x00,0x00,0x00,0x00,
  0x00,0x00,0x00,0x00,0x00,0x1E,0xFF,0xFF,0xFF,0xFB,0x00,0x00,0x00,0x00,0x00,0x00,0x00,0x00,0x00,0x00,0x00,0x6F,0xFF,0xFF,
  0xFF,0x40,0x00,0x00,0x00,0x00,0x00,0x00,0x00,0x00,0x00,0x00,0x0C,0xFF,0xFF,0xFF,0xFC,0x00,0x00,0x00,0x00,0x00,0x00,0x00,
  0x00,0x00,0x00,0x08,0xFF,0xFF,0xFF,0xFF,0xF8,0x00,0x00,0x00,0x00,0x00,0x00,0x00,0x00,0x00,0x04,0xFF,0xFF,0xFF,0xFF,0xFF,
  0xF3,0x00,0x00,0x00,0x00,0x00,0x00,0x00,0x00,0x01,0xDF,0xFF,0xFF,0xFF,0xFF,0xFF,0xD0,0x00,0x00,0x00,0x00,0x00,0x00,0x00,
  0x00,0xAF,0xFF,0xFF,0xFE,0xFF,0xFF,0xFF,0x80,0x00,0x00,0x00,0x00,0x00,0x00,0x00,0x6F,0xFF,0xFF,0xFC,0x3F,0xFF,0xFF,0xFF,
  0x40,0x00,0x00,0x00,0x00,0x00,0x00,0x2E,0xFF,0xFF,0xFF,0x30,0x8F,0xFF,0xFF,0xFD,0x10,0x00,0x00,0x00,0x00,0x00,0x0B,0xFF,
  0xFF,0xFF,0x70,0x00,0xDF,0xFF,0xFF,0xF9,0x00,0x00,0x00,0x00,0x00,0x07,0xFF,0xFF,0xFF,0xC0,0x00,0x03,0xFF,0xFF,0xFF,0xF4,
  0x00,0x00,0x00,0x00,0x03,0xFF,0xFF,0xFF,0xF3,0x00,0x00,0x08,0xFF,0xFF,0xFF,0xE1,0x00,0x00,0x00,0x01,0xDF,0xFF,0xFF,0xF7,
  0x00,0x00,0x00,0x1D,0xFF,0xFF,0xFF,0xA0,0x00,0x00,0x00,0x9F,0xFF,0xFF,0xFC,0x00,0x00,0x00,0x00,0x4F,0xFF,0xFF,0xFF,0x50,
  0x00,0x00,0x4F,0xFF,0xFF,0xFE,0x20,0x00,0x00,0x00,0x00,0x8F,0xFF,0xFF,0xFE,0x10,0x00,0x1E,0xFF,0xFF,0xFF,0x60,0x00,0x00,
  0x00,0x00,0x01,0xDF,0xFF,0xFF,0xFB,0x00,0x0A,0xFF,0xFF,0xFF,0xB0,0x00,0x00,0x00,0x00,0x00,0x04,0xFF,0xFF,0xFF,0xF6,0x06,
  0xFF,0xFF,0xFF,0xE2,0x00,0x00,0x00,0x00,0x00,0x00,0x09,0xFF,0xFF,0xFF,0xE2,0x8F,0xFF,0xFF,0xFE,0x10,0x00,0x00,0x00,0x00,
  0x00,0x00,0xAF,0xFF,0xFF,0xFD,0x01,0xDF,0xFF,0xFF,0xF9,0x00,0x00,0x00,0x00,0x00,0x00,0x3F,0xFF,0xFF,0xFF,0x40,0x05,0xFF,
  0xFF,0xFF,0xF3,0x00,0x00,0x00,0x00,0x00,0x0B,0xFF,0xFF,0xFF,0xA0,0x00,0x0B,0xFF,0xFF,0xFF,0xB0,0x00,0x00,0x00,0x00,0x05,
  0xFF,0xFF,0xFF,0xF2,0x00,0x00,0x3F,0xFF,0xFF,0xFF,0x50,0x00,0x00,0x00,0x00,0xDF,0xFF,0xFF,0xF8,0x00,0x00,0x00,0x8F,0xFF,
  0xFF,0xFD,0x00,0x00,0x00,0x00,0x6F,0xFF,0xFF,0xFE,0x10,0x00,0x00,0x01,0xEF,0xFF,0xFF,0xF7,0x00,0x00,0x00,0x1E,0xFF,0xFF,
  0xFF,0x60,0x00,0x00,0x00,0x06,0xFF,0xFF,0xFF,0xE1,0x00,0x00,0x07,0xFF,0xFF,0xFF,0xC0,0x00,0x00,0x00,0x00,0x0C,0xFF,0xFF,
  0xFF,0x90,0x00,0x01,0xEF,0xFF,0xFF,0xF3,0x00,0x00,0x00,0x00,0x00,0x3F,0xFF,0xFF,0xFF,0x20,0x00,0x9F,0xFF,0xFF,0xF9,0x00,
  0x00,0x00,0x00,0x00,0x00,0x9F,0xFF,0xFF,0xFA,0x00,0x2F,0xFF,0xFF,0xFE,0x10,0x00,0x00,0x00,0x00,0x00,0x01,0xEF,0xFF,0xFF,
  0xF3,0x0A,0xFF,0xFF,0xFF,0x70,0x00,0x00,0x00,0x00,0x00,0x00,0x06,0xFF,0xFF,0xFF,0xC3,0xFF,0xFF,0xFF,0xD0,0x00,0x00,0x00,
  0x00,0x00,0x00,0x00,0x0C,0xFF,0xFF,0xFF,0xDF,0xFF,0xFF,0xF4,0x00,0x00,0x00,0x00,0x00,0x00,0x00,0x00,0x4F,0xFF,0xFF,0xFF,
  0xFF,0xFF,0xFB,0x00,0x00,0x00,0x00,0x00,0x00,0x00,0x00,0x00,0xAF,0xFF,0xFF,0xFF,0xFF,0xFF,0x20,0x00,0x00,0x00,0x00,0x00,
  0x00,0x00,0x00,0x02,0xEF,0xFF,0xFF,0xFF,0xFF,0x80,0x00,0x00,0x00,0x00,0x00,0x00,0x00,0x00,0x00,0x07,0xFF,0xFF,0xFF,0xFF,
  0xE1,0x00,0x00,0x00,0x00,0x00,0x00,0x00,0x00,0x00,0x00,0x0D,0xFF,0xFF,0xFF,0xF6,0x00,0x00,0x00,0x00,0x00,0x00,0x00,0x00,
  0x00,0x00,0x00,0x4F,0xFF,0xFF,0xFC,0x00,0x00,0x00,0x00,0x00,0x00,0x00,0x00,0x00,0x00,0x00,0x00,0xEF,0xFF,0xFF,0x70,0x00,
  0x00,0x00,0x00,0x00,0x00,0x00,0x00,0x00,0x00,0x00,0x0E,0xFF,0xFF,0xF7,0x00,0x00,0x00,0x00,0x00,0x00,0x00,0x00,0x00,0x00,
  0x00,0x00,0xEF,0xFF,0xFF,0x70,0x00,0x00,0x00,0x00,0x00,0x00,0x00,0x00,0x00,0x00,0x00,0x0E,0xFF,0xFF,0xF7,0x00,0x00,0x00,
  0x00,0x00,0x00,0x00,0x00,0x00,0x00,0x00,0x00,0xEF,0xFF,0xFF,0x70,0x00,0x00,0x00,0x00,0x00,0x00,0x00,0x00,0x00,0x00,0x00,
  0x0E,0xFF,0xFF,0xF7,0x00,0x00,0x00,0x00,0x00,0x00,0x00,0x00,0x00,0x00,0x00,0x00,0xEF,0xFF,0xFF,0x70,0x00,0x00,0x00,0x00,
  0x00,0x00,0x00,0x00,0x00,0x00,0x00,0x0E,0xFF,0xFF,0xF7,0x00,0x00,0x00,0x00,0x00,0x00,0x00,0x00,0x00,0x00,0x00,0x00,0xEF,
  0xFF,0xFF,0x70,0x00,0x00,0x00,0x00,0x00,0x00,0x00,0x00,0x00,0x00,0x00,0x0E,0xFF,0xFF,0xF7,0x00,0x00,0x00,0x00,0x00,0x00,
  0x00,0x00,0x00,0x00,0x00,0x00,0xEF,0xFF,0xFF,0x70,0x00,0x00,0x00,0x00,0x00,0x00,0x00,0x00,0x00,0x00,0x00,0x0E,0xFF,0xFF,
  0xF7,0x00,0x00,0x00,0x00,0x00,0x00,0x06,0xFF,0xFF,0xFF,0xFF,0xFF,0xFF,0xFF,0xFF,0xFF,0xFF,0xFF,0xFF,0x90,0x06,0xFF,0xFF,
  0xFF,0xFF,0xFF,0xFF,0xFF,0xFF,0xFF,0xFF,0xFF,0xFF,0x90,0x06,0xFF,0xFF,0xFF,0xFF,0xFF,0xFF,0xFF,0xFF,0xFF,0xFF,0xFF,0xFF,
  0x90,0x06,0xFF,0xFF,0xFF,0xFF,0xFF,0xFF,0xFF,0xFF,0xFF,0xFF,0xFF,0xFF,0x90,0x06,0xFF,0xFF,0xFF,0xFF,0xFF,0xFF,0xFF,0xFF,
  0xFF,0xFF,0xFF,0xFF,0x90,0x04,0xAA,0xAA,0xAA,0xAA,0xAA,0xAA,0xAA,0xAA,0xDF,0xFF,0xFF,0xFF,0x50,0x00,0x00,0x00,0x00,0x00,
  0x00,0x00,0x00,0x03,0xEF,0xFF,0xFF,0xF7,0x00,0x00,0x00,0x00,0x00,0x00,0x00,0x00,0x00,0x1D,0xFF,0xFF,0xFF,0xA0,0x00,0x00,
  0x00,0x00,0x00,0x00,0x00,0x00,0x01,0xCF,0xFF,0xFF,0xFC,0x10,0x00,0x00,0x00,0x00,0x00,0x00,0x00,0x00,0x0A,0xFF,0xFF,0xFF,
  0xE2,0x00,0x00,0x00,0x00,0x00,0x00,0x00,0x00,0x00,0x8F,0xFF,0xFF,0xFF,0x40,0x00,0x00,0x00,0x00,0x00,0x00,0x00,0x00,0x05,
  0xFF,0xFF,0xFF,0xF7,0x00,0x00,0x00,0x00,0x00,0x00,0x00,0x00,0x00,0x3E,0xFF,0xFF,0xFF,0xA0,0x00,0x00,0x00,0x00,0x00,0x00,
  0x00,0x00,0x01,0xDF,0xFF,0xFF,0xFC,0x10,0x00,0x00,0x00,0x00,0x00,0x00,0x00,0x00,0x0B,0xFF,0xFF,0xFF,0xE2,0x00,0x00,0x00,
  0x00,0x00,0x00,0x00,0x00,0x00,0x9F,0xFF,0xFF,0xFF,0x40,0x00,0x00,0x00,0x00,0x00,0x00,0x00,0x00,0x06,0xFF,0xFF,0xFF,0xF6,
  0x00,0x00,0x00,0x00,0x00,0x00,0x00,0x00,0x00,0x3F,0xFF,0xFF,0xFF,0x90,0x00,0x00,0x00,0x00,0x00,0x00,0x00,0x00,0x02,0xEF,
  0xFF,0xFF,0xFC,0x00,0x00,0x00,0x00,0x00,0x00,0x00,0x00,0x00,0x0C,0xFF,0xFF,0xFF,0xD1,0x00,0x00,0x00,0x00,0x00,0x00,0x00,
  0x00,0x00,0xAF,0xFF,0xFF,0xFF,0x30,0x00,0x00,0x00,0x00,0x00,0x00,0x00,0x00,0x07,0xFF,0xFF,0xFF,0xF6,0x00,0x00,0x00,0x00,
  0x00,0x00,0x00,0x00,0x00,0x4F,0xFF,0xFF,0xFF,0x80,0x00,0x00,0x00,0x00,0x00,0x00,0x00,0x00,0x02,0xEF,0xFF,0xFF,0xFA,0x00,
  0x00,0x00,0x00,0x00,0x00,0x00,0x00,0x00,0x1D,0xFF,0xFF,0xFF,0xC1,0x00,0x00,0x00,0x00,0x00,0x00,0x00,0x00,0x00,0xBF,0xFF,
  0xFF,0xFD,0x20,0x00,0x00,0x00,0x00,0x00,0x00,0x00,0x00,0x08,0xFF,0xFF,0xFF,0xFC,0xAA,0xAA,0xAA,0xAA,0xAA,0xAA,0xAA,0xAA,
  0x80,0x0D,0xFF,0xFF,0xFF,0xFF,0xFF,0xFF,0xFF,0xFF,0xFF,0xFF,0xFF,0xFF,0xB0,0x0D,0xFF,0xFF,0xFF,0xFF,0xFF,0xFF,0xFF,0xFF,
  0xFF,0xFF,0xFF,0xFF,0xB0,0x0D,0xFF,0xFF,0xFF,0xFF,0xFF,0xFF,0xFF,0xFF,0xFF,0xFF,0xFF,0xFF,0xB0,0x0D,0xFF,0xFF,0xFF,0xFF,
  0xFF,0xFF,0xFF,0xFF,0xFF,0xFF,0xFF,0xFF,0xB0,0x0D,0xFF,0xFF,0xFF,0xFF,0xFF,0xFF,0xFF,0xFF,0xFF,0xFF,0xFF,0xFF,0xB0,0x00,
  0x3E,0xEE,0xEE,0xEE,0xEE,0xE1,0x00,0x03,0xFF,0xFF,0xFF,0xFF,0xFF,0x10,0x00,0x3F,0xFF,0xFF,0xFF,0xFF,0xF1,0x00,0x03,0xFF,
  0xFF,0xFF,0xFF,0xFF,0x10,0x00,0x3F,0xFF,0xFF,0xFF,0xFF,0xF1,0x00,0x03,0xFF,0xFF,0xFF,0x20,0x00,0x00,0x00,0x3F,0xFF,0xFF,
  0xF2,0x00,0x00,0x00,0x03,0xFF,0xFF,0xFF,0x20,0x00,0x00,0x00,0x3F,0xFF,0xFF,0xF2,0x00,0x00,0x00,0x03,0xFF,0xFF,0xFF,0x20,
  0x00,0x00,0x00,0x3F,0xFF,0xFF,0xF2,0x00,0x00,0x00,0x03,0xFF,0xFF,0xFF,0x20,0x00,0x00,0x00,0x3F,0xFF,0xFF,0xF2,0x00,0x00,
  0x00,0x03,0xFF,0xFF,0xFF,0x20,0x00,0x00,0x00,0x3F,0xFF,0xFF,0xF2,0x00,0x00,0x00,0x03,0xFF,0xFF,0xFF,0x20,0x00,0x00,0x00,
  0x3F,0xFF,0xFF,0xF2,0x00,0x00,0x00,0x03,0xFF,0xFF,0xFF,0x20,0x00,0x00,0x00,0x3F,0xFF,0xFF,0xF2,0x00,0x00,0x00,0x03,0xFF,
  0xFF,0xFF,0x20,0x00,0x00,0x00,0x3F,0xFF,0xFF,0xF2,0x00,0x00,0x00,0x03,0xFF,0xFF,0xFF,0x20,0x00,0x00,0x00,0x3F,0xFF,0xFF,
  0xF2,0x00,0x00,0x00,0x03,0xFF,0xFF,0xFF,0x20,0x00,0x00,0x00,0x3F,0xFF,0xFF,0xF2,0x00,0x00,0x00,0x03,0xFF,0xFF,0xFF,0x20,
  0x00,0x00,0x00,0x3F,0xFF,0xFF,0xF2,0x00,0x00,0x00,0x03,0xFF,0xFF,0xFF,0x20,0x00,0x00,0x00,0x3F,0xFF,0xFF,0xF2,0x00,0x00,
  0x00,0x03,0xFF,0xFF,0xFF,0x20,0x00,0x00,0x00,0x3F,0xFF,0xFF,0xF2,0x00,0x00,0x00,0x03,0xFF,0xFF,0xFF,0x20,0x00,0x00,0x00,
  0x3F,0xFF,0xFF,0xF2,0x00,0x00,0x00,0x03,0xFF,0xFF,0xFF,0x20,0x00,0x00,0x00,0x3F,0xFF,0xFF,0xF2,0x00,0x00,0x00,0x03,0xFF,
  0xFF,0xFF,0xEE,0xEE,0x10,0x00,0x3F,0xFF,0xFF,0xFF,0xFF,0xF1,0x00,0x03,0xFF,0xFF,0xFF,0xFF,0xFF,0x10,0x00,0x3F,0xFF,0xFF,
  0xFF,0xFF,0xF1,0x00,0x03,0xFF,0xFF,0xFF,0xFF,0xFF,0x10,0x45,0x55,0x53,0x00,0x00,0x00,0x00,0x00,0xBF,0xFF,0xFC,0x00,0x00,
  0x00,0x00,0x00,0x6F,0xFF,0xFF,0x10,0x00,0x00,0x00,0x00,0x2F,0xFF,0xFF,0x50,0x00,0x00,0x00,0x00,0x0D,0xFF,0xFF,0x90,0x00,
  0x00,0x00,0x00,0x09,0xFF,0xFF,0xD0,0x00,0x00,0x00,0x00,0x05,0xFF,0xFF,0xF2,0x00,0x00,0x00,0x00,0x01,0xFF,0xFF,0xF6,0x00,
  0x00,0x00,0x00,0x00,0xCF,0xFF,0xFA,0x00,0x00,0x00,0x00,0x00,0x8F,0xFF,0xFE,0x00,0x00,0x00,0x00,0x00,0x4F,0xFF,0xFF,0x40,
  0x00,0x00,0x00,0x00,0x1F,0xFF,0xFF,0x80,0x00,0x00,0x00,0x00,0x0B,0xFF,0xFF,0xC0,0x00,0x00,0x00,0x00,0x07,0xFF,0xFF,0xF1,
  0x00,0x00,0x00,0x00,0x03,0xFF,0xFF,0xF5,0x00,0x00,0x00,0x00,0x00,0xEF,0xFF,0xF9,0x00,0x00,0x00,0x00,0x00,0xAF,0xFF,0xFD,
  0x00,0x00,0x00,0x00,0x00,0x6F,0xFF,0xFF,0x20,0x00,0x00,0x00,0x00,0x2F,0xFF,0xFF,0x60,0x00,0x00,0x00,0x00,0x0D,0xFF,0xFF,
  0xA0,0x00,0x00,0x00,0x00,0x09,0xFF,0xFF,0xE0,0x00,0x00,0x00,0x00,0x05,0xFF,0xFF,0xF3,0x00,0x00,0x00,0x00,0x01,0xFF,0xFF,
  0xF7,0x00,0x00,0x00,0x00,0x00,0xCF,0xFF,0xFB,0x00,0x00,0x00,0x00,0x00,0x8F,0xFF,0xFF,0x10,0x00,0x00,0x00,0x00,0x4F,0xFF,
  0xFF,0x40,0x00,0x00,0x00,0x00,0x0E,0xFF,0xFF,0x80,0x00,0x00,0x00,0x00,0x0B,0xFF,0xFF,0xC0,0x00,0x00,0x00,0x00,0x07,0xFF,
  0xFF,0xF1,0x00,0x00,0x00,0x00,0x02,0xFF,0xFF,0xF5,0x00,0x00,0x00,0x00,0x00,0xDF,0xFF,0xF9,0x00,0x00,0x00,0x00,0x00,0x9F,
  0xFF,0xFD,0x00,0x00,0x00,0x00,0x00,0x5F,0xFF,0xFF,0x20,0x00,0x00,0x00,0x00,0x1F,0xFF,0xFF,0x60,0x00,0x00,0x00,0x00,0x0C,
  0xFF,0xFF,0xA0,0x00,0x00,0x00,0x00,0x08,0xFF,0xFF,0xE0,0x00,0x00,0x00,0x00,0x04,0xFF,0xFF,0xF3,0x00,0x00,0x00,0x00,0x01,
  0xFF,0xFF,0xF8,0x00,0x00,0x00,0x00,0x00,0xBF,0xFF,0xFC,0x08,0xEE,0xEE,0xEE,0xEE,0xEB,0x00,0x00,0x8F,0xFF,0xFF,0xFF,0xFF,
  0xB0,0x00,0x08,0xFF,0xFF,0xFF,0xFF,0xFB,0x00,0x00,0x8F,0xFF,0xFF,0xFF,0xFF,0xB0,0x00,0x08,0xFF,0xFF,0xFF,0xFF,0xFB,0x00,
  0x00,0x00,0x00,0x9F,0xFF,0xFF,0xB0,0x00,0x00,0x00,0x09,0xFF,0xFF,0xFB,0x00,0x00,0x00,0x00,0x9F,0xFF,0xFF,0xB0,0x00,0x00,
  0x00,0x09,0xFF,0xFF,0xFB,0x00,0x00,0x00,0x00,0x9F,0xFF,0xFF,0xB0,0x00,0x00,0x00,0x09,0xFF,0xFF,0xFB,0x00,0x00,0x00,0x00,
  0x9F,0xFF,0xFF,0xB0,0x00,0x00,0x00,0x09,0xFF,0xFF,0xFB,0x00,0x00,0x00,0x00,0x9F,0xFF,0xFF,0xB0,0x00,0x00,0x00,0x09,0xFF,
  0xFF,0xFB,0x00,0x00,0x00,0x00,0x9F,0xFF,0xFF,0xB0,0x00,0x00,0x00,0x09,0xFF,0xFF,0xFB,0x00,0x00,0x00,0x00,0x9F,0xFF,0xFF,
  0xB0,0x00,0x00,0x00,0x09,0xFF,0xFF,0xFB,0x00,0x00,0x00,0x00,0x9F,0xFF,0xFF,0xB0,0x00,0x00,0x00,0x09,0xFF,0xFF,0xFB,0x00,
  0x00,0x00,0x00,0x9F,0xFF,0xFF,0xB0,0x00,0x00,0x00,0x09,0xFF,0xFF,0xFB,0x00,0x00,0x00,0x00,0x9F,0xFF,0xFF,0xB0,0x00,0x00,
  0x00,0x09,0xFF,0xFF,0xFB,0x00,0x00,0x00,0x00,0x9F,0xFF,0xFF,0xB0,0x00,0x00,0x00,0x09,0xFF,0xFF,0xFB,0x00,0x00,0x00,0x00,
  0x9F,0xFF,0xFF,0xB0,0x00,0x00,0x00,0x09,0xFF,0xFF,0xFB,0x00,0x00,0x00,0x00,0x9F,0xFF,0xFF,0xB0,0x00,0x00,0x00,0x09,0xFF,
  0xFF,0xFB,0x00,0x00,0x00,0x00,0x9F,0xFF,0xFF,0xB0,0x00,0x00,0x00,0x09,0xFF,0xFF,0xFB,0x00,0x00,0x00,0x00,0x9F,0xFF,0xFF,
  0xB0,0x00,0x00,0x00,0x09,0xFF,0xFF,0xFB,0x00,0x00,0x8E,0xEE,0xFF,0xFF,0xFF,0xB0,0x00,0x08,0xFF,0xFF,0xFF,0xFF,0xFB,0x00,
  0x00,0x8F,0xFF,0xFF,0xFF,0xFF,0xB0,0x00,0x08,0xFF,0xFF,0xFF,0xFF,0xFB,0x00,0x00,0x8F,0xFF,0xFF,0xFF,0xFF,0xB0,0x00,0x00,
  0x00,0x00,0x03,0x55,0x55,0x50,0x00,0x00,0x00,0x00,0x00,0x00,0x0D,0xFF,0xFF,0xF3,0x00,0x00,0x00,0x00,0x00,0x00,0x5F,0xFF,
  0xFF,0xFA,0x00,0x00,0x00,0x00,0x00,0x00,0xCF,0xFF,0xFF,0xFF,0x20,0x00,0x00,0x00,0x00,0x04,0xFF,0xFF,0xFF,0xFF,0xA0,0x00,
  0x00,0x00,0x00,0x0B,0xFF,0xFC,0x7F,0xFF,0xF2,0x00,0x00,0x00,0x00,0x4F,0xFF,0xF6,0x1E,0xFF,0xF9,0x00,0x00,0x00,0x00,0xBF,
  0xFF,0xE0,0x09,0xFF,0xFF,0x10,0x00,0x00,0x03,0xFF,0xFF,0x80,0x02,0xFF,0xFF,0x80,0x00,0x00,0x0A,0xFF,0xFF,0x10,0x00,0xBF,
  0xFF,0xE1,0x00,0x00,0x2F,0xFF,0xF9,0x00,0x00,0x4F,0xFF,0xF7,0x00,0x00,0x9F,0xFF,0xF3,0x00,0x00,0x0C,0xFF,0xFE,0x10,0x02,
  0xFF,0xFF,0xB0,0x00,0x00,0x06,0xFF,0xFF,0x70,0x09,0xFF,0xFF,0x50,0x00,0x00,0x00,0xEF,0xFF,0xE0,0x06,0x66,0x66,0x00,0x00,
  0x00,0x00,0x46,0x66,0x62,0x00,0x00,0x00,0x00,0x00,0x00,0x00,0x00,0x00,0x00,0x00,0x00,0x00,0x00,0x00,0x00,0x00,0x00,0x00,
  0x00,0x00,0x00,0x00,0x00,0x00,0x00,0x00,0x00,0x00,0x00,0x00,0x00,0x00,0x00,0x00,0x00,0x00,0x00,0x00,0x00,0x00,0x00,0x00,
  0x00,0x00,0x00,0x00,0x00,0x00,0x00,0x00,0x00,0x00,0x00,0x00,0x00,0x00,0x00,0x00,0x00,0x00,0x00,0x00,0x00,0x00,0x00,0x00,
  0x00,0x00,0x00,0x00,0x00,0x00,0x00,0x00,0x00,0x00,0x00,0x00,0x00,0x00,0x00,0x00,0x00,0x00,0x00,0x00,0x00,0x00,0x00,0x00,
  0x00,0x00,0x00,0x00,0x00,0x00,0x00,0x00,0x00,0x00,0x00,0x00,0x00,0x00,0x00,0x00,0x00,0x00,0x00,0x00,0x00,0x00,0x00,0x00,
  0x00,0x00,0x00,0x00,0x00,0x00,0x00,0x00,0x00,0x00,0x00,0x00,0x00,0x00,0x00,0x00,0x00,0x00,0x00,0x00,0x00,0x00,0x00,0x00,
  0x00,0x00,0x00,0x00,0x00,0x00,0x00,0x00,0x00,0x00,0x00,0x00,0x00,0x00,0x00,0x00,0x00,0x00,0x00,0x00,0x00,0x00,0x00,0x00,
  0x00,0x00,0x00,0x00,0x00,0x00,0x00,0xFF,0xFF,0xFF,0xFF,0xFF,0xFF,0xFF,0xFF,0xFF,0xFF,0xDF,0xFF,0xFF,0xFF,0xFF,0xFF,0xFF,
  0xFF,0xFF,0xFF,0xFD,0xFF,0xFF,0xFF,0xFF,0xFF,0xFF,0xFF,0xFF,0xFF,0xFF,0xDF,0xFF,0xFF,0xFF,0xFF,0xFF,0xFF,0xFF,0xFF,0xFF,
  0xFD,0xEE,0xEE,0xEE,0xEE,0xEE,0xEE,0xEE,0xEE,0xEE,0xEE,0xC0,0x03,0xEF,0xFF,0xFD,0x00,0x00,0x00,0x05,0xFF,0xFF,0xF7,0x00,
  0x00,0x00,0x08,0xFF,0xFF,0xE1,0x00,0x00,0x00,0x0B,0xFF,0xFF,0x80,0x00,0x00,0x00,0x1D,0xFF,0xFF,0x20,0x00,0x00,0x00,0x3E,
  0xFF,0xFA,0x00,0x00,0x00,0x00,0x5B,0xBB,0xB2,0x00,0x00,0x00,0x00,0x00,0x00,0x00,0x00,0x00,0x00,0x00,0x00,0x00,0x00,0x00,
  0x00,0x00,0x00,0x00,0x00,0x00,0x00,0x00,0x00,0x00,0x00,0x00,0x00,0x00,0x00,0x00,0x00,0x00,0x00,0x00,0x00,0x00,0x00,0x00,
  0x00,0x00,0x00,0x00,0x00,0x00,0x00,0x00,0x00,0x00,0x00,0x00,0x00,0x00,0x00,0x00,0x00,0x00,0x00,0x00,0x00,0x00,0x00,0x00,
  0x00,0x00,0x00,0x00,0x00,0x00,0x00,0x00,0x00,0x00,0x00,0x00,0x00,0x00,0x00,0x00,0x00,0x00,0x00,0x00,0x00,0x00,0x00,0x00,
  0x00,0x00,0x00,0x00,0x00,0x00,0x00,0x00,0x00,0x00,0x00,0x00,0x00,0x00,0x00,0x00,0x00,0x00,0x00,0x00,0x00,0x00,0x00,0x00,
  0x00,0x00,0x00,0x00,0x00,0x00,0x00,0x00,0x00,0x00,0x00,0x00,0x00,0x00,0x00,0x00,0x00,0x00,0x00,0x00,0x00,0x00,0x00,0x00,
  0x00,0x00,0x00,0x00,0x00,0x00,0x00,0x00,0x00,0x00,0x00,0x00,0x00,0x00,0x00,0x00,0x00,0x00,0x00,0x00,0x00,0x00,0x00,0x00,
  0x00,0x00,0x00,0x00,0x00,0x00,0x00,0x03,0x8B,0xDE,0xFE,0xDA,0x61,0x00,0x00,0x00,0x00,0x00,0x04,0xCF,0xFF,0xFF,0xFF,0xFF,
  0xFF,0x91,0x00,0x00,0x00,0x00,0x7F,0xFF,0xFF,0xFF,0xFF,0xFF,0xFF,0xFD,0x10,0x00,0x00,0x06,0xFF,0xFF,0xFF,0xFF,0xFF,0xFF,
  0xFF,0xFF,0xC0,0x00,0x00,0x1E,0xFF,0xFF,0xFF,0xEC,0xCE,0xFF,0xFF,0xFF,0xF6,0x00,0x00,0x7F,0xFF,0xFF,0xF6,0x00,0x00,0x5E,
  0xFF,0xFF,0xFB,0x00,0x00,0xBF,0xFF,0xFF,0x70,0x00,0x00,0x06,0xFF,0xFF,0xFE,0x00,0x00,0x8A,0xAA,0xAA,0x10,0x00,0x00,0x03,
  0xFF,0xFF,0xFF,0x10,0x00,0x00,0x00,0x00,0x00,0x00,0x00,0x1A,0xFF,0xFF,0xFF,0x10,0x00,0x00,0x00,0x00,0x25,0x79,0xAD,0xFF,
  0xFF,0xFF,0xFF,0x10,0x00,0x00,0x05,0xBF,0xFF,0xFF,0xFF,0xFF,0xFF,0xFF,0xFF,0x10,0x00,0x05,0xEF,0xFF,0xFF,0xFF,0xFF,0xFF,
  0xFF,0xFF,0xFF,0x10,0x00,0x5F,0xFF,0xFF,0xFF,0xFF,0xFE,0xB8,0xFF,0xFF,0xFF,0x10,0x01,0xEF,0xFF,0xFF,0xFB,0x74,0x10,0x02,
  0xFF,0xFF,0xFF,0x10,0x06,0xFF,0xFF,0xFE,0x40,0x00,0x00,0x02,0xFF,0xFF,0xFF,0x10,0x08,0xFF,0xFF,0xF9,0x00,0x00,0x00,0x05,
  0xFF,0xFF,0xFF,0x10,0x09,0xFF,0xFF,0xF8,0x00,0x00,0x00,0x0B,0xFF,0xFF,0xFF,0x10,0x08,0xFF,0xFF,0xFD,0x10,0x00,0x01,0x9F,
  0xFF,0xFF,0xFF,0x10,0x04,0xFF,0xFF,0xFF,0xE9,0x77,0x9E,0xFF,0xFF,0xFF,0xFF,0x10,0x00,0xCF,0xFF,0xFF,0xFF,0xFF,0xFF,0xFD,
  0xFF,0xFF,0xFF,0x10,0x00,0x2E,0xFF,0xFF,0xFF,0xFF,0xFF,0xE3,0xFF,0xFF,0xFF,0x10,0x00,0x03,0xCF,0xFF,0xFF,0xFF,0xFD,0x22,
  0xFF,0xFF,0xFF,0x10,0x00,0x00,0x05,0xAC,0xEE,0xDB,0x51,0x02,0xFF,0xFF,0xFF,0x10,0x00,0xBF,0xFF,0xFF,0x80,0x00,0x00,0x00,
  0x00,0x00,0x00,0x00,0x00,0x00,0xBF,0xFF,0xFF,0x80,0x00,0x00,0x00,0x00,0x00,0x00,0x00,0x00,0x00,0xBF,0xFF,0xFF,0x80,0x00,
  0x00,0x00,0x00,0x00,0x00,0x00,0x00,0x00,0xBF,0xFF,0xFF,0x80,0x00,0x00,0x00,0x00,0x00,0x00,0x00,0x00,0x00,0xBF,0xFF,0xFF,
  0x80,0x00,0x00,0x00,0x00,0x00,0x00,0x00,0x00,0x00,0xBF,0xFF,0xFF,0x80,0x00,0x00,0x00,0x00,0x00,0x00,0x00,0x00,0x00,0xBF,
  0xFF,0xFF,0x80,0x00,0x00,0x00,0x00,0x00,0x00,0x00,0x00,0x00,0xBF,0xFF,0xFF,0x80,0x00,0x00,0x00,0x00,0x00,0x00,0x00,0x00,
  0x00,0xBF,0xFF,0xFF,0x80,0x00,0x00,0x00,0x00,0x00,0x00,0x00,0x00,0x00,0xBF,0xFF,0xFF,0x80,0x02,0x8C,0xEF,0xDB,0x61,0x00,
  0x00,0x00,0x00,0xBF,0xFF,0xFF,0x80,0x7F,0xFF,0xFF,0xFF,0xFE,0x50,0x00,0x00,0x00,0xBF,0xFF,0xFF,0x88,0xFF,0xFF,0xFF,0xFF,
  0xFF,0xF8,0x00,0x00,0x00,0xBF,0xFF,0xFF,0xDF,0xFF,0xFF,0xFF,0xFF,0xFF,0xFF,0x70,0x00,0x00,0xBF,0xFF,0xFF,0xFF,0xFF,0xFF,
  0xFF,0xFF,0xFF,0xFF,0xF3,0x00,0x00,0xBF,0xFF,0xFF,0xFF,0xF9,0x53,0x58,0xFF,0xFF,0xFF,0xFB,0x00,0x00,0xBF,0xFF,0xFF,0xFE,
  0x40,0x00,0x00,0x3E,0xFF,0xFF,0xFF,0x20,0x00,0xBF,0xFF,0xFF,0xF6,0x00,0x00,0x00,0x05,0xFF,0xFF,0xFF,0x70,0x00,0xBF,0xFF,
  0xFF,0xD0,0x00,0x00,0x00,0x00,0xDF,0xFF,0xFF,0xB0,0x00,0xBF,0xFF,0xFF,0x80,0x00,0x00,0x00,0x00,0x9F,0xFF,0xFF,0xD0,0x00,
  0xBF,0xFF,0xFF,0x60,0x00,0x00,0x00,0x00,0x7F,0xFF,0xFF,0xF0,0x00,0xBF,0xFF,0xFF,0x50,0x00,0x00,0x00,0x00,0x6F,0xFF,0xFF,
  0xF0,0x00,0xBF,0xFF,0xFF,0x60,0x00,0x00,0x00,0x00,0x7F,0xFF,0xFF,0xF0,0x00,0xBF,0xFF,0xFF,0x80,0x00,0x00,0x00,0x00,0x9F,
  0xFF,0xFF,0xD0,0x00,0xBF,0xFF,0xFF,0xD0,0x00,0x00,0x00,0x00,0xDF,0xFF,0xFF,0xB0,0x00,0xBF,0xFF,0xFF,0xF6,0x00,0x00,0x00,
  0x06,0xFF,0xFF,0xFF,0x70,0x00,0xBF,0xFF,0xFF,0xFE,0x40,0x00,0x00,0x3E,0xFF,0xFF,0xFF,0x30,0x00,0xBF,0xFF,0xFF,0xFF,0xF9,
  0x63,0x59,0xFF,0xFF,0xFF,0xFB,0x00,0x00,0xBF,0xFF,0xFF,0xFF,0xFF,0xFF,0xFF,0xFF,0xFF,0xFF,0xF4,0x00,0x00,0xBF,0xFF,0xFF,
  0xEF,0xFF,0xFF,0xFF,0xFF,0xFF,0xFF,0x80,0x00,0x00,0xBF,0xFF,0xFF,0x7B,0xFF,0xFF,0xFF,0xFF,0xFF,0xF9,0x00,0x00,0x00,0xBF,
  0xFF,0xFF,0x71,0x9F,0xFF,0xFF,0xFF,0xFE,0x60,0x00,0x00,0x00,0xBF,0xFF,0xFF,0x70,0x03,0x8C,0xEF,0xDB,0x61,0x00,0x00,0x00,
  0x00,0x00,0x00,0x00,0x49,0xCD,0xFE,0xDA,0x61,0x00,0x00,0x00,0x00,0x00,0x00,0x5D,0xFF,0xFF,0xFF,0xFF,0xFE,0x80,0x00,0x00,
  0x00,0x00,0x1A,0xFF,0xFF,0xFF,0xFF,0xFF,0xFF,0xFD,0x20,0x00,0x00,0x00,0xCF,0xFF,0xFF,0xFF,0xFF,0xFF,0xFF,0xFF,0xD2,0x00,
  0x00,0x09,0xFF,0xFF,0xFF,0xFF,0xFF,0xFF,0xFF,0xFF,0xFB,0x00,0x00,0x4F,0xFF,0xFF,0xFF,0xA6,0x34,0x7E,0xFF,0xFF,0xFF,0x50,
  0x00,0xBF,0xFF,0xFF,0xF7,0x00,0x00,0x01,0xDF,0xFF,0xFF,0xB0,0x02,0xFF,0xFF,0xFF,0xA0,0x00,0x00,0x00,0x4F,0xFF,0xFF,0xF1,
  0x06,0xFF,0xFF,0xFF,0x20,0x00,0x00,0x00,0x0B,0xCC,0xCC,0xC2,0x09,0xFF,0xFF,0xFD,0x00,0x00,0x00,0x00,0x00,0x00,0x00,0x00,
  0x0A,0xFF,0xFF,0xFB,0x00,0x00,0x00,0x00,0x00,0x00,0x00,0x00,0x0B,0xFF,0xFF,0xFA,0x00,0x00,0x00,0x00,0x00,0x00,0x00,0x00,
  0x0A,0xFF,0xFF,0xFB,0x00,0x00,0x00,0x00,0x00,0x00,0x00,0x00,0x09,0xFF,0xFF,0xFD,0x00,0x00,0x00,0x00,0x00,0x00,0x00,0x00,
  0x06,0xFF,0xFF,0xFF,0x20,0x00,0x00,0x00,0x1C,0xCC,0xCC,0xC3,0x02,0xFF,0xFF,0xFF,0xA0,0x00,0x00,0x00,0x5F,0xFF,0xFF,0xF1,
  0x00,0xBF,0xFF,0xFF,0xF6,0x00,0x00,0x01,0xEF,0xFF,0xFF,0xC0,0x00,0x4F,0xFF,0xFF,0xFF,0xA5,0x23,0x7E,0xFF,0xFF,0xFF,0x60,
  0x00,0x0A,0xFF,0xFF,0xFF,0xFF,0xFF,0xFF,0xFF,0xFF,0xFC,0x00,0x00,0x01,0xCF,0xFF,0xFF,0xFF,0xFF,0xFF,0xFF,0xFF,0xE2,0x00,
  0x00,0x00,0x1A,0xFF,0xFF,0xFF,0xFF,0xFF,0xFF,0xFD,0x20,0x00,0x00,0x00,0x00,0x6D,0xFF,0xFF,0xFF,0xFF,0xFE,0x81,0x00,0x00,
  0x00,0x00,0x00,0x00,0x49,0xCE,0xFE,0xDA,0x61,0x00,0x00,0x00,0x00,0x00,0x00,0x00,0x00,0x00,0x00,0x00,0x04,0xFF,0xFF,0xFF,
  0x00,0x00,0x00,0x00,0x00,0x00,0x00,0x00,0x00,0x04,0xFF,0xFF,0xFF,0x00,0x00,0x00,0x00,0x00,0x00,0x00,0x00,0x00,0x04,0xFF,
  0xFF,0xFF,0x00,0x00,0x00,0x00,0x00,0x00,0x00,0x00,0x00,0x04,0xFF,0xFF,0xFF,0x00,0x00,0x00,0x00,0x00,0x00,0x00,0x00,0x00,
  0x04,0xFF,0xFF,0xFF,0x00,0x00,0x00,0x00,0x00,0x00,0x00,0x00,0x00,0x04,0xFF,0xFF,0xFF,0x00,0x00,0x00,0x00,0x00,0x00,0x00,
  0x00,0x00,0x04,0xFF,0xFF,0xFF,0x00,0x00,0x00,0x00,0x00,0x00,0x00,0x00,0x00,0x04,0xFF,0xFF,0xFF,0x00,0x00,0x00,0x00,0x00,
  0x00,0x00,0x00,0x00,0x04,0xFF,0xFF,0xFF,0x00,0x00,0x00,0x00,0x04,0x9D,0xEE,0xD9,0x40,0x04,0xFF,0xFF,0xFF,0x00,0x00,0x00,
  0x03,0xCF,0xFF,0xFF,0xFF,0xFA,0x14,0xFF,0xFF,0xFF,0x00,0x00,0x00,0x4E,0xFF,0xFF,0xFF,0xFF,0xFF,0xC5,0xFF,0xFF,0xFF,0x00,
  0x00,0x03,0xFF,0xFF,0xFF,0xFF,0xFF,0xFF,0xFD,0xFF,0xFF,0xFF,0x00,0x00,0x0D,0xFF,0xFF,0xFF,0xFF,0xFF,0xFF,0xFF,0xFF,0xFF,
  0xFF,0x00,0x00,0x6F,0xFF,0xFF,0xFF,0xA6,0x34,0x8E,0xFF,0xFF,0xFF,0xFF,0x00,0x00,0xDF,0xFF,0xFF,0xF6,0x00,0x00,0x02,0xCF,
  0xFF,0xFF,0xFF,0x00,0x03,0xFF,0xFF,0xFF,0xA0,0x00,0x00,0x00,0x2F,0xFF,0xFF,0xFF,0x00,0x06,0xFF,0xFF,0xFF,0x20,0x00,0x00,
  0x00,0x09,0xFF,0xFF,0xFF,0x00,0x09,0xFF,0xFF,0xFD,0x00,0x00,0x00,0x00,0x04,0xFF,0xFF,0xFF,0x00,0x0A,0xFF,0xFF,0xFB,0x00,
  0x00,0x00,0x00,0x02,0xFF,0xFF,0xFF,0x00,0x0B,0xFF,0xFF,0xFA,0x00,0x00,0x00,0x00,0x00,0xFF,0xFF,0xFF,0x00,0x0B,0xFF,0xFF,
  0xFB,0x00,0x00,0x00,0x00,0x02,0xFF,0xFF,0xFF,0x00,0x0A,0xFF,0xFF,0xFD,0x00,0x00,0x00,0x00,0x04,0xFF,0xFF,0xFF,0x00,0x07,
  0xFF,0xFF,0xFF,0x20,0x00,0x00,0x00,0x09,0xFF,0xFF,0xFF,0x00,0x04,0xFF,0xFF,0xFF,0xA0,0x00,0x00,0x00,0x2F,0xFF,0xFF,0xFF,
  0x00,0x00,0xEF,0xFF,0xFF,0xF6,0x00,0x00,0x02,0xCF,0xFF,0xFF,0xFF,0x00,0x00,0x8F,0xFF,0xFF,0xFF,0xB6,0x35,0x8E,0xFF,0xFF,
  0xFF,0xFF,0x00,0x00,0x1E,0xFF,0xFF,0xFF,0xFF,0xFF,0xFF,0xFF,0xFF,0xFF,0xFF,0x00,0x00,0x05,0xFF,0xFF,0xFF,0xFF,0xFF,0xFF,
  0xFA,0xFF,0xFF,0xFF,0x00,0x00,0x00,0x6F,0xFF,0xFF,0xFF,0xFF,0xFF,0xB3,0xFF,0xFF,0xFF,0x00,0x00,0x00,0x04,0xDF,0xFF,0xFF,
  0xFF,0xFA,0x13,0xFF,0xFF,0xFF,0x00,0x00,0x00,0x00,0x05,0xAD,0xEE,0xD9,0x40,0x03,0xFF,0xFF,0xFF,0x00,0x00,0x00,0x00,0x00,
  0x59,0xCE,0xFD,0xC8,0x40,0x00,0x00,0x00,0x00,0x00,0x00,0x05,0xDF,0xFF,0xFF,0xFF,0xFF,0xC4,0x00,0x00,0x00,0x00,0x00,0x1A,
  0xFF,0xFF,0xFF,0xFF,0xFF,0xFF,0xF8,0x00,0x00,0x00,0x00,0x0B,0xFF,0xFF,0xFF,0xFF,0xFF,0xFF,0xFF,0xFA,0x00,0x00,0x00,0x09,
  0xFF,0xFF,0xFF,0xFE,0xDE,0xFF,0xFF,0xFF,0xF7,0x00,0x00,0x03,0xFF,0xFF,0xFF,0xA3,0x00,0x03,0xAF,0xFF,0xFF,0xF2,0x00,0x00,
  0xBF,0xFF,0xFF,0x90,0x00,0x00,0x00,0x9F,0xFF,0xFF,0x90,0x00,0x2F,0xFF,0xFF,0xE0,0x00,0x00,0x00,0x00,0xDF,0xFF,0xFE,0x00,
  0x06,0xFF,0xFF,0xF9,0x00,0x00,0x00,0x00,0x09,0xFF,0xFF,0xF3,0x00,0x9F,0xFF,0xFF,0xFF,0xFF,0xFF,0xFF,0xFF,0xFF,0xFF,0xFF,
  0x60,0x0A,0xFF,0xFF,0xFF,0xFF,0xFF,0xFF,0xFF,0xFF,0xFF,0xFF,0xF7,0x00,0xBF,0xFF,0xFF,0xFF,0xFF,0xFF,0xFF,0xFF,0xFF,0xFF,
  0xFF,0x80,0x0A,0xFF,0xFF,0xFF,0xFF,0xFF,0xFF,0xFF,0xFF,0xFF,0xFF,0xF8,0x00,0x9F,0xFF,0xFF,0x81,0x11,0x11,0x11,0x11,0x11,
  0x11,0x11,0x00,0x06,0xFF,0xFF,0xFA,0x00,0x00,0x00,0x00,0x00,0x00,0x00,0x00,0x00,0x2F,0xFF,0xFF,0xE1,0x00,0x00,0x00,0x00,
  0x47,0x77,0x77,0x20,0x00,0xBF,0xFF,0xFF,0xA0,0x00,0x00,0x00,0x2E,0xFF,0xFF,0xE1,0x00,0x04,0xFF,0xFF,0xFF,0xB3,0x00,0x00,
  0x5E,0xFF,0xFF,0xF9,0x00,0x00,0x09,0xFF,0xFF,0xFF,0xFE,0xCC,0xEF,0xFF,0xFF,0xFE,0x10,0x00,0x00,0x0C,0xFF,0xFF,0xFF,0xFF,
  0xFF,0xFF,0xFF,0xFF,0x40,0x00,0x00,0x00,0x1A,0xFF,0xFF,0xFF,0xFF,0xFF,0xFF,0xFE,0x40,0x00,0x00,0x00,0x00,0x06,0xDF,0xFF,
  0xFF,0xFF,0xFF,0xE7,0x10,0x00,0x00,0x00,0x00,0x00,0x00,0x59,0xCE,0xFE,0xDA,0x60,0x00,0x00,0x00,0x00,0x00,0x00,0x00,0x01,
  0x7B,0xCE,0xFF,0xF7,0x00,0x00,0x00,0x7E,0xFF,0xFF,0xFF,0xF7,0x00,0x00,0x05,0xFF,0xFF,0xFF,0xFF,0xF7,0x00,0x00,0x1E,0xFF,
  0xFF,0xFF,0xFF,0xF7,0x00,0x00,0x3F,0xFF,0xFF,0xFF,0xFF,0xF6,0x00,0x00,0x6F,0xFF,0xFF,0xF7,0x10,0x00,0x00,0x00,0x8F,0xFF,
  0xFF,0xE0,0x00,0x00,0x00,0x00,0x8F,0xFF,0xFF,0xC0,0x00,0x00,0x00,0x00,0x8F,0xFF,0xFF,0xC0,0x00,0x00,0x9F,0xFF,0xFF,0xFF,
  0xFF,0xFF,0xFF,0xF7,0x9F,0xFF,0xFF,0xFF,0xFF,0xFF,0xFF,0xF7,0x9F,0xFF,0xFF,0xFF,0xFF,0xFF,0xFF,0xF7,0x9F,0xFF,0xFF,0xFF,
  0xFF,0xFF,0xFF,0xF7,0x9F,0xFF,0xFF,0xFF,0xFF,0xFF,0xFF,0xF6,0x00,0x00,0x8F,0xFF,0xFF,0xC0,0x00,0x00,0x00,0x00,0x8F,0xFF,
  0xFF,0xC0,0x00,0x00,0x00,0x00,0x8F,0xFF,0xFF,0xC0,0x00,0x00,0x00,0x00,0x8F,0xFF,0xFF,0xC0,0x00,0x00,0x00,0x00,0x8F,0xFF,
  0xFF,0xC0,0x00,0x00,0x00,0x00,0x8F,0xFF,0xFF,0xC0,0x00,0x00,0x00,0x00,0x8F,0xFF,0xFF,0xC0,0x00,0x00,0x00,0x00,0x8F,0xFF,
  0xFF,0xC0,0x00,0x00,0x00,0x00,0x8F,0xFF,0xFF,0xC0,0x00,0x00,0x00,0x00,0x8F,0xFF,0xFF,0xC0,0x00,0x00,0x00,0x00,0x8F,0xFF,
  0xFF,0xC0,0x00,0x00,0x00,0x00,0x8F,0xFF,0xFF,0xC0,0x00,0x00,0x00,0x00,0x8F,0xFF,0xFF,0xC0,0x00,0x00,0x00,0x00,0x8F,0xFF,
  0xFF,0xC0,0x00,0x00,0x00,0x00,0x8F,0xFF,0xFF,0xC0,0x00,0x00,0x00,0x00,0x8F,0xFF,0xFF,0xC0,0x00,0x00,0x00,0x00,0x8F,0xFF,
  0xFF,0xC0,0x00,0x00,0x00,0x00,0x8F,0xFF,0xFF,0xC0,0x00,0x00,0x00,0x00,0x00,0x04,0x9D,0xEE,0xD9,0x40,0x03,0xFF,0xFF,0xFF,
  0x00,0x00,0x00,0x03,0xCF,0xFF,0xFF,0xFF,0xFB,0x23,0xFF,0xFF,0xFF,0x00,0x00,0x00,0x4F,0xFF,0xFF,0xFF,0xFF,0xFF,0xD5,0xFF,
  0xFF,0xFF,0x00,0x00,0x03,0xFF,0xFF,0xFF,0xFF,0xFF,0xFF,0xFE,0xFF,0xFF,0xFF,0x00,0x00,0x1D,0xFF,0xFF,0xFF,0xFF,0xFF,0xFF,
  0xFF,0xFF,0xFF,0xFF,0x00,0x00,0x7F,0xFF,0xFF,0xFF,0x94,0x13,0x6D,0xFF,0xFF,0xFF,0xFF,0x00,0x00,0xDF,0xFF,0xFF,0xF5,0x00,
  0x00,0x01,0xBF,0xFF,0xFF,0xFF,0x00,0x03,0xFF,0xFF,0xFF,0x90,0x00,0x00,0x00,0x2F,0xFF,0xFF,0xFF,0x00,0x07,0xFF,0xFF,0xFF,
  0x20,0x00,0x00,0x00,0x08,0xFF,0xFF,0xFF,0x00,0x09,0xFF,0xFF,0xFD,0x00,0x00,0x00,0x00,0x04,0xFF,0xFF,0xFF,0x00,0x0A,0xFF,
  0xFF,0xFB,0x00,0x00,0x00,0x00,0x02,0xFF,0xFF,0xFF,0x00,0x0B,0xFF,0xFF,0xFA,0x00,0x00,0x00,0x00,0x00,0xFF,0xFF,0xFF,0x00,
  0x0A,0xFF,0xFF,0xFB,0x00,0x00,0x00,0x00,0x02,0xFF,0xFF,0xFF,0x00,0x09,0xFF,0xFF,0xFD,0x00,0x00,0x00,0x00,0x04,0xFF,0xFF,
  0xFF,0x00,0x07,0xFF,0xFF,0xFF,0x20,0x00,0x00,0x00,0x08,0xFF,0xFF,0xFF,0x00,0x03,0xFF,0xFF,0xFF,0x90,0x00,0x00,0x00,0x2F,
  0xFF,0xFF,0xFF,0x00,0x00,0xEF,0xFF,0xFF,0xF5,0x00,0x00,0x01,0xCF,0xFF,0xFF,0xFF,0x00,0x00,0x7F,0xFF,0xFF,0xFF,0x95,0x23,
  0x7E,0xFF,0xFF,0xFF,0xFF,0x00,0x00,0x1D,0xFF,0xFF,0xFF,0xFF,0xFF,0xFF,0xFF,0xFF,0xFF,0xFF,0x00,0x00,0x04,0xFF,0xFF,0xFF,
  0xFF,0xFF,0xFF,0xFB,0xFF,0xFF,0xFF,0x00,0x00,0x00,0x5F,0xFF,0xFF,0xFF,0xFF,0xFF,0xC4,0xFF,0xFF,0xFF,0x00,0x00,0x00,0x04,
  0xCF,0xFF,0xFF,0xFF,0xFA,0x13,0xFF,0xFF,0xFF,0x00,0x00,0x00,0x00,0x05,0xAD,0xEE,0xDA,0x40,0x03,0xFF,0xFF,0xFF,0x00,0x00,
  0x00,0x00,0x00,0x00,0x00,0x00,0x00,0x05,0xFF,0xFF,0xFE,0x00,0x00,0x00,0x11,0x22,0x10,0x00,0x00,0x00,0x08,0xFF,0xFF,0xFC,
  0x00,0x00,0x8F,0xFF,0xFF,0xC0,0x00,0x00,0x00,0x2E,0xFF,0xFF,0xF8,0x00,0x00,0x3F,0xFF,0xFF,0xFA,0x20,0x00,0x04,0xDF,0xFF,
  0xFF,0xF3,0x00,0x00,0x0C,0xFF,0xFF,0xFF,0xFC,0xBB,0xDF,0xFF,0xFF,0xFF,0xA0,0x00,0x00,0x02,0xEF,0xFF,0xFF,0xFF,0xFF,0xFF,
  0xFF,0xFF,0xFE,0x20,0x00,0x00,0x00,0x3E,0xFF,0xFF,0xFF,0xFF,0xFF,0xFF,0xFF,0xD3,0x00,0x00,0x00,0x00,0x01,0x9F,0xFF,0xFF,
  0xFF,0xFF,0xFF,0xE9,0x10,0x00,0x00,0x00,0x00,0x00,0x01,0x6A,0xCE,0xFF,0xEC,0x96,0x10,0x00,0x00,0x00,0x00,0xBF,0xFF,0xFF,
  0x80,0x00,0x00,0x00,0x00,0x00,0x00,0x00,0x00,0x00,0xBF,0xFF,0xFF,0x80,0x00,0x00,0x00,0x00,0x00,0x00,0x00,0x00,0x00,0xBF,
  0xFF,0xFF,0x80,0x00,0x00,0x00,0x00,0x00,0x00,0x00,0x00,0x00,0xBF,0xFF,0xFF,0x80,0x00,0x00,0x00,0x00,0x00,0x00,0x00,0x00,
  0x00,0xBF,0xFF,0xFF,0x80,0x00,0x00,0x00,0x00,0x00,0x00,0x00,0x00,0x00,0xBF,0xFF,0xFF,0x80,0x00,0x00,0x00,0x00,0x00,0x00,
  0x00,0x00,0x00,0xBF,0xFF,0xFF,0x80,0x00,0x00,0x00,0x00,0x00,0x00,0x00,0x00,0x00,0xBF,0xFF,0xFF,0x80,0x00,0x00,0x00,0x00,
  0x00,0x00,0x00,0x00,0x00,0xBF,0xFF,0xFF,0x80,0x00,0x00,0x00,0x00,0x00,0x00,0x00,0x00,0x00,0xBF,0xFF,0xFF,0x80,0x01,0x6B,
  0xDF,0xEC,0x71,0x00,0x00,0x00,0x00,0xBF,0xFF,0xFF,0x80,0x4E,0xFF,0xFF,0xFF,0xFE,0x60,0x00,0x00,0x00,0xBF,0xFF,0xFF,0x85,
  0xFF,0xFF,0xFF,0xFF,0xFF,0xF6,0x00,0x00,0x00,0xBF,0xFF,0xFF,0xBE,0xFF,0xFF,0xFF,0xFF,0xFF,0xFF,0x30,0x00,0x00,0xBF,0xFF,
  0xFF,0xFF,0xFF,0xFF,0xFF,0xFF,0xFF,0xFF,0xA0,0x00,0x00,0xBF,0xFF,0xFF,0xFF,0xFB,0x88,0xBF,0xFF,0xFF,0xFF,0xF1,0x00,0x00,
  0xBF,0xFF,0xFF,0xFD,0x40,0x00,0x04,0xEF,0xFF,0xFF,0xF4,0x00,0x00,0xBF,0xFF,0xFF,0xF5,0x00,0x00,0x00,0x6F,0xFF,0xFF,0xF6,
  0x00,0x00,0xBF,0xFF,0xFF,0xD0,0x00,0x00,0x00,0x1F,0xFF,0xFF,0xF7,0x00,0x00,0xBF,0xFF,0xFF,0xB0,0x00,0x00,0x00,0x0D,0xFF,
  0xFF,0xF7,0x00,0x00,0xBF,0xFF,0xFF,0x90,0x00,0x00,0x00,0x0C,0xFF,0xFF,0xF7,0x00,0x00,0xBF,0xFF,0xFF,0x80,0x00,0x00,0x00,
  0x0C,0xFF,0xFF,0xF7,0x00,0x00,0xBF,0xFF,0xFF,0x80,0x00,0x00,0x00,0x0C,0xFF,0xFF,0xF7,0x00,0x00,0xBF,0xFF,0xFF,0x80,0x00,
  0x00,0x00,0x0C,0xFF,0xFF,0xF7,0x00,0x00,0xBF,0xFF,0xFF,0x80,0x00,0x00,0x00,0x0C,0xFF,0xFF,0xF7,0x00,0x00,0xBF,0xFF,0xFF,
  0x80,0x00,0x00,0x00,0x0C,0xFF,0xFF,0xF7,0x00,0x00,0xBF,0xFF,0xFF,0x80,0x00,0x00,0x00,0x0C,0xFF,0xFF,0xF7,0x00,0x00,0xBF,
  0xFF,0xFF,0x80,0x00,0x00,0x00,0x0C,0xFF,0xFF,0xF7,0x00,0x00,0xBF,0xFF,0xFF,0x80,0x00,0x00,0x00,0x0C,0xFF,0xFF,0xF7,0x00,
  0x00,0xBF,0xFF,0xFF,0x80,0x00,0x00,0x00,0x0C,0xFF,0xFF,0xF7,0x00,0x00,0xBF,0xFF,0xFF,0x80,0x00,0x00,0x00,0x0C,0xFF,0xFF,
  0xF7,0x00,0x00,0xBF,0xFF,0xFF,0x80,0x00,0x00,0x00,0x0C,0xFF,0xFF,0xF7,0x00,0x00,0xBF,0xFF,0xFF,0x80,0x00,0x00,0x00,0x0C,
  0xFF,0xFF,0xF7,0x00,0x00,0x07,0xDE,0xC5,0x00,0x00,0x09,0xFF,0xFF,0xF5,0x00,0x01,0xFF,0xFF,0xFF,0xC0,0x00,0x2F,0xFF,0xFF,
  0xFE,0x00,0x00,0xEF,0xFF,0xFF,0xB0,0x00,0x06,0xFF,0xFF,0xE3,0x00,0x00,0x03,0x9B,0x82,0x00,0x00,0x00,0x00,0x00,0x00,0x00,
  0x00,0x00,0x00,0x00,0x00,0x00,0x0B,0xFF,0xFF,0xF8,0x00,0x00,0xBF,0xFF,0xFF,0x80,0x00,0x0B,0xFF,0xFF,0xF8,0x00,0x00,0xBF,
  0xFF,0xFF,0x80,0x00,0x0B,0xFF,0xFF,0xF8,0x00,0x00,0xBF,0xFF,0xFF,0x80,0x00,0x0B,0xFF,0xFF,0xF8,0x00,0x00,0xBF,0xFF,0xFF,
  0x80,0x00,0x0B,0xFF,0xFF,0xF8,0x00,0x00,0xBF,0xFF,0xFF,0x80,0x00,0x0B,0xFF,0xFF,0xF8,0x00,0x00,0xBF,0xFF,0xFF,0x80,0x00,
  0x0B,0xFF,0xFF,0xF8,0x00,0x00,0xBF,0xFF,0xFF,0x80,0x00,0x0B,0xFF,0xFF,0xF8,0x00,0x00,0xBF,0xFF,0xFF,0x80,0x00,0x0B,0xFF,
  0xFF,0xF8,0x00,0x00,0xBF,0xFF,0xFF,0x80,0x00,0x0B,0xFF,0xFF,0xF8,0x00,0x00,0xBF,0xFF,0xFF,0x80,0x00,0x0B,0xFF,0xFF,0xF8,
  0x00,0x00,0xBF,0xFF,0xFF,0x80,0x00,0x0B,0xFF,0xFF,0xF8,0x00,0x00,0x00,0x07,0xDE,0xC5,0x00,0x00,0x00,0x08,0xFF,0xFF,0xF5,
  0x00,0x00,0x01,0xFF,0xFF,0xFF,0xD0,0x00,0x00,0x2F,0xFF,0xFF,0xFE,0x00,0x00,0x00,0xEF,0xFF,0xFF,0xC0,0x00,0x00,0x06,0xFF,
  0xFF,0xE3,0x00,0x00,0x00,0x03,0x9B,0x82,0x00,0x00,0x00,0x00,0x00,0x00,0x00,0x00,0x00,0x00,0x00,0x00,0x00,0x00,0x00,0x00,
  0x0B,0xFF,0xFF,0xF9,0x00,0x00,0x00,0xBF,0xFF,0xFF,0x90,0x00,0x00,0x0B,0xFF,0xFF,0xF9,0x00,0x00,0x00,0xBF,0xFF,0xFF,0x90,
  0x00,0x00,0x0B,0xFF,0xFF,0xF9,0x00,0x00,0x00,0xBF,0xFF,0xFF,0x90,0x00,0x00,0x0B,0xFF,0xFF,0xF9,0x00,0x00,0x00,0xBF,0xFF,
  0xFF,0x90,0x00,0x00,0x0B,0xFF,0xFF,0xF9,0x00,0x00,0x00,0xBF,0xFF,0xFF,0x90,0x00,0x00,0x0B,0xFF,0xFF,0xF9,0x00,0x00,0x00,
  0xBF,0xFF,0xFF,0x90,0x00,0x00,0x0B,0xFF,0xFF,0xF9,0x00,0x00,0x00,0xBF,0xFF,0xFF,0x90,0x00,0x00,0x0B,0xFF,0xFF,0xF9,0x00,
  0x00,0x00,0xBF,0xFF,0xFF,0x90,0x00,0x00,0x0B,0xFF,0xFF,0xF9,0x00,0x00,0x00,0xBF,0xFF,0xFF,0x90,0x00,0x00,0x0B,0xFF,0xFF,
  0xF9,0x00,0x00,0x00,0xBF,0xFF,0xFF,0x90,0x00,0x00,0x0B,0xFF,0xFF,0xF9,0x00,0x00,0x00,0xBF,0xFF,0xFF,0x90,0x00,0x00,0x0B,
  0xFF,0xFF,0xF9,0x00,0x00,0x00,0xBF,0xFF,0xFF,0x90,0x00,0x00,0x0C,0xFF,0xFF,0xF9,0x00,0x00,0x00,0xEF,0xFF,0xFF,0x70,0x00,
  0x01,0x9F,0xFF,0xFF,0xF5,0x00,0x8F,0xFF,0xFF,0xFF,0xFF,0x30,0x08,0xFF,0xFF,0xFF,0xFF,0xB0,0x00,0x8F,0xFF,0xFF,0xFF,0xE2,
  0x00,0x08,0xFF,0xFF,0xFF,0xC3,0x00,0x00,0x8F,0xFE,0xCA,0x60,0x00,0x00,0x00,0x00,0xBF,0xFF,0xFF,0x80,0x00,0x00,0x00,0x00,
  0x00,0x00,0x00,0x00,0x0B,0xFF,0xFF,0xF8,0x00,0x00,0x00,0x00,0x00,0x00,0x00,0x00,0x00,0xBF,0xFF,0xFF,0x80,0x00,0x00,0x00,
  0x00,0x00,0x00,0x00,0x00,0x0B,0xFF,0xFF,0xF8,0x00,0x00,0x00,0x00,0x00,0x00,0x00,0x00,0x00,0xBF,0xFF,0xFF,0x80,0x00,0x00,
  0x00,0x00,0x00,0x00,0x00,0x00,0x0B,0xFF,0xFF,0xF8,0x00,0x00,0x00,0x00,0x00,0x00,0x00,0x00,0x00,0xBF,0xFF,0xFF,0x80,0x00,
  0x00,0x00,0x00,0x00,0x00,0x00,0x00,0x0B,0xFF,0xFF,0xF8,0x00,0x00,0x00,0x00,0x00,0x00,0x00,0x00,0x00,0xBF,0xFF,0xFF,0x80,
  0x00,0x00,0x00,0x00,0x00,0x00,0x00,0x00,0x0B,0xFF,0xFF,0xF8,0x00,0x00,0x00,0x1C,0xFF,0xFF,0xFF,0x90,0x00,0xBF,0xFF,0xFF,
  0x80,0x00,0x00,0x0B,0xFF,0xFF,0xFF,0xA0,0x00,0x0B,0xFF,0xFF,0xF8,0x00,0x00,0x0A,0xFF,0xFF,0xFF,0xB0,0x00,0x00,0xBF,0xFF,
  0xFF,0x80,0x00,0x09,0xFF,0xFF,0xFF,0xD1,0x00,0x00,0x0B,0xFF,0xFF,0xF8,0x00,0x07,0xFF,0xFF,0xFF,0xD2,0x00,0x00,0x00,0xBF,
  0xFF,0xFF,0x80,0x06,0xFF,0xFF,0xFF,0xE3,0x00,0x00,0x00,0x0B,0xFF,0xFF,0xF8,0x05,0xFF,0xFF,0xFF,0xF4,0x00,0x00,0x00,0x00,
  0xBF,0xFF,0xFF,0x83,0xEF,0xFF,0xFF,0xF5,0x00,0x00,0x00,0x00,0x0B,0xFF,0xFF,0xFB,0xEF,0xFF,0xFF,0xF7,0x00,0x00,0x00,0x00,
  0x00,0xBF,0xFF,0xFF,0xFF,0xFF,0xFF,0xF9,0x00,0x00,0x00,0x00,0x00,0x0B,0xFF,0xFF,0xFF,0xFF,0xFF,0xFF,0x80,0x00,0x00,0x00,
  0x00,0x00,0xBF,0xFF,0xFF,0xFF,0xFF,0xFF,0xFF,0x40,0x00,0x00,0x00,0x00,0x0B,0xFF,0xFF,0xFF,0xFF,0xFF,0xFF,0xFD,0x10,0x00,
  0x00,0x00,0x00,0xBF,0xFF,0xFF,0xFF,0xEF,0xFF,0xFF,0xFA,0x00,0x00,0x00,0x00,0x0B,0xFF,0xFF,0xFF,0xA2,0xEF,0xFF,0xFF,0xF6,
  0x00,0x00,0x00,0x00,0xBF,0xFF,0xFF,0xC0,0x05,0xFF,0xFF,0xFF,0xE2,0x00,0x00,0x00,0x0B,0xFF,0xFF,0xF8,0x00,0x09,0xFF,0xFF,
  0xFF,0xC0,0x00,0x00,0x00,0xBF,0xFF,0xFF,0x80,0x00,0x1C,0xFF,0xFF,0xFF,0x80,0x00,0x00,0x0B,0xFF,0xFF,0xF8,0x00,0x00,0x3F,
  0xFF,0xFF,0xFF,0x40,0x00,0x00,0xBF,0xFF,0xFF,0x80,0x00,0x00,0x6F,0xFF,0xFF,0xFD,0x10,0x00,0x0B,0xFF,0xFF,0xF8,0x00,0x00,
  0x00,0xBF,0xFF,0xFF,0xFA,0x00,0x00,0xBF,0xFF,0xFF,0x80,0x00,0x00,0x01,0xEF,0xFF,0xFF,0xF6,0x00,0x0B,0xFF,0xFF,0xF8,0x00,
  0x00,0x00,0x04,0xFF,0xFF,0xFF,0xE2,0x00,0xBF,0xFF,0xFF,0x80,0x00,0x0B,0xFF,0xFF,0xF8,0x00,0x00,0xBF,0xFF,0xFF,0x80,0x00,
  0x0B,0xFF,0xFF,0xF8,0x00,0x00,0xBF,0xFF,0xFF,0x80,0x00,0x0B,0xFF,0xFF,0xF8,0x00,0x00,0xBF,0xFF,0xFF,0x80,0x00,0x0B,0xFF,
  0xFF,0xF8,0x00,0x00,0xBF,0xFF,0xFF,0x80,0x00,0x0B,0xFF,0xFF,0xF8,0x00,0x00,0xBF,0xFF,0xFF,0x80,0x00,0x0B,0xFF,0xFF,0xF8,
  0x00,0x00,0xBF,0xFF,0xFF,0x80,0x00,0x0B,0xFF,0xFF,0xF8,0x00,0x00,0xBF,0xFF,0xFF,0x80,0x00,0x0B,0xFF,0xFF,0xF8,0x00,0x00,
  0xBF,0xFF,0xFF,0x80,0x00,0x0B,0xFF,0xFF,0xF8,0x00,0x00,0xBF,0xFF,0xFF,0x80,0x00,0x0B,0xFF,0xFF,0xF8,0x00,0x00,0xBF,0xFF,
  0xFF,0x80,0x00,0x0B,0xFF,0xFF,0xF8,0x00,0x00,0xBF,0xFF,0xFF,0x80,0x00,0x0B,0xFF,0xFF,0xF8,0x00,0x00,0xBF,0xFF,0xFF,0x80,
  0x00,0x0B,0xFF,0xFF,0xF8,0x00,0x00,0xBF,0xFF,0xFF,0x80,0x00,0x0B,0xFF,0xFF,0xF8,0x00,0x00,0xBF,0xFF,0xFF,0x80,0x00,0x0B,
  0xFF,0xFF,0xF8,0x00,0x00,0xBF,0xFF,0xFF,0x80,0x00,0x0B,0xFF,0xFF,0xF8,0x00,0x00,0xBF,0xFF,0xFF,0x50,0x01,0x7C,0xEE,0xC9,
  0x30,0x00,0x00,0x03,0x9C,0xEE,0xD9,0x30,0x00,0x00,0x00,0x0B,0xFF,0xFF,0xF5,0x04,0xEF,0xFF,0xFF,0xFF,0x90,0x00,0x1B,0xFF,
  0xFF,0xFF,0xFF,0xA1,0x00,0x00,0x00,0xBF,0xFF,0xFF,0x55,0xFF,0xFF,0xFF,0xFF,0xFF,0x90,0x1D,0xFF,0xFF,0xFF,0xFF,0xFF,0xA0,
  0x00,0x00,0x0B,0xFF,0xFF,0xF6,0xEF,0xFF,0xFF,0xFF,0xFF,0xFF,0x4A,0xFF,0xFF,0xFF,0xFF,0xFF,0xFF,0x50,0x00,0x00,0xBF,0xFF,
  0xFF,0xEF,0xFF,0xFF,0xFF,0xFF,0xFF,0xFD,0xFF,0xFF,0xFF,0xFF,0xFF,0xFF,0xFD,0x00,0x00,0x0B,0xFF,0xFF,0xFF,0xFD,0x74,0x6B,
  0xFF,0xFF,0xFF,0xFF,0xFB,0x64,0x6C,0xFF,0xFF,0xFF,0xF4,0x00,0x00,0xBF,0xFF,0xFF,0xFB,0x10,0x00,0x08,0xFF,0xFF,0xFF,0xF8,
  0x00,0x00,0x0A,0xFF,0xFF,0xFF,0x70,0x00,0x0B,0xFF,0xFF,0xFE,0x20,0x00,0x00,0x0E,0xFF,0xFF,0xFD,0x10,0x00,0x00,0x1F,0xFF,
  0xFF,0xF9,0x00,0x00,0xBF,0xFF,0xFF,0xB0,0x00,0x00,0x00,0xBF,0xFF,0xFF,0xA0,0x00,0x00,0x00,0xCF,0xFF,0xFF,0x90,0x00,0x0B,
  0xFF,0xFF,0xF9,0x00,0x00,0x00,0x09,0xFF,0xFF,0xF8,0x00,0x00,0x00,0x0A,0xFF,0xFF,0xF9,0x00,0x00,0xBF,0xFF,0xFF,0x80,0x00,
  0x00,0x00,0x9F,0xFF,0xFF,0x70,0x00,0x00,0x00,0xAF,0xFF,0xFF,0x90,0x00,0x0B,0xFF,0xFF,0xF8,0x00,0x00,0x00,0x09,0xFF,0xFF,
  0xF7,0x00,0x00,0x00,0x0A,0xFF,0xFF,0xF9,0x00,0x00,0xBF,0xFF,0xFF,0x80,0x00,0x00,0x00,0x9F,0xFF,0xFF,0x70,0x00,0x00,0x00,
  0xAF,0xFF,0xFF,0x90,0x00,0x0B,0xFF,0xFF,0xF8,0x00,0x00,0x00,0x09,0xFF,0xFF,0xF7,0x00,0x00,0x00,0x0A,0xFF,0xFF,0xF9,0x00,
  0x00,0xBF,0xFF,0xFF,0x80,0x00,0x00,0x00,0x9F,0xFF,0xFF,0x70,0x00,0x00,0x00,0xAF,0xFF,0xFF,0x90,0x00,0x0B,0xFF,0xFF,0xF8,
  0x00,0x00,0x00,0x09,0xFF,0xFF,0xF7,0x00,0x00,0x00,0x0A,0xFF,0xFF,0xF9,0x00,0x00,0xBF,0xFF,0xFF,0x80,0x00,0x00,0x00,0x9F,
  0xFF,0xFF,0x70,0x00,0x00,0x00,0xAF,0xFF,0xFF,0x90,0x00,0x0B,0xFF,0xFF,0xF8,0x00,0x00,0x00,0x09,0xFF,0xFF,0xF7,0x00,0x00,
  0x00,0x0A,0xFF,0xFF,0xF9,0x00,0x00,0xBF,0xFF,0xFF,0x80,0x00,0x00,0x00,0x9F,0xFF,0xFF,0x70,0x00,0x00,0x00,0xAF,0xFF,0xFF,
  0x90,0x00,0x0B,0xFF,0xFF,0xF8,0x00,0x00,0x00,0x09,0xFF,0xFF,0xF7,0x00,0x00,0x00,0x0A,0xFF,0xFF,0xF9,0x00,0x00,0xBF,0xFF,
  0xFF,0x80,0x00,0x00,0x00,0x9F,0xFF,0xFF,0x70,0x00,0x00,0x00,0xAF,0xFF,0xFF,0x90,0x00,0x0B,0xFF,0xFF,0xF8,0x00,0x00,0x00,
  0x09,0xFF,0xFF,0xF7,0x00,0x00,0x00,0x0A,0xFF,0xFF,0xF9,0x00,0x00,0xBF,0xFF,0xFF,0x80,0x00,0x00,0x00,0x9F,0xFF,0xFF,0x70,
  0x00,0x00,0x00,0xAF,0xFF,0xFF,0x90,0x00,0x00,0xBF,0xFF,0xFF,0x70,0x01,0x6B,0xDF,0xEC,0x71,0x00,0x00,0x00,0x00,0xBF,0xFF,
  0xFF,0x70,0x4E,0xFF,0xFF,0xFF,0xFE,0x60,0x00,0x00,0x00,0xBF,0xFF,0xFF,0x75,0xFF,0xFF,0xFF,0xFF,0xFF,0xF6,0x00,0x00,0x00,
  0xBF,0xFF,0xFF,0x9E,0xFF,0xFF,0xFF,0xFF,0xFF,0xFF,0x30,0x00,0x00,0xBF,0xFF,0xFF,0xFF,0xFF,0xFF,0xFF,0xFF,0xFF,0xFF,0xA0,
  0x00,0x00,0xBF,0xFF,0xFF,0xFF,0xFB,0x88,0xBF,0xFF,0xFF,0xFF,0xF1,0x00,0x00,0xBF,0xFF,0xFF,0xFD,0x30,0x00,0x04,0xEF,0xFF,
  0xFF,0xF4,0x00,0x00,0xBF,0xFF,0xFF,0xF4,0x00,0x00,0x00,0x6F,0xFF,0xFF,0xF6,0x00,0x00,0xBF,0xFF,0xFF,0xD0,0x00,0x00,0x00,
  0x1F,0xFF,0xFF,0xF7,0x00,0x00,0xBF,0xFF,0xFF,0xA0,0x00,0x00,0x00,0x0D,0xFF,0xFF,0xF7,0x00,0x00,0xBF,0xFF,0xFF,0x80,0x00,
  0x00,0x00,0x0C,0xFF,0xFF,0xF7,0x00,0x00,0xBF,0xFF,0xFF,0x80,0x00,0x00,0x00,0x0C,0xFF,0xFF,0xF7,0x00,0x00,0xBF,0xFF,0xFF,
  0x80,0x00,0x00,0x00,0x0C,0xFF,0xFF,0xF7,0x00,0x00,0xBF,0xFF,0xFF,0x80,0x00,0x00,0x00,0x0C,0xFF,0xFF,0xF7,0x00,0x00,0xBF,
  0xFF,0xFF,0x80,0x00,0x00,0x00,0x0C,0xFF,0xFF,0xF7,0x00,0x00,0xBF,0xFF,0xFF,0x80,0x00,0x00,0x00,0x0C,0xFF,0xFF,0xF7,0x00,
  0x00,0xBF,0xFF,0xFF,0x80,0x00,0x00,0x00,0x0C,0xFF,0xFF,0xF7,0x00,0x00,0xBF,0xFF,0xFF,0x80,0x00,0x00,0x00,0x0C,0xFF,0xFF,
  0xF7,0x00,0x00,0xBF,0xFF,0xFF,0x80,0x00,0x00,0x00,0x0C,0xFF,0xFF,0xF7,0x00,0x00,0xBF,0xFF,0xFF,0x80,0x00,0x00,0x00,0x0C,
  0xFF,0xFF,0xF7,0x00,0x00,0xBF,0xFF,0xFF,0x80,0x00,0x00,0x00,0x0C,0xFF,0xFF,0xF7,0x00,0x00,0xBF,0xFF,0xFF,0x80,0x00,0x00,
  0x00,0x0C,0xFF,0xFF,0xF7,0x00,0x00,0xBF,0xFF,0xFF,0x80,0x00,0x00,0x00,0x0C,0xFF,0xFF,0xF7,0x00,0x00,0x00,0x00,0x00,0x48,
  0xCD,0xFE,0xDA,0x62,0x00,0x00,0x00,0x00,0x00,0x00,0x00,0x5D,0xFF,0xFF,0xFF,0xFF,0xFF,0x92,0x00,0x00,0x00,0x00,0x00,0x1A,
  0xFF,0xFF,0xFF,0xFF,0xFF,0xFF,0xFE,0x40,0x00,0x00,0x00,0x00,0xBF,0xFF,0xFF,0xFF,0xFF,0xFF,0xFF,0xFF,0xF5,0x00,0x00,0x00,
  0x09,0xFF,0xFF,0xFF,0xFF,0xFF,0xFF,0xFF,0xFF,0xFE,0x30,0x00,0x00,0x3F,0xFF,0xFF,0xFF,0xB6,0x34,0x8E,0xFF,0xFF,0xFF,0xB0,
  0x00,0x00,0xBF,0xFF,0xFF,0xF7,0x00,0x00,0x02,0xCF,0xFF,0xFF,0xF4,0x00,0x02,0xFF,0xFF,0xFF,0xA0,0x00,0x00,0x00,0x3F,0xFF,
  0xFF,0xF9,0x00,0x06,0xFF,0xFF,0xFF,0x30,0x00,0x00,0x00,0x0A,0xFF,0xFF,0xFE,0x00,0x09,0xFF,0xFF,0xFE,0x00,0x00,0x00,0x00,
  0x06,0xFF,0xFF,0xFF,0x20,0x0A,0xFF,0xFF,0xFB,0x00,0x00,0x00,0x00,0x04,0xFF,0xFF,0xFF,0x30,0x0B,0xFF,0xFF,0xFA,0x00,0x00,
  0x00,0x00,0x02,0xFF,0xFF,0xFF,0x40,0x0A,0xFF,0xFF,0xFB,0x00,0x00,0x00,0x00,0x03,0xFF,0xFF,0xFF,0x30,0x09,0xFF,0xFF,0xFD,
  0x00,0x00,0x00,0x00,0x06,0xFF,0xFF,0xFF,0x20,0x06,0xFF,0xFF,0xFF,0x20,0x00,0x00,0x00,0x09,0xFF,0xFF,0xFE,0x00,0x02,0xFF,
  0xFF,0xFF,0xA0,0x00,0x00,0x00,0x2F,0xFF,0xFF,0xFA,0x00,0x00,0xBF,0xFF,0xFF,0xF7,0x00,0x00,0x02,0xCF,0xFF,0xFF,0xF4,0x00,
  0x00,0x4F,0xFF,0xFF,0xFF,0xB6,0x34,0x7E,0xFF,0xFF,0xFF,0xC0,0x00,0x00,0x0A,0xFF,0xFF,0xFF,0xFF,0xFF,0xFF,0xFF,0xFF,0xFE,
  0x30,0x00,0x00,0x00,0xCF,0xFF,0xFF,0xFF,0xFF,0xFF,0xFF,0xFF,0xF5,0x00,0x00,0x00,0x00,0x1A,0xFF,0xFF,0xFF,0xFF,0xFF,0xFF,
  0xFE,0x40,0x00,0x00,0x00,0x00,0x00,0x5D,0xFF,0xFF,0xFF,0xFF,0xFF,0x92,0x00,0x00,0x00,0x00,0x00,0x00,0x00,0x49,0xCD,0xFE,
  0xDB,0x62,0x00,0x00,0x00,0x00,0x00,0xBF,0xFF,0xFF,0x70,0x02,0x8C,0xEF,0xDB,0x61,0x00,0x00,0x00,0x00,0xBF,0xFF,0xFF,0x70,
  0x8F,0xFF,0xFF,0xFF,0xFE,0x50,0x00,0x00,0x00,0xBF,0xFF,0xFF,0x79,0xFF,0xFF,0xFF,0xFF,0xFF,0xF8,0x00,0x00,0x00,0xBF,0xFF,
  0xFF,0xDF,0xFF,0xFF,0xFF,0xFF,0xFF,0xFF,0x70,0x00,0x00,0xBF,0xFF,0xFF,0xFF,0xFF,0xFF,0xFF,0xFF,0xFF,0xFF,0xF3,0x00,0x00,
  0xBF,0xFF,0xFF,0xFF,0xF9,0x53,0x58,0xFF,0xFF,0xFF,0xFB,0x00,0x00,0xBF,0xFF,0xFF,0xFE,0x40,0x00,0x00,0x3E,0xFF,0xFF,0xFF,
  0x20,0x00,0xBF,0xFF,0xFF,0xF6,0x00,0x00,0x00,0x05,0xFF,0xFF,0xFF,0x70,0x00,0xBF,0xFF,0xFF,0xD0,0x00,0x00,0x00,0x00,0xDF,
  0xFF,0xFF,0xB0,0x00,0xBF,0xFF,0xFF,0x80,0x00,0x00,0x00,0x00,0x9F,0xFF,0xFF,0xD0,0x00,0xBF,0xFF,0xFF,0x60,0x00,0x00,0x00,
  0x00,0x7F,0xFF,0xFF,0xF0,0x00,0xBF,0xFF,0xFF,0x50,0x00,0x00,0x00,0x00,0x6F,0xFF,0xFF,0xF0,0x00,0xBF,0xFF,0xFF,0x60,0x00,
  0x00,0x00,0x00,0x7F,0xFF,0xFF,0xF0,0x00,0xBF,0xFF,0xFF,0x80,0x00,0x00,0x00,0x00,0x9F,0xFF,0xFF,0xD0,0x00,0xBF,0xFF,0xFF,
  0xD0,0x00,0x00,0x00,0x00,0xDF,0xFF,0xFF,0xB0,0x00,0xBF,0xFF,0xFF,0xF6,0x00,0x00,0x00,0x06,0xFF,0xFF,0xFF,0x70,0x00,0xBF,
  0xFF,0xFF,0xFE,0x40,0x00,0x00,0x4E,0xFF,0xFF,0xFF,0x30,0x00,0xBF,0xFF,0xFF,0xFF,0xF9,0x63,0x59,0xFF,0xFF,0xFF,0xFB,0x00,
  0x00,0xBF,0xFF,0xFF,0xFF,0xFF,0xFF,0xFF,0xFF,0xFF,0xFF,0xF4,0x00,0x00,0xBF,0xFF,0xFF,0xBF,0xFF,0xFF,0xFF,0xFF,0xFF,0xFF,
  0x80,0x00,0x00,0xBF,0xFF,0xFF,0x86,0xFF,0xFF,0xFF,0xFF,0xFF,0xF9,0x00,0x00,0x00,0xBF,0xFF,0xFF,0x80,0x6F,0xFF,0xFF,0xFF,
  0xFE,0x60,0x00,0x00,0x00,0xBF,0xFF,0xFF,0x80,0x02,0x8C,0xEF,0xDB,0x61,0x00,0x00,0x00,0x00,0xBF,0xFF,0xFF,0x80,0x00,0x00,
  0x00,0x00,0x00,0x00,0x00,0x00,0x00,0xBF,0xFF,0xFF,0x80,0x00,0x00,0x00,0x00,0x00,0x00,0x00,0x00,0x00,0xBF,0xFF,0xFF,0x80,
  0x00,0x00,0x00,0x00,0x00,0x00,0x00,0x00,0x00,0xBF,0xFF,0xFF,0x80,0x00,0x00,0x00,0x00,0x00,0x00,0x00,0x00,0x00,0xBF,0xFF,
  0xFF,0x80,0x00,0x00,0x00,0x00,0x00,0x00,0x00,0x00,0x00,0xBF,0xFF,0xFF,0x80,0x00,0x00,0x00,0x00,0x00,0x00,0x00,0x00,0x00,
  0xBF,0xFF,0xFF,0x80,0x00,0x00,0x00,0x00,0x00,0x00,0x00,0x00,0x00,0xBF,0xFF,0xFF,0x80,0x00,0x00,0x00,0x00,0x00,0x00,0x00,
  0x00,0x00,0x68,0x88,0x88,0x40,0x00,0x00,0x00,0x00,0x00,0x00,0x00,0x00,0x00,0x00,0x00,0x04,0x9D,0xEE,0xDA,0x50,0x03,0xFF,
  0xFF,0xFF,0x00,0x00,0x00,0x03,0xCF,0xFF,0xFF,0xFF,0xFC,0x33,0xFF,0xFF,0xFF,0x00,0x00,0x00,0x4F,0xFF,0xFF,0xFF,0xFF,0xFF,
  0xE7,0xFF,0xFF,0xFF,0x00,0x00,0x03,0xFF,0xFF,0xFF,0xFF,0xFF,0xFF,0xFF,0xFF,0xFF,0xFF,0x00,0x00,0x1D,0xFF,0xFF,0xFF,0xFF,
  0xFF,0xFF,0xFF,0xFF,0xFF,0xFF,0x00,0x00,0x7F,0xFF,0xFF,0xFF,0xA6,0x34,0x8E,0xFF,0xFF,0xFF,0xFF,0x00,0x00,0xDF,0xFF,0xFF,
  0xF6,0x00,0x00,0x02,0xCF,0xFF,0xFF,0xFF,0x00,0x03,0xFF,0xFF,0xFF,0xA0,0x00,0x00,0x00,0x2F,0xFF,0xFF,0xFF,0x00,0x07,0xFF,
  0xFF,0xFF,0x20,0x00,0x00,0x00,0x09,0xFF,0xFF,0xFF,0x00,0x09,0xFF,0xFF,0xFD,0x00,0x00,0x00,0x00,0x04,0xFF,0xFF,0xFF,0x00,
  0x0A,0xFF,0xFF,0xFB,0x00,0x00,0x00,0x00,0x02,0xFF,0xFF,0xFF,0x00,0x0B,0xFF,0xFF,0xFA,0x00,0x00,0x00,0x00,0x00,0xFF,0xFF,
  0xFF,0x00,0x0A,0xFF,0xFF,0xFB,0x00,0x00,0x00,0x00,0x02,0xFF,0xFF,0xFF,0x00,0x09,0xFF,0xFF,0xFD,0x00,0x00,0x00,0x00,0x04,
  0xFF,0xFF,0xFF,0x00,0x07,0xFF,0xFF,0xFF,0x20,0x00,0x00,0x00,0x09,0xFF,0xFF,0xFF,0x00,0x03,0xFF,0xFF,0xFF,0xA0,0x00,0x00,
  0x00,0x2F,0xFF,0xFF,0xFF,0x00,0x00,0xEF,0xFF,0xFF,0xF6,0x00,0x00,0x02,0xCF,0xFF,0xFF,0xFF,0x00,0x00,0x7F,0xFF,0xFF,0xFF,
  0xB6,0x35,0x8E,0xFF,0xFF,0xFF,0xFF,0x00,0x00,0x1D,0xFF,0xFF,0xFF,0xFF,0xFF,0xFF,0xFF,0xFF,0xFF,0xFF,0x00,0x00,0x04,0xFF,
  0xFF,0xFF,0xFF,0xFF,0xFF,0xFA,0xFF,0xFF,0xFF,0x00,0x00,0x00,0x5F,0xFF,0xFF,0xFF,0xFF,0xFF,0xB4,0xFF,0xFF,0xFF,0x00,0x00,
  0x00,0x04,0xCF,0xFF,0xFF,0xFF,0xF9,0x04,0xFF,0xFF,0xFF,0x00,0x00,0x00,0x00,0x05,0xAD,0xEE,0xD9,0x30,0x04,0xFF,0xFF,0xFF,
  0x00,0x00,0x00,0x00,0x00,0x00,0x00,0x00,0x00,0x04,0xFF,0xFF,0xFF,0x00,0x00,0x00,0x00,0x00,0x00,0x00,0x00,0x00,0x04,0xFF,
  0xFF,0xFF,0x00,0x00,0x00,0x00,0x00,0x00,0x00,0x00,0x00,0x04,0xFF,0xFF,0xFF,0x00,0x00,0x00,0x00,0x00,0x00,0x00,0x00,0x00,
  0x04,0xFF,0xFF,0xFF,0x00,0x00,0x00,0x00,0x00,0x00,0x00,0x00,0x00,0x04,0xFF,0xFF,0xFF,0x00,0x00,0x00,0x00,0x00,0x00,0x00,
  0x00,0x00,0x04,0xFF,0xFF,0xFF,0x00,0x00,0x00,0x00,0x00,0x00,0x00,0x00,0x00,0x04,0xFF,0xFF,0xFF,0x00,0x00,0x00,0x00,0x00,
  0x00,0x00,0x00,0x00,0x04,0xFF,0xFF,0xFF,0x00,0x00,0x00,0x00,0x00,0x00,0x00,0x00,0x00,0x02,0x88,0x88,0x88,0x00,0x00,0xBF,
  0xFF,0xFF,0x50,0x18,0xCE,0xFC,0x00,0xBF,0xFF,0xFF,0x53,0xEF,0xFF,0xFC,0x00,0xBF,0xFF,0xFF,0x5D,0xFF,0xFF,0xFC,0x00,0xBF,
  0xFF,0xFF,0xBF,0xFF,0xFF,0xFC,0x00,0xBF,0xFF,0xFF,0xFF,0xFF,0xFF,0xFC,0x00,0xBF,0xFF,0xFF,0xFF,0xFA,0x75,0x65,0x00,0xBF,
  0xFF,0xFF,0xFE,0x30,0x00,0x00,0x00,0xBF,0xFF,0xFF,0xF6,0x00,0x00,0x00,0x00,0xBF,0xFF,0xFF,0xD0,0x00,0x00,0x00,0x00,0xBF,
  0xFF,0xFF,0xB0,0x00,0x00,0x00,0x00,0xBF,0xFF,0xFF,0x90,0x00,0x00,0x00,0x00,0xBF,0xFF,0xFF,0x80,0x00,0x00,0x00,0x00,0xBF,
  0xFF,0xFF,0x80,0x00,0x00,0x00,0x00,0xBF,0xFF,0xFF,0x80,0x00,0x00,0x00,0x00,0xBF,0xFF,0xFF,0x80,0x00,0x00,0x00,0x00,0xBF,
  0xFF,0xFF,0x80,0x00,0x00,0x00,0x00,0xBF,0xFF,0xFF,0x80,0x00,0x00,0x00,0x00,0xBF,0xFF,0xFF,0x80,0x00,0x00,0x00,0x00,0xBF,
  0xFF,0xFF,0x80,0x00,0x00,0x00,0x00,0xBF,0xFF,0xFF,0x80,0x00,0x00,0x00,0x00,0xBF,0xFF,0xFF,0x80,0x00,0x00,0x00,0x00,0xBF,
  0xFF,0xFF,0x80,0x00,0x00,0x00,0x00,0xBF,0xFF,0xFF,0x80,0x00,0x00,0x00,0x00,0x00,0x00,0x38,0xBD,0xEF,0xEC,0x96,0x10,0x00,
  0x00,0x00,0x00,0x03,0xBF,0xFF,0xFF,0xFF,0xFF,0xFE,0x70,0x00,0x00,0x00,0x05,0xFF,0xFF,0xFF,0xFF,0xFF,0xFF,0xFF,0xC1,0x00,
  0x00,0x03,0xFF,0xFF,0xFF,0xFF,0xFF,0xFF,0xFF,0xFF,0xB0,0x00,0x00,0xBF,0xFF,0xFF,0xFD,0x98,0xAE,0xFF,0xFF,0xFF,0x50,0x00,
  0x2F,0xFF,0xFF,0xF9,0x00,0x00,0x1B,0xFF,0xFF,0xFB,0x00,0x04,0xFF,0xFF,0xFF,0x10,0x00,0x00,0x1E,0xFF,0xFF,0xF0,0x00,0x4F,
  0xFF,0xFF,0xF2,0x00,0x00,0x00,0x8A,0xAA,0xAA,0x10,0x01,0xFF,0xFF,0xFF,0xD4,0x00,0x00,0x00,0x00,0x00,0x00,0x00,0x0C,0xFF,
  0xFF,0xFF,0xFE,0xB8,0x52,0x00,0x00,0x00,0x00,0x00,0x3F,0xFF,0xFF,0xFF,0xFF,0xFF,0xFE,0x95,0x00,0x00,0x00,0x00,0x6E,0xFF,
  0xFF,0xFF,0xFF,0xFF,0xFF,0xFD,0x40,0x00,0x00,0x00,0x2B,0xFF,0xFF,0xFF,0xFF,0xFF,0xFF,0xFF,0x50,0x00,0x00,0x00,0x01,0x5A,
  0xDF,0xFF,0xFF,0xFF,0xFF,0xFE,0x20,0x00,0x00,0x00,0x00,0x00,0x14,0x7B,0xFF,0xFF,0xFF,0xF6,0x00,0x12,0x22,0x22,0x10,0x00,
  0x00,0x04,0xFF,0xFF,0xFF,0x90,0x0B,0xFF,0xFF,0xF9,0x00,0x00,0x00,0x0B,0xFF,0xFF,0xFA,0x00,0x8F,0xFF,0xFF,0xE2,0x00,0x00,
  0x01,0xEF,0xFF,0xFF,0x80,0x02,0xFF,0xFF,0xFF,0xD6,0x20,0x15,0xCF,0xFF,0xFF,0xF3,0x00,0x09,0xFF,0xFF,0xFF,0xFF,0xFF,0xFF,
  0xFF,0xFF,0xFB,0x00,0x00,0x1B,0xFF,0xFF,0xFF,0xFF,0xFF,0xFF,0xFF,0xFD,0x20,0x00,0x00,0x09,0xFF,0xFF,0xFF,0xFF,0xFF,0xFF,
  0xFB,0x10,0x00,0x00,0x00,0x01,0x8E,0xFF,0xFF,0xFF,0xFF,0xB5,0x00,0x00,0x00,0x00,0x00,0x00,0x03,0x67,0x87,0x64,0x10,0x00,
  0x00,0x00,0x00,0x00,0x23,0x33,0x33,0x20,0x00,0x00,0x00,0x00,0xBF,0xFF,0xFF,0x90,0x00,0x00,0x00,0x00,0xBF,0xFF,0xFF,0x90,
  0x00,0x00,0x00,0x00,0xBF,0xFF,0xFF,0x90,0x00,0x00,0x00,0x00,0xBF,0xFF,0xFF,0x90,0x00,0x00,0x00,0x00,0xBF,0xFF,0xFF,0x90,
  0x00,0x00,0x00,0x00,0xBF,0xFF,0xFF,0x90,0x00,0x00,0x9F,0xFF,0xFF,0xFF,0xFF,0xFF,0xFF,0xF4,0x9F,0xFF,0xFF,0xFF,0xFF,0xFF,
  0xFF,0xF4,0x9F,0xFF,0xFF,0xFF,0xFF,0xFF,0xFF,0xF4,0x9F,0xFF,0xFF,0xFF,0xFF,0xFF,0xFF,0xF4,0x9F,0xFF,0xFF,0xFF,0xFF,0xFF,
  0xFF,0xF4,0x00,0x00,0xBF,0xFF,0xFF,0x90,0x00,0x00,0x00,0x00,0xBF,0xFF,0xFF,0x90,0x00,0x00,0x00,0x00,0xBF,0xFF,0xFF,0x90,
  0x00,0x00,0x00,0x00,0xBF,0xFF,0xFF,0x90,0x00,0x00,0x00,0x00,0xBF,0xFF,0xFF,0x90,0x00,0x00,0x00,0x00,0xBF,0xFF,0xFF,0x90,
  0x00,0x00,0x00,0x00,0xBF,0xFF,0xFF,0x90,0x00,0x00,0x00,0x00,0xBF,0xFF,0xFF,0x90,0x00,0x00,0x00,0x00,0xBF,0xFF,0xFF,0x90,
  0x00,0x00,0x00,0x00,0xBF,0xFF,0xFF,0x90,0x00,0x00,0x00,0x00,0xBF,0xFF,0xFF,0x90,0x00,0x00,0x00,0x00,0xBF,0xFF,0xFF,0xA0,
  0x00,0x00,0x00,0x00,0x9F,0xFF,0xFF,0xE3,0x00,0x00,0x00,0x00,0x7F,0xFF,0xFF,0xFF,0xFE,0xE4,0x00,0x00,0x4F,0xFF,0xFF,0xFF,
  0xFF,0xF4,0x00,0x00,0x0A,0xFF,0xFF,0xFF,0xFF,0xF4,0x00,0x00,0x01,0xBF,0xFF,0xFF,0xFF,0xF4,0x00,0x00,0x00,0x04,0xAC,0xDF,
  0xFF,0xF4,0x00,0xBF,0xFF,0xFF,0x80,0x00,0x00,0x00,0x0C,0xFF,0xFF,0xF7,0x00,0x00,0xBF,0xFF,0xFF,0x80,0x00,0x00,0x00,0x0C,
  0xFF,0xFF,0xF7,0x00,0x00,0xBF,0xFF,0xFF,0x80,0x00,0x00,0x00,0x0C,0xFF,0xFF,0xF7,0x00,0x00,0xBF,0xFF,0xFF,0x80,0x00,0x00,
  0x00,0x0C,0xFF,0xFF,0xF7,0x00,0x00,0xBF,0xFF,0xFF,0x80,0x00,0x00,0x00,0x0C,0xFF,0xFF,0xF7,0x00,0x00,0xBF,0xFF,0xFF,0x80,
  0x00,0x00,0x00,0x0C,0xFF,0xFF,0xF7,0x00,0x00,0xBF,0xFF,0xFF,0x80,0x00,0x00,0x00,0x0C,0xFF,0xFF,0xF7,0x00,0x00,0xBF,0xFF,
  0xFF,0x80,0x00,0x00,0x00,0x0C,0xFF,0xFF,0xF7,0x00,0x00,0xBF,0xFF,0xFF,0x80,0x00,0x00,0x00,0x0C,0xFF,0xFF,0xF7,0x00,0x00,
  0xBF,0xFF,0xFF,0x80,0x00,0x00,0x00,0x0C,0xFF,0xFF,0xF7,0x00,0x00,0xBF,0xFF,0xFF,0x80,0x00,0x00,0x00,0x0C,0xFF,0xFF,0xF7,
  0x00,0x00,0xBF,0xFF,0xFF,0x80,0x00,0x00,0x00,0x0C,0xFF,0xFF,0xF7,0x00,0x00,0xBF,0xFF,0xFF,0x80,0x00,0x00,0x00,0x0C,0xFF,
  0xFF,0xF7,0x00,0x00,0xBF,0xFF,0xFF,0xA0,0x00,0x00,0x00,0x0E,0xFF,0xFF,0xF7,0x00,0x00,0xBF,0xFF,0xFF,0xC0,0x00,0x00,0x00,
  0x1F,0xFF,0xFF,0xF7,0x00,0x00,0xAF,0xFF,0xFF,0xF3,0x00,0x00,0x00,0x8F,0xFF,0xFF,0xF7,0x00,0x00,0x8F,0xFF,0xFF,0xFC,0x20,
  0x00,0x05,0xFF,0xFF,0xFF,0xF7,0x00,0x00,0x4F,0xFF,0xFF,0xFF,0xEA,0x89,0xCF,0xFF,0xFF,0xFF,0xF7,0x00,0x00,0x0E,0xFF,0xFF,
  0xFF,0xFF,0xFF,0xFF,0xFF,0xFF,0xFF,0xF7,0x00,0x00,0x07,0xFF,0xFF,0xFF,0xFF,0xFF,0xFF,0xDB,0xFF,0xFF,0xF7,0x00,0x00,0x00,
  0xBF,0xFF,0xFF,0xFF,0xFF,0xFE,0x3B,0xFF,0xFF,0xF7,0x00,0x00,0x00,0x09,0xFF,0xFF,0xFF,0xFF,0xC2,0x0B,0xFF,0xFF,0xF7,0x00,
  0x00,0x00,0x00,0x39,0xDE,0xED,0xA5,0x00,0x0B,0xFF,0xFF,0xF7,0x00,0x9F,0xFF,0xFF,0xF1,0x00,0x00,0x00,0x00,0x09,0xFF,0xFF,
  0xFE,0x03,0xFF,0xFF,0xFF,0x60,0x00,0x00,0x00,0x00,0xEF,0xFF,0xFF,0x90,0x0D,0xFF,0xFF,0xFB,0x00,0x00,0x00,0x00,0x4F,0xFF,
  0xFF,0xF3,0x00,0x7F,0xFF,0xFF,0xF1,0x00,0x00,0x00,0x09,0xFF,0xFF,0xFD,0x00,0x02,0xFF,0xFF,0xFF,0x50,0x00,0x00,0x00,0xEF,
  0xFF,0xFF,0x70,0x00,0x0B,0xFF,0xFF,0xFA,0x00,0x00,0x00,0x4F,0xFF,0xFF,0xF2,0x00,0x00,0x6F,0xFF,0xFF,0xF1,0x00,0x00,0x09,
  0xFF,0xFF,0xFB,0x00,0x00,0x01,0xEF,0xFF,0xFF,0x50,0x00,0x00,0xDF,0xFF,0xFF,0x60,0x00,0x00,0x0A,0xFF,0xFF,0xFA,0x00,0x00,
  0x3F,0xFF,0xFF,0xE1,0x00,0x00,0x00,0x4F,0xFF,0xFF,0xE1,0x00,0x08,0xFF,0xFF,0xFA,0x00,0x00,0x00,0x00,0xEF,0xFF,0xFF,0x50,
  0x00,0xDF,0xFF,0xFF,0x40,0x00,0x00,0x00,0x08,0xFF,0xFF,0xFA,0x00,0x3F,0xFF,0xFF,0xE0,0x00,0x00,0x00,0x00,0x3F,0xFF,0xFF,
  0xE0,0x07,0xFF,0xFF,0xF8,0x00,0x00,0x00,0x00,0x00,0xCF,0xFF,0xFF,0x40,0xCF,0xFF,0xFF,0x30,0x00,0x00,0x00,0x00,0x07,0xFF,
  0xFF,0xF8,0x1F,0xFF,0xFF,0xC0,0x00,0x00,0x00,0x00,0x00,0x1F,0xFF,0xFF,0xD5,0xFF,0xFF,0xF7,0x00,0x00,0x00,0x00,0x00,0x00,
  0xBF,0xFF,0xFF,0xCF,0xFF,0xFF,0x10,0x00,0x00,0x00,0x00,0x00,0x05,0xFF,0xFF,0xFF,0xFF,0xFF,0xB0,0x00,0x00,0x00,0x00,0x00,
  0x00,0x1E,0xFF,0xFF,0xFF,0xFF,0xF5,0x00,0x00,0x00,0x00,0x00,0x00,0x00,0x9F,0xFF,0xFF,0xFF,0xFE,0x10,0x00,0x00,0x00,0x00,
  0x00,0x00,0x04,0xFF,0xFF,0xFF,0xFF,0x90,0x00,0x00,0x00,0x00,0x00,0x00,0x00,0x0D,0xFF,0xFF,0xFF,0xF4,0x00,0x00,0x00,0x00,
  0x00,0x00,0x00,0x00,0x8F,0xFF,0xFF,0xFD,0x00,0x00,0x00,0x00,0x00,0x9F,0xFF,0xFF,0xF0,0x00,0x00,0x00,0x0E,0xFF,0xFF,0xE0,
  0x00,0x00,0x00,0x2F,0xFF,0xFF,0xF9,0x4F,0xFF,0xFF,0xF4,0x00,0x00,0x00,0x4F,0xFF,0xFF,0xF4,0x00,0x00,0x00,0x6F,0xFF,0xFF,
  0xF4,0x0E,0xFF,0xFF,0xF8,0x00,0x00,0x00,0x8F,0xFF,0xFF,0xF8,0x00,0x00,0x00,0x9F,0xFF,0xFF,0xE0,0x0A,0xFF,0xFF,0xFC,0x00,
  0x00,0x00,0xCF,0xFF,0xFF,0xFC,0x00,0x00,0x00,0xDF,0xFF,0xFF,0xA0,0x06,0xFF,0xFF,0xFF,0x10,0x00,0x01,0xFF,0xFF,0xFF,0xFF,
  0x10,0x00,0x02,0xFF,0xFF,0xFF,0x60,0x01,0xFF,0xFF,0xFF,0x40,0x00,0x05,0xFF,0xFF,0xFF,0xFF,0x50,0x00,0x06,0xFF,0xFF,0xFF,
  0x10,0x00,0xCF,0xFF,0xFF,0x80,0x00,0x09,0xFF,0xFF,0xFF,0xFF,0x90,0x00,0x0A,0xFF,0xFF,0xFC,0x00,0x00,0x7F,0xFF,0xFF,0xC0,
  0x00,0x0D,0xFF,0xFF,0xFF,0xFF,0xD0,0x00,0x0E,0xFF,0xFF,0xF7,0x00,0x00,0x3F,0xFF,0xFF,0xF1,0x00,0x2F,0xFF,0xFC,0xCF,0xFF,
  0xF2,0x00,0x2F,0xFF,0xFF,0xF2,0x00,0x00,0x0D,0xFF,0xFF,0xF4,0x00,0x6F,0xFF,0xF8,0x9F,0xFF,0xF5,0x00,0x6F,0xFF,0xFF,0xD0,
  0x00,0x00,0x08,0xFF,0xFF,0xF8,0x00,0x9F,0xFF,0xF4,0x5F,0xFF,0xF9,0x00,0x9F,0xFF,0xFF,0x80,0x00,0x00,0x04,0xFF,0xFF,0xFB,
  0x00,0xDF,0xFF,0xF1,0x1F,0xFF,0xFD,0x00,0xCF,0xFF,0xFF,0x40,0x00,0x00,0x00,0xEF,0xFF,0xFE,0x02,0xFF,0xFF,0xB0,0x0C,0xFF,
  0xFF,0x11,0xFF,0xFF,0xFE,0x00,0x00,0x00,0x00,0xAF,0xFF,0xFF,0x35,0xFF,0xFF,0x80,0x08,0xFF,0xFF,0x54,0xFF,0xFF,0xFA,0x00,
  0x00,0x00,0x00,0x5F,0xFF,0xFF,0x69,0xFF,0xFF,0x30,0x04,0xFF,0xFF,0x97,0xFF,0xFF,0xF5,0x00,0x00,0x00,0x00,0x1F,0xFF,0xFF,
  0xAD,0xFF,0xFE,0x00,0x00,0xEF,0xFF,0xCB,0xFF,0xFF,0xF1,0x00,0x00,0x00,0x00,0x0B,0xFF,0xFF,0xEF,0xFF,0xFA,0x00,0x00,0xAF,
  0xFF,0xFE,0xFF,0xFF,0xB0,0x00,0x00,0x00,0x00,0x07,0xFF,0xFF,0xFF,0xFF,0xF5,0x00,0x00,0x6F,0xFF,0xFF,0xFF,0xFF,0x60,0x00,
  0x00,0x00,0x00,0x02,0xFF,0xFF,0xFF,0xFF,0xF1,0x00,0x00,0x1F,0xFF,0xFF,0xFF,0xFF,0x20,0x00,0x00,0x00,0x00,0x00,0xCF,0xFF,
  0xFF,0xFF,0xB0,0x00,0x00,0x0C,0xFF,0xFF,0xFF,0xFC,0x00,0x00,0x00,0x00,0x00,0x00,0x8F,0xFF,0xFF,0xFF,0x70,0x00,0x00,0x08,
  0xFF,0xFF,0xFF,0xF8,0x00,0x00,0x00,0x00,0x00,0x00,0x3F,0xFF,0xFF,0xFF,0x30,0x00,0x00,0x03,0xFF,0xFF,0xFF,0xF3,0x00,0x00,
  0x00,0x00,0x00,0x00,0x0E,0xFF,0xFF,0xFD,0x00,0x00,0x00,0x00,0xEF,0xFF,0xFF,0xE0,0x00,0x00,0x00,0x0C,0xFF,0xFF,0xFE,0x10,
  0x00,0x00,0x02,0xFF,0xFF,0xFF,0xA0,0x03,0xFF,0xFF,0xFF,0xA0,0x00,0x00,0x0B,0xFF,0xFF,0xFE,0x10,0x00,0x8F,0xFF,0xFF,0xF4,
  0x00,0x00,0x6F,0xFF,0xFF,0xF4,0x00,0x00,0x0C,0xFF,0xFF,0xFD,0x00,0x01,0xEF,0xFF,0xFF,0x90,0x00,0x00,0x03,0xFF,0xFF,0xFF,
  0x70,0x09,0xFF,0xFF,0xFD,0x10,0x00,0x00,0x00,0x8F,0xFF,0xFF,0xE1,0x3F,0xFF,0xFF,0xF4,0x00,0x00,0x00,0x00,0x0C,0xFF,0xFF,
  0xF9,0xBF,0xFF,0xFF,0x80,0x00,0x00,0x00,0x00,0x03,0xFF,0xFF,0xFF,0xFF,0xFF,0xFC,0x00,0x00,0x00,0x00,0x00,0x00,0x7F,0xFF,
  0xFF,0xFF,0xFF,0xF3,0x00,0x00,0x00,0x00,0x00,0x00,0x0C,0xFF,0xFF,0xFF,0xFF,0x70,0x00,0x00,0x00,0x00,0x00,0x00,0x03,0xFF,
  0xFF,0xFF,0xFC,0x00,0x00,0x00,0x00,0x00,0x00,0x00,0x00,0xCF,0xFF,0xFF,0xF9,0x00,0x00,0x00,0x00,0x00,0x00,0x00,0x07,0xFF,
  0xFF,0xFF,0xFF,0x40,0x00,0x00,0x00,0x00,0x00,0x00,0x3F,0xFF,0xFF,0xFF,0xFF,0xD1,0x00,0x00,0x00,0x00,0x00,0x00,0xCF,0xFF,
  0xFF,0xFF,0xFF,0xF9,0x00,0x00,0x00,0x00,0x00,0x08,0xFF,0xFF,0xFD,0xFF,0xFF,0xFF,0x50,0x00,0x00,0x00,0x00,0x4F,0xFF,0xFF,
  0xF4,0x9F,0xFF,0xFF,0xE1,0x00,0x00,0x00,0x01,0xDF,0xFF,0xFF,0xA0,0x1E,0xFF,0xFF,0xFA,0x00,0x00,0x00,0x09,0xFF,0xFF,0xFE,
  0x20,0x06,0xFF,0xFF,0xFF,0x50,0x00,0x00,0x5F,0xFF,0xFF,0xF7,0x00,0x00,0xCF,0xFF,0xFF,0xE1,0x00,0x01,0xEF,0xFF,0xFF,0xC0,
  0x00,0x00,0x3F,0xFF,0xFF,0xFA,0x00,0x0B,0xFF,0xFF,0xFF,0x30,0x00,0x00,0x08,0xFF,0xFF,0xFF,0x50,0x6F,0xFF,0xFF,0xF7,0x00,
  0x00,0x00,0x01,0xDF,0xFF,0xFF,0xE2,0x8F,0xFF,0xFF,0xF1,0x00,0x00,0x00,0x00,0x09,0xFF,0xFF,0xFE,0x03,0xFF,0xFF,0xFF,0x60,
  0x00,0x00,0x00,0x00,0xEF,0xFF,0xFF,0x80,0x0C,0xFF,0xFF,0xFB,0x00,0x00,0x00,0x00,0x4F,0xFF,0xFF,0xF3,0x00,0x6F,0xFF,0xFF,
  0xF1,0x00,0x00,0x00,0x0A,0xFF,0xFF,0xFC,0x00,0x01,0xFF,0xFF,0xFF,0x60,0x00,0x00,0x00,0xEF,0xFF,0xFF,0x60,0x00,0x0A,0xFF,
  0xFF,0xFB,0x00,0x00,0x00,0x5F,0xFF,0xFF,0xF1,0x00,0x00,0x4F,0xFF,0xFF,0xF1,0x00,0x00,0x0A,0xFF,0xFF,0xFA,0x00,0x00,0x00,
  0xDF,0xFF,0xFF,0x60,0x00,0x00,0xEF,0xFF,0xFF,0x40,0x00,0x00,0x08,0xFF,0xFF,0xFB,0x00,0x00,0x5F,0xFF,0xFF,0xE0,0x00,0x00,
  0x00,0x2F,0xFF,0xFF,0xF1,0x00,0x0A,0xFF,0xFF,0xF8,0x00,0x00,0x00,0x00,0xBF,0xFF,0xFF,0x60,0x01,0xEF,0xFF,0xFF,0x20,0x00,
  0x00,0x00,0x06,0xFF,0xFF,0xFB,0x00,0x5F,0xFF,0xFF,0xC0,0x00,0x00,0x00,0x00,0x1E,0xFF,0xFF,0xF1,0x09,0xFF,0xFF,0xF6,0x00,
  0x00,0x00,0x00,0x00,0x9F,0xFF,0xFF,0x50,0xEF,0xFF,0xFF,0x10,0x00,0x00,0x00,0x00,0x03,0xFF,0xFF,0xFA,0x4F,0xFF,0xFF,0xA0,
  0x00,0x00,0x00,0x00,0x00,0x0D,0xFF,0xFF,0xE9,0xFF,0xFF,0xF4,0x00,0x00,0x00,0x00,0x00,0x00,0x7F,0xFF,0xFF,0xFF,0xFF,0xFD,
  0x00,0x00,0x00,0x00,0x00,0x00,0x01,0xFF,0xFF,0xFF,0xFF,0xFF,0x80,0x00,0x00,0x00,0x00,0x00,0x00,0x0B,0xFF,0xFF,0xFF,0xFF,
  0xF2,0x00,0x00,0x00,0x00,0x00,0x00,0x00,0x5F,0xFF,0xFF,0xFF,0xFC,0x00,0x00,0x00,0x00,0x00,0x00,0x00,0x00,0xEF,0xFF,0xFF,
  0xFF,0x60,0x00,0x00,0x00,0x00,0x00,0x00,0x00,0x08,0xFF,0xFF,0xFF,0xE1,0x00,0x00,0x00,0x00,0x00,0x00,0x00,0x00,0x3F,0xFF,
  0xFF,0xFA,0x00,0x00,0x00,0x00,0x00,0x00,0x00,0x00,0x04,0xFF,0xFF,0xFF,0x40,0x00,0x00,0x00,0x00,0x00,0x00,0x00,0x00,0xAF,
  0xFF,0xFF,0xD0,0x00,0x00,0x00,0x00,0x00,0x00,0x00,0x00,0x1F,0xFF,0xFF,0xF8,0x00,0x00,0x00,0x00,0x00,0x00,0x00,0x00,0x2B,
  0xFF,0xFF,0xFF,0x20,0x00,0x00,0x00,0x00,0x00,0x03,0xFF,0xFF,0xFF,0xFF,0xFF,0x90,0x00,0x00,0x00,0x00,0x00,0x00,0x3F,0xFF,
  0xFF,0xFF,0xFF,0xF2,0x00,0x00,0x00,0x00,0x00,0x00,0x03,0xFF,0xFF,0xFF,0xFF,0xF6,0x00,0x00,0x00,0x00,0x00,0x00,0x00,0x3F,
  0xFF,0xFF,0xFF,0xF7,0x00,0x00,0x00,0x00,0x00,0x00,0x00,0x03,0xFF,0xFF,0xEC,0x92,0x00,0x00,0x00,0x00,0x00,0x00,0x00,0x00,
  0xEF,0xFF,0xFF,0xFF,0xFF,0xFF,0xFF,0xFF,0xFF,0xB0,0x00,0x0E,0xFF,0xFF,0xFF,0xFF,0xFF,0xFF,0xFF,0xFF,0xFB,0x00,0x00,0xEF,
  0xFF,0xFF,0xFF,0xFF,0xFF,0xFF,0xFF,0xFF,0xB0,0x00,0x0E,0xFF,0xFF,0xFF,0xFF,0xFF,0xFF,0xFF,0xFF,0xFB,0x00,0x00,0xEF,0xFF,
  0xFF,0xFF,0xFF,0xFF,0xFF,0xFF,0xFF,0xA0,0x00,0x00,0x00,0x00,0x00,0x00,0x02,0xEF,0xFF,0xFF,0xD1,0x00,0x00,0x00,0x00,0x00,
  0x00,0x01,0xCF,0xFF,0xFF,0xE3,0x00,0x00,0x00,0x00,0x00,0x00,0x00,0xAF,0xFF,0xFF,0xF5,0x00,0x00,0x00,0x00,0x00,0x00,0x00,
  0x7F,0xFF,0xFF,0xF7,0x00,0x00,0x00,0x00,0x00,0x00,0x00,0x5F,0xFF,0xFF,0xFA,0x00,0x00,0x00,0x00,0x00,0x00,0x00,0x3E,0xFF,
  0xFF,0xFC,0x10,0x00,0x00,0x00,0x00,0x00,0x00,0x1D,0xFF,0xFF,0xFE,0x20,0x00,0x00,0x00,0x00,0x00,0x00,0x0B,0xFF,0xFF,0xFF,
  0x30,0x00,0x00,0x00,0x00,0x00,0x00,0x09,0xFF,0xFF,0xFF,0x60,0x00,0x00,0x00,0x00,0x00,0x00,0x07,0xFF,0xFF,0xFF,0x80,0x00,
  0x00,0x00,0x00,0x00,0x00,0x04,0xFF,0xFF,0xFF,0xB0,0x00,0x00,0x00,0x00,0x00,0x00,0x02,0xEF,0xFF,0xFF,0xD1,0x00,0x00,0x00,
  0x00,0x00,0x00,0x01,0xDF,0xFF,0xFF,0xE2,0x00,0x00,0x00,0x00,0x00,0x00,0x00,0xBF,0xFF,0xFF,0xFF,0xFF,0xFF,0xFF,0xFF,0xFF,
  0xE0,0x00,0x0E,0xFF,0xFF,0xFF,0xFF,0xFF,0xFF,0xFF,0xFF,0xFE,0x00,0x00,0xEF,0xFF,0xFF,0xFF,0xFF,0xFF,0xFF,0xFF,0xFF,0xE0,
  0x00,0x0E,0xFF,0xFF,0xFF,0xFF,0xFF,0xFF,0xFF,0xFF,0xFE,0x00,0x00,0xEF,0xFF,0xFF,0xFF,0xFF,0xFF,0xFF,0xFF,0xFF,0xE0,0x00,
  0x00,0x00,0x00,0x00,0x00,0x01,0x48,0x9B,0xCB,0x00,0x00,0x00,0x00,0x00,0x07,0xEF,0xFF,0xFF,0xD0,0x00,0x00,0x00,0x00,0x0A,
  0xFF,0xFF,0xFF,0xFD,0x00,0x00,0x00,0x00,0x07,0xFF,0xFF,0xFF,0xFF,0xD0,0x00,0x00,0x00,0x00,0xEF,0xFF,0xFF,0xFF,0xFD,0x00,
  0x00,0x00,0x00,0x4F,0xFF,0xFF,0xFD,0x52,0x10,0x00,0x00,0x00,0x08,0xFF,0xFF,0xFF,0x20,0x00,0x00,0x00,0x00,0x00,0x9F,0xFF,
  0xFF,0xA0,0x00,0x00,0x00,0x00,0x00,0x0A,0xFF,0xFF,0xF8,0x00,0x00,0x00,0x00,0x00,0x00,0xBF,0xFF,0xFF,0x70,0x00,0x00,0x00,
  0x00,0x00,0x0B,0xFF,0xFF,0xF7,0x00,0x00,0x00,0x00,0x00,0x00,0xBF,0xFF,0xFF,0x70,0x00,0x00,0x00,0x00,0x00,0x0B,0xFF,0xFF,
  0xF7,0x00,0x00,0x00,0x00,0x00,0x00,0xCF,0xFF,0xFF,0x70,0x00,0x00,0x00,0x00,0x00,0x0E,0xFF,0xFF,0xF6,0x00,0x00,0x00,0x00,
  0x00,0x05,0xFF,0xFF,0xFF,0x50,0x00,0x00,0x00,0x00,0x06,0xEF,0xFF,0xFF,0xE1,0x00,0x00,0x00,0x06,0xCF,0xFF,0xFF,0xFF,0xF8,
  0x00,0x00,0x00,0x00,0x7F,0xFF,0xFF,0xFF,0xF9,0x00,0x00,0x00,0x00,0x07,0xFF,0xFF,0xFF,0xC5,0x00,0x00,0x00,0x00,0x00,0x7F,
  0xFF,0xFF,0xE9,0x20,0x00,0x00,0x00,0x00,0x07,0xFF,0xFF,0xFF,0xFF,0x60,0x00,0x00,0x00,0x00,0x7F,0xFF,0xFF,0xFF,0xFF,0x50,
  0x00,0x00,0x00,0x00,0x14,0xAF,0xFF,0xFF,0xFD,0x00,0x00,0x00,0x00,0x00,0x00,0x8F,0xFF,0xFF,0xF4,0x00,0x00,0x00,0x00,0x00,
  0x01,0xEF,0xFF,0xFF,0x60,0x00,0x00,0x00,0x00,0x00,0x0C,0xFF,0xFF,0xF7,0x00,0x00,0x00,0x00,0x00,0x00,0xBF,0xFF,0xFF,0x70,
  0x00,0x00,0x00,0x00,0x00,0x0B,0xFF,0xFF,0xF7,0x00,0x00,0x00,0x00,0x00,0x00,0xBF,0xFF,0xFF,0x70,0x00,0x00,0x00,0x00,0x00,
  0x0B,0xFF,0xFF,0xF7,0x00,0x00,0x00,0x00,0x00,0x00,0xAF,0xFF,0xFF,0x80,0x00,0x00,0x00,0x00,0x00,0x09,0xFF,0xFF,0xF9,0x00,
  0x00,0x00,0x00,0x00,0x00,0x8F,0xFF,0xFF,0xE1,0x00,0x00,0x00,0x00,0x00,0x05,0xFF,0xFF,0xFF,0xC3,0x00,0x00,0x00,0x00,0x00,
  0x1F,0xFF,0xFF,0xFF,0xFF,0xC0,0x00,0x00,0x00,0x00,0x8F,0xFF,0xFF,0xFF,0xFD,0x00,0x00,0x00,0x00,0x01,0xCF,0xFF,0xFF,0xFF,
  0xD0,0x00,0x00,0x00,0x00,0x01,0x9F,0xFF,0xFF,0xFD,0x00,0x00,0x00,0x00,0x00,0x00,0x26,0xAB,0xDE,0xC0,0x00,0x00,0x49,0x99,
  0x99,0x60,0x00,0x00,0x00,0x06,0xFF,0xFF,0xF9,0x00,0x00,0x00,0x00,0x6F,0xFF,0xFF,0x90,0x00,0x00,0x00,0x06,0xFF,0xFF,0xF9,
  0x00,0x00,0x00,0x00,0x6F,0xFF,0xFF,0x90,0x00,0x00,0x00,0x06,0xFF,0xFF,0xF9,0x00,0x00,0x00,0x00,0x6F,0xFF,0xFF,0x90,0x00,
  0x00,0x00,0x06,0xFF,0xFF,0xF9,0x00,0x00,0x00,0x00,0x6F,0xFF,0xFF,0x90,0x00,0x00,0x00,0x06,0xFF,0xFF,0xF9,0x00,0x00,0x00,
  0x00,0x6F,0xFF,0xFF,0x90,0x00,0x00,0x00,0x06,0xFF,0xFF,0xF9,0x00,0x00,0x00,0x00,0x6F,0xFF,0xFF,0x90,0x00,0x00,0x00,0x06,
  0xFF,0xFF,0xF9,0x00,0x00,0x00,0x00,0x6F,0xFF,0xFF,0x90,0x00,0x00,0x00,0x06,0xFF,0xFF,0xF9,0x00,0x00,0x00,0x00,0x6F,0xFF,
  0xFF,0x90,0x00,0x00,0x00,0x06,0xFF,0xFF,0xF9,0x00,0x00,0x00,0x00,0x6F,0xFF,0xFF,0x90,0x00,0x00,0x00,0x06,0xFF,0xFF,0xF9,
  0x00,0x00,0x00,0x00,0x6F,0xFF,0xFF,0x90,0x00,0x00,0x00,0x06,0xFF,0xFF,0xF9,0x00,0x00,0x00,0x00,0x6F,0xFF,0xFF,0x90,0x00,
  0x00,0x00,0x06,0xFF,0xFF,0xF9,0x00,0x00,0x00,0x00,0x6F,0xFF,0xFF,0x90,0x00,0x00,0x00,0x06,0xFF,0xFF,0xF9,0x00,0x00,0x00,
  0x00,0x6F,0xFF,0xFF,0x90,0x00,0x00,0x00,0x06,0xFF,0xFF,0xF9,0x00,0x00,0x00,0x00,0x6F,0xFF,0xFF,0x90,0x00,0x00,0x00,0x06,
  0xFF,0xFF,0xF9,0x00,0x00,0x00,0x00,0x6F,0xFF,0xFF,0x90,0x00,0x00,0x00,0x06,0xFF,0xFF,0xF9,0x00,0x00,0x00,0x00,0x6F,0xFF,
  0xFF,0x90,0x00,0x00,0x00,0x06,0xFF,0xFF,0xF9,0x00,0x00,0x00,0x00,0x6F,0xFF,0xFF,0x90,0x00,0x00,0x00,0x06,0xFF,0xFF,0xF9,
  0x00,0x00,0x00,0x00,0x6F,0xFF,0xFF,0x90,0x00,0x00,0x00,0x06,0xFF,0xFF,0xF9,0x00,0x00,0x00,0x00,0x6F,0xFF,0xFF,0x90,0x00,
  0x00,0x00,0x06,0xFF,0xFF,0xF9,0x00,0x00,0x00,0x00,0x6F,0xFF,0xFF,0x90,0x00,0x00,0x00,0x06,0xFF,0xFF,0xF9,0x00,0x00,0x00,
  0x00,0x6F,0xFF,0xFF,0x90,0x00,0x00,0x00,0x06,0xFF,0xFF,0xF9,0x00,0x00,0x00,0x00,0x6F,0xFF,0xFF,0x90,0x00,0x00,0x00,0x06,
  0xFF,0xFF,0xF9,0x00,0x00,0x00,0x00,0x6F,0xFF,0xFF,0x90,0x00,0x00,0x00,0x06,0xFF,0xFF,0xF9,0x00,0x00,0x00,0x00,0x6F,0xFF,
  0xFF,0x90,0x00,0x00,0x00,0x06,0xFF,0xFF,0xF9,0x00,0x00,0x00,0x00,0x6F,0xFF,0xFF,0x90,0x00,0x00,0x00,0x06,0xFF,0xFF,0xF9,
  0x00,0x00,0x00,0x00,0x6F,0xFF,0xFF,0x90,0x00,0x00,0x07,0xCB,0xA9,0x51,0x00,0x00,0x00,0x00,0x00,0x00,0x8F,0xFF,0xFF,0xF9,
  0x10,0x00,0x00,0x00,0x00,0x08,0xFF,0xFF,0xFF,0xFD,0x20,0x00,0x00,0x00,0x00,0x8F,0xFF,0xFF,0xFF,0xFB,0x00,0x00,0x00,0x00,
  0x08,0xFF,0xFF,0xFF,0xFF,0xF4,0x00,0x00,0x00,0x00,0x02,0x4B,0xFF,0xFF,0xFF,0x90,0x00,0x00,0x00,0x00,0x00,0x0C,0xFF,0xFF,
  0xFD,0x00,0x00,0x00,0x00,0x00,0x00,0x5F,0xFF,0xFF,0xE0,0x00,0x00,0x00,0x00,0x00,0x03,0xFF,0xFF,0xFF,0x00,0x00,0x00,0x00,
  0x00,0x00,0x2F,0xFF,0xFF,0xF0,0x00,0x00,0x00,0x00,0x00,0x02,0xFF,0xFF,0xFF,0x00,0x00,0x00,0x00,0x00,0x00,0x2F,0xFF,0xFF,
  0xF0,0x00,0x00,0x00,0x00,0x00,0x02,0xFF,0xFF,0xFF,0x10,0x00,0x00,0x00,0x00,0x00,0x2F,0xFF,0xFF,0xF2,0x00,0x00,0x00,0x00,
  0x00,0x02,0xFF,0xFF,0xFF,0x40,0x00,0x00,0x00,0x00,0x00,0x0F,0xFF,0xFF,0xFA,0x00,0x00,0x00,0x00,0x00,0x00,0xBF,0xFF,0xFF,
  0xF9,0x10,0x00,0x00,0x00,0x00,0x04,0xFF,0xFF,0xFF,0xFF,0xD9,0x00,0x00,0x00,0x00,0x05,0xFF,0xFF,0xFF,0xFF,0xC0,0x00,0x00,
  0x00,0x00,0x03,0xBF,0xFF,0xFF,0xFC,0x00,0x00,0x00,0x00,0x00,0x17,0xDF,0xFF,0xFF,0xC0,0x00,0x00,0x00,0x00,0x2D,0xFF,0xFF,
  0xFF,0xFC,0x00,0x00,0x00,0x00,0x2E,0xFF,0xFF,0xFF,0xFF,0xC0,0x00,0x00,0x00,0x09,0xFF,0xFF,0xFF,0xD5,0x21,0x00,0x00,0x00,
  0x00,0xEF,0xFF,0xFF,0xC0,0x00,0x00,0x00,0x00,0x00,0x1F,0xFF,0xFF,0xF5,0x00,0x00,0x00,0x00,0x00,0x02,0xFF,0xFF,0xFF,0x20,
  0x00,0x00,0x00,0x00,0x00,0x2F,0xFF,0xFF,0xF1,0x00,0x00,0x00,0x00,0x00,0x02,0xFF,0xFF,0xFF,0x00,0x00,0x00,0x00,0x00,0x00,
  0x2F,0xFF,0xFF,0xF0,0x00,0x00,0x00,0x00,0x00,0x02,0xFF,0xFF,0xFF,0x00,0x00,0x00,0x00,0x00,0x00,0x3F,0xFF,0xFF,0xF0,0x00,
  0x00,0x00,0x00,0x00,0x05,0xFF,0xFF,0xFE,0x00,0x00,0x00,0x00,0x00,0x00,0xAF,0xFF,0xFF,0xD0,0x00,0x00,0x00,0x00,0x02,0x9F,
  0xFF,0xFF,0xFA,0x00,0x00,0x00,0x00,0x7F,0xFF,0xFF,0xFF,0xFF,0x50,0x00,0x00,0x00,0x08,0xFF,0xFF,0xFF,0xFF,0xD0,0x00,0x00,
  0x00,0x00,0x8F,0xFF,0xFF,0xFF,0xE3,0x00,0x00,0x00,0x00,0x08,0xFF,0xFF,0xFF,0xB3,0x00,0x00,0x00,0x00,0x00,0x8E,0xDC,0xB8,
  0x30,0x00,0x00,0x00,0x00,0x00,0x00,0x00,0x00,0x4A,0xDF,0xEA,0x40,0x00,0x00,0x00,0x00,0x00,0x00,0x00,0x00,0x00,0x00,0x8F,
  0xFF,0xFF,0xFF,0x91,0x00,0x00,0x01,0xEE,0xEE,0xD0,0x00,0x00,0x00,0x7F,0xFF,0xFF,0xFF,0xFF,0xB1,0x00,0x00,0x3F,0xFF,0xFD,
  0x00,0x00,0x00,0x2F,0xFF,0xFF,0xFF,0xFF,0xFF,0xD2,0x00,0x09,0xFF,0xFF,0xC0,0x00,0x00,0x08,0xFF,0xFF,0xFF,0xFF,0xFF,0xFF,
  0xE9,0x69,0xFF,0xFF,0xF9,0x00,0x00,0x00,0xCF,0xFF,0xFF,0x86,0xAF,0xFF,0xFF,0xFF,0xFF,0xFF,0xFF,0x40,0x00,0x00,0x0F,0xFF,
  0xFF,0x50,0x00,0x5E,0xFF,0xFF,0xFF,0xFF,0xFF,0xD0,0x00,0x00,0x01,0xFF,0xFF,0xE0,0x00,0x00,0x3E,0xFF,0xFF,0xFF,0xFF,0xF4,
  0x00,0x00,0x00,0x2F,0xFF,0xFD,0x00,0x00,0x00,0x2C,0xFF,0xFF,0xFF,0xF5,0x00,0x00,0x00,0x00,0x00,0x00,0x00,0x00,0x00,0x00,
  0x06,0xBE,0xFD,0x92,0x00,0x00,0x00,0x00,0x00,0x00,0x00,0x00,0x00,0x00,0x00,0x00,0x00,0x00,0x00,0x00,0x00,0x00,0x00,0x00,
  0x00,0x00,0x00,0x00,0x00,0x00,0x00,0x00,0x00,0x00,0x00,0x00,0x00,0x00,0x00,0x00,0x00,0x00,0x00,0x00,0x00,0x00,0x00,0x00,
  0x00,0x00,0x00,0x00,0x00,0x00,0x00,0x00,0x00,0x00,0x00,0x00,0x00,0x00,0x00,0x00,0x00,0x00,0x00,0x00,0x00,0x00,0x00,0x00,
  0x00,0x00,0x00,0x00,0x00,0x00,0x00,0x00,0x00,0x00,0x00,0x00,0x00,0x00,0x00,0x00,0x00,0x00,0x00,0x00,0x00,0x00,0x00,0x00,
  0x00,0x00,0x00,0x00,0x00,0x00,0x00,0x00,0x00,0x00,0x00,0x00,0x00,0x00,0x00,0x00,0x00,0x00,0x00,0x00,0x00,0x00,0x00,0x00,
  0x00,0x00,0x00,0x00,0x00,0x00,0x4A,0xDF,0xEB,0x60,0x00,0x00,0x00,0x00,0x01,0x9F,0xFF,0xFF,0xFF,0xB2,0x00,0x00,0x00,0x01,
  0xDF,0xFF,0xFF,0xFF,0xFF,0xE3,0x00,0x00,0x00,0xAF,0xFF,0xFF,0xFF,0xFF,0xFF,0xC0,0x00,0x00,0x4F,0xFF,0xFF,0x96,0x8E,0xFF,
  0xFF,0x70,0x00,0x0A,0xFF,0xFE,0x30,0x00,0x1D,0xFF,0xFD,0x00,0x00,0xEF,0xFF,0x80,0x00,0x00,0x5F,0xFF,0xF1,0x00,0x0F,0xFF,
  0xF5,0x00,0x00,0x02,0xFF,0xFF,0x30,0x00,0xEF,0xFF,0x70,0x00,0x00,0x4F,0xFF,0xF2,0x00,0x0C,0xFF,0xFD,0x10,0x00,0x0B,0xFF,
  0xFE,0x00,0x00,0x7F,0xFF,0xFC,0x41,0x3A,0xFF,0xFF,0x90,0x00,0x00,0xCF,0xFF,0xFF,0xFF,0xFF,0xFF,0xE2,0x00,0x00,0x03,0xFF,
  0xFF,0xFF,0xFF,0xFF,0xF5,0x00,0x00,0x00,0x04,0xDF,0xFF,0xFF,0xFF,0xE6,0x00,0x00,0x00,0x00,0x01,0x9E,0xFF,0xFF,0xA2,0x00,
  0x00,0x00,0x00,0x00,0x00,0x03,0x43,0x10,0x00,0x00,0x00,0x00,0x00,0x00,0x00,0x00,0x00,0x00,0x00,0x00,0x00,0x00,0x00,0x00,
  0x00,0x00,0x00,0x00,0x00,0x00,0x00,0x00,0x00,0x00,0x00,0x00,0x00,0x00,0x00,0x00,0x00,0x00,0x00,0x00,0x00,0x00,0x00,0x00,
  0x00,0x00,0x00,0x00,0x00,0x00,0x00,0x00,0x00,0x00,0x00,0x00,0x00,0x00,0x00,0x00,0x00,0x00,0x00,0x00,0x00,0x00,0x00,0x00,
  0x00,0x00,0x00,0x00,0x00,0x00,0x00,0x00,0x00,0x00,0x00,0x00,0x00,0x00,0x00,0x00,0x00,0x00,0x00,0x00,0x00,0x00,0x00,0x00,
  0x00,0x00,0x00,0x00,0x00,0x00,0x00,0x00,0x00,0x00,0x00,0x00,0x00,0x00,0x00,0x00,0x00,0x00,0x00,0x00,0x00,0x00,0x00,0x00,
  0x00,0x00,0x00,0x00,0x00,0x00,0x00,0x00,0x00,0x00,0x00,0x00,0x00,0x00,0x00,0x00,0x00,0x00,0x00,0x00,0x00,0x00,0x00,0x00,
  0x00,0x00,0x00,0x00,0x00,0x00,0x00,0x00,0x00,0x00,0x00,0x00,0x00,0x00,0x00,0x00,0x00,0x00,0x00,0x00,0x00,0x00,0x00,0x00,
  0x00,0x18,0xCE,0xDA,0x40,0x00,0x00,0x00,0x00,0x00,0x00,0x00,0x00,0x00,0x00,0x00,0x03,0xEF,0xFF,0xFF,0xF8,0x00,0x00,0x00,
  0x00,0x00,0x00,0x00,0x00,0x00,0x00,0x00,0x1D,0xFF,0xFE,0xFF,0xFF,0x50,0x00,0x00,0x00,0x00,0x00,0x00,0x00,0x00,0x00,0x00,
  0x6F,0xFF,0x50,0x1B,0xFF,0xD0,0x00,0x00,0x00,0x00,0x00,0x00,0x00,0x00,0x00,0x00,0x9F,0xFA,0x00,0x03,0xFF,0xF1,0x00,0x00,
  0x00,0x00,0x00,0x00,0x00,0x00,0x00,0x00,0x9F,0xFA,0x00,0x03,0xFF,0xF1,0x00,0x00,0x00,0x00,0x00,0x00,0x00,0x00,0x00,0x00,
  0x6F,0xFF,0x40,0x1B,0xFF,0xD0,0x00,0x00,0x00,0x00,0x00,0x00,0x00,0x00,0x00,0x00,0x1D,0xFF,0xFE,0xFF,0xFF,0x60,0x00,0x00,
  0x00,0x00,0x00,0x00,0x00,0x00,0x00,0x00,0x03,0xEF,0xFF,0xFF,0xF9,0x00,0x00,0x00,0x00,0x00,0x00,0x00,0x00,0x00,0x00,0x00,
  0x00,0x18,0xCE,0xDA,0x40,0x00,0x00,0x00,0x00,0x00,0x00,0x00,0x00,0x00,0x00,0x00,0x00,0x00,0x00,0x00,0x00,0x00,0x00,0x00,
  0x00,0x00,0x00,0x00,0x00,0x00,0x00,0x00,0x00,0x00,0x00,0x00,0x00,0x00,0x00,0x00,0x00,0x00,0x00,0x00,0x00,0x00,0x00,0x00,
  0x0B,0xFF,0xFF,0xFF,0xFF,0x20,0x00,0x00,0x00,0x00,0x00,0x00,0x00,0x00,0x00,0x00,0x2F,0xFF,0xFF,0xFF,0xFF,0x70,0x00,0x00,
  0x00,0x00,0x00,0x00,0x00,0x00,0x00,0x00,0x7F,0xFF,0xFF,0xFF,0xFF,0xC0,0x00,0x00,0x00,0x00,0x00,0x00,0x00,0x00,0x00,0x00,
  0xCF,0xFF,0xFF,0xFF,0xFF,0xF2,0x00,0x00,0x00,0x00,0x00,0x00,0x00,0x00,0x00,0x02,0xFF,0xFF,0xFF,0xFF,0xFF,0xF8,0x00,0x00,
  0x00,0x00,0x00,0x00,0x00,0x00,0x00,0x08,0xFF,0xFF,0xFF,0xFF,0xFF,0xFD,0x00,0x00,0x00,0x00,0x00,0x00,0x00,0x00,0x00,0x0D,
  0xFF,0xFF,0xFA,0xFF,0xFF,0xFF,0x30,0x00,0x00,0x00,0x00,0x00,0x00,0x00,0x00,0x3F,0xFF,0xFF,0xF3,0xDF,0xFF,0xFF,0x90,0x00,
  0x00,0x00,0x00,0x00,0x00,0x00,0x00,0x8F,0xFF,0xFF,0xE0,0x8F,0xFF,0xFF,0xE0,0x00,0x00,0x00,0x00,0x00,0x00,0x00,0x00,0xEF,
  0xFF,0xFF,0x90,0x4F,0xFF,0xFF,0xF4,0x00,0x00,0x00,0x00,0x00,0x00,0x00,0x04,0xFF,0xFF,0xFF,0x50,0x0E,0xFF,0xFF,0xF9,0x00,
  0x00,0x00,0x00,0x00,0x00,0x00,0x09,0xFF,0xFF,0xFF,0x10,0x0A,0xFF,0xFF,0xFE,0x00,0x00,0x00,0x00,0x00,0x00,0x00,0x0E,0xFF,
  0xFF,0xFB,0x00,0x05,0xFF,0xFF,0xFF,0x50,0x00,0x00,0x00,0x00,0x00,0x00,0x5F,0xFF,0xFF,0xF6,0x00,0x01,0xFF,0xFF,0xFF,0xA0,
  0x00,0x00,0x00,0x00,0x00,0x00,0xAF,0xFF,0xFF,0xF2,0x00,0x00,0xCF,0xFF,0xFF,0xF1,0x00,0x00,0x00,0x00,0x00,0x01,0xFF,0xFF,
  0xFF,0xC0,0x00,0x00,0x7F,0xFF,0xFF,0xF6,0x00,0x00,0x00,0x00,0x00,0x06,0xFF,0xFF,0xFF,0x70,0x00,0x00,0x2F,0xFF,0xFF,0xFB,
  0x00,0x00,0x00,0x00,0x00,0x0B,0xFF,0xFF,0xFF,0x20,0x00,0x00,0x0D,0xFF,0xFF,0xFF,0x10,0x00,0x00,0x00,0x00,0x1F,0xFF,0xFF,
  0xFC,0x00,0x00,0x00,0x08,0xFF,0xFF,0xFF,0x60,0x00,0x00,0x00,0x00,0x6F,0xFF,0xFF,0xFA,0x44,0x44,0x44,0x47,0xFF,0xFF,0xFF,
  0xC0,0x00,0x00,0x00,0x00,0xCF,0xFF,0xFF,0xFF,0xFF,0xFF,0xFF,0xFF,0xFF,0xFF,0xFF,0xF2,0x00,0x00,0x00,0x02,0xFF,0xFF,0xFF,
  0xFF,0xFF,0xFF,0xFF,0xFF,0xFF,0xFF,0xFF,0xF7,0x00,0x00,0x00,0x07,0xFF,0xFF,0xFF,0xFF,0xFF,0xFF,0xFF,0xFF,0xFF,0xFF,0xFF,
  0xFD,0x00,0x00,0x00,0x0C,0xFF,0xFF,0xFF,0xFF,0xFF,0xFF,0xFF,0xFF,0xFF,0xFF,0xFF,0xFF,0x30,0x00,0x00,0x3F,0xFF,0xFF,0xFF,
  0xFF,0xFF,0xFF,0xFF,0xFF,0xFF,0xFF,0xFF,0xFF,0x80,0x00,0x00,0x8F,0xFF,0xFF,0xF7,0x00,0x00,0x00,0x00,0x00,0x03,0xFF,0xFF,
  0xFF,0xD0,0x00,0x00,0xDF,0xFF,0xFF,0xF2,0x00,0x00,0x00,0x00,0x00,0x00,0xEF,0xFF,0xFF,0xF4,0x00,0x03,0xFF,0xFF,0xFF,0xC0,
  0x00,0x00,0x00,0x00,0x00,0x00,0x9F,0xFF,0xFF,0xF9,0x00,0x09,0xFF,0xFF,0xFF,0x70,0x00,0x00,0x00,0x00,0x00,0x00,0x4F,0xFF,
  0xFF,0xFE,0x00,0x0E,0xFF,0xFF,0xFF,0x20,0x00,0x00,0x00,0x00,0x00,0x00,0x0E,0xFF,0xFF,0xFF,0x40,0x4F,0xFF,0xFF,0xFC,0x00,
  0x00,0x00,0x00,0x00,0x00,0x00,0x0A,0xFF,0xFF,0xFF,0xA0,0xAF,0xFF,0xFF,0xF7,0x00,0x00,0x00,0x00,0x00,0x00,0x00,0x05,0xFF,
  0xFF,0xFF,0xE1,0x00,0x00,0x00,0x00,0x00,0x00,0x09,0xFF,0xFF,0xFF,0xFF,0xFF,0xFF,0xFF,0xFF,0xFF,0xFF,0xFF,0xFF,0xFF,0xFF,
  0xF5,0x00,0x00,0x00,0x00,0x00,0x00,0x01,0xEF,0xFF,0xFF,0xFF,0xFF,0xFF,0xFF,0xFF,0xFF,0xFF,0xFF,0xFF,0xFF,0xFF,0xFF,0x50,
  0x00,0x00,0x00,0x00,0x00,0x00,0x7F,0xFF,0xFF,0xFF,0xFF,0xFF,0xFF,0xFF,0xFF,0xFF,0xFF,0xFF,0xFF,0xFF,0xFF,0xF5,0x00,0x00,
  0x00,0x00,0x00,0x00,0x0D,0xFF,0xFF,0xFF,0xFF,0xFF,0xFF,0xFF,0xFF,0xFF,0xFF,0xFF,0xFF,0xFF,0xFF,0xFF,0x50,0x00,0x00,0x00,
  0x00,0x00,0x04,0xFF,0xFF,0xFF,0xFF,0xFF,0xFF,0xFF,0xFF,0xFF,0xFF,0xFF,0xFF,0xFF,0xFF,0xFF,0xF5,0x00,0x00,0x00,0x00,0x00,
  0x00,0xBF,0xFF,0xFF,0xEA,0xAC,0xFF,0xFF,0xFF,0xAA,0xAA,0xAA,0xAA,0xAA,0xAA,0xAA,0xAA,0x30,0x00,0x00,0x00,0x00,0x00,0x2F,
  0xFF,0xFF,0xF7,0x00,0x6F,0xFF,0xFF,0xE0,0x00,0x00,0x00,0x00,0x00,0x00,0x00,0x00,0x00,0x00,0x00,0x00,0x00,0x08,0xFF,0xFF,
  0xFF,0x10,0x06,0xFF,0xFF,0xFE,0x00,0x00,0x00,0x00,0x00,0x00,0x00,0x00,0x00,0x00,0x00,0x00,0x00,0x01,0xEF,0xFF,0xFF,0xA0,
  0x00,0x6F,0xFF,0xFF,0xE0,0x00,0x00,0x00,0x00,0x00,0x00,0x00,0x00,0x00,0x00,0x00,0x00,0x00,0x6F,0xFF,0xFF,0xF4,0x00,0x06,
  0xFF,0xFF,0xFE,0x00,0x00,0x00,0x00,0x00,0x00,0x00,0x00,0x00,0x00,0x00,0x00,0x00,0x0C,0xFF,0xFF,0xFD,0x00,0x00,0x6F,0xFF,
  0xFF,0xE0,0x00,0x00,0x00,0x00,0x00,0x00,0x00,0x00,0x00,0x00,0x00,0x00,0x03,0xFF,0xFF,0xFF,0x70,0x00,0x06,0xFF,0xFF,0xFE,
  0x00,0x00,0x00,0x00,0x00,0x00,0x00,0x00,0x00,0x00,0x00,0x00,0x00,0xAF,0xFF,0xFF,0xF2,0x00,0x00,0x6F,0xFF,0xFF,0xE0,0x00,
  0x00,0x00,0x00,0x00,0x00,0x00,0x00,0x00,0x00,0x00,0x00,0x1F,0xFF,0xFF,0xFB,0x00,0x00,0x06,0xFF,0xFF,0xFF,0xFF,0xFF,0xFF,
  0xFF,0xFF,0xFF,0xFF,0xF1,0x00,0x00,0x00,0x00,0x07,0xFF,0xFF,0xFF,0x50,0x00,0x00,0x6F,0xFF,0xFF,0xFF,0xFF,0xFF,0xFF,0xFF,
  0xFF,0xFF,0xFF,0x10,0x00,0x00,0x00,0x00,0xDF,0xFF,0xFF,0xE0,0x00,0x00,0x06,0xFF,0xFF,0xFF,0xFF,0xFF,0xFF,0xFF,0xFF,0xFF,
  0xFF,0xF1,0x00,0x00,0x00,0x00,0x5F,0xFF,0xFF,0xF8,0x00,0x00,0x00,0x6F,0xFF,0xFF,0xFF,0xFF,0xFF,0xFF,0xFF,0xFF,0xFF,0xFF,
  0x10,0x00,0x00,0x00,0x0B,0xFF,0xFF,0xFF,0x20,0x00,0x00,0x06,0xFF,0xFF,0xFF,0xFF,0xFF,0xFF,0xFF,0xFF,0xFF,0xFF,0xF1,0x00,
  0x00,0x00,0x02,0xFF,0xFF,0xFF,0xC0,0x00,0x00,0x00,0x6F,0xFF,0xFF,0xF8,0x88,0x88,0x88,0x88,0x88,0x88,0x88,0x10,0x00,0x00,
  0x00,0x9F,0xFF,0xFF,0xF7,0x11,0x11,0x11,0x17,0xFF,0xFF,0xFE,0x00,0x00,0x00,0x00,0x00,0x00,0x00,0x00,0x00,0x00,0x00,0x1E,
  0xFF,0xFF,0xFF,0xFF,0xFF,0xFF,0xFF,0xFF,0xFF,0xFF,0xE0,0x00,0x00,0x00,0x00,0x00,0x00,0x00,0x00,0x00,0x00,0x06,0xFF,0xFF,
  0xFF,0xFF,0xFF,0xFF,0xFF,0xFF,0xFF,0xFF,0xFE,0x00,0x00,0x00,0x00,0x00,0x00,0x00,0x00,0x00,0x00,0x00,0xCF,0xFF,0xFF,0xFF,
  0xFF,0xFF,0xFF,0xFF,0xFF,0xFF,0xFF,0xE0,0x00,0x00,0x00,0x00,0x00,0x00,0x00,0x00,0x00,0x00,0x4F,0xFF,0xFF,0xFF,0xFF,0xFF,
  0xFF,0xFF,0xFF,0xFF,0xFF,0xFE,0x00,0x00,0x00,0x00,0x00,0x00,0x00,0x00,0x00,0x00,0x0A,0xFF,0xFF,0xFF,0xFF,0xFF,0xFF,0xFF,
  0xFF,0xFF,0xFF,0xFF,0xE0,0x00,0x00,0x00,0x00,0x00,0x00,0x00,0x00,0x00,0x02,0xFF,0xFF,0xFF,0xE0,0x00,0x00,0x00,0x00,0x06,
  0xFF,0xFF,0xFE,0x00,0x00,0x00,0x00,0x00,0x00,0x00,0x00,0x00,0x00,0x8F,0xFF,0xFF,0xF7,0x00,0x00,0x00,0x00,0x00,0x6F,0xFF,
  0xFF,0xFA,0xAA,0xAA,0xAA,0xAA,0xAA,0xAA,0xAA,0xA3,0x00,0x0E,0xFF,0xFF,0xFE,0x10,0x00,0x00,0x00,0x00,0x06,0xFF,0xFF,0xFF,
  0xFF,0xFF,0xFF,0xFF,0xFF,0xFF,0xFF,0xFF,0x50,0x05,0xFF,0xFF,0xFF,0x90,0x00,0x00,0x00,0x00,0x00,0x6F,0xFF,0xFF,0xFF,0xFF,
  0xFF,0xFF,0xFF,0xFF,0xFF,0xFF,0xF5,0x00,0xCF,0xFF,0xFF,0xF2,0x00,0x00,0x00,0x00,0x00,0x06,0xFF,0xFF,0xFF,0xFF,0xFF,0xFF,
  0xFF,0xFF,0xFF,0xFF,0xFF,0x50,0x3F,0xFF,0xFF,0xFA,0x00,0x00,0x00,0x00,0x00,0x00,0x6F,0xFF,0xFF,0xFF,0xFF,0xFF,0xFF,0xFF,
  0xFF,0xFF,0xFF,0xF5,0x09,0xFF,0xFF,0xFF,0x40,0x00,0x00,0x00,0x00,0x00,0x06,0xFF,0xFF,0xFF,0xFF,0xFF,0xFF,0xFF,0xFF,0xFF,
  0xFF,0xFF,0x50,0x00,0x00,0x00,0x00,0x00,0x00,0x00,0x00,0x00,0x00,0x00,0x00,0x00,0x00,0x00,0x00,0x00,0x00,0x00,0x00,0x00,
  0x00,0x00,0x00,0x00,0x00,0x00,0x00,0x00,0x00,0x2C,0x30,0x00,0x00,0x00,0x00,0x00,0x00,0x03,0x7B,0xCE,0xFE,0xDA,0x72,0x00,
  0x00,0x1D,0xFE,0x40,0x00,0x00,0x00,0x00,0x00,0x5D,0xFF,0xFF,0xFF,0xFF,0xFF,0xFB,0x50,0x0B,0xFF,0xFF,0x60,0x00,0x00,0x00,
  0x03,0xCF,0xFF,0xFF,0xFF,0xFF,0xFF,0xFF,0xFF,0xBA,0xFF,0xFF,0xFA,0x00,0x00,0x00,0x05,0xFF,0xFF,0xFF,0xFF,0xFF,0xFF,0xFF,
  0xFF,0xFF,0xFF,0xFF,0xFC,0x10,0x00,0x00,0x06,0xFF,0xFF,0xFF,0xFF,0xFF,0xFF,0xFF,0xFF,0xFF,0xFF,0xFF,0xFD,0x10,0x00,0x00,
  0x04,0xFF,0xFF,0xFF,0xFF,0xFF,0xED,0xFF,0xFF,0xFF,0xFF,0xFF,0xFE,0x20,0x00,0x00,0x01,0xEF,0xFF,0xFF,0xFF,0xC6,0x10,0x00,
  0x27,0xEF,0xFF,0xFF,0xFF,0xC0,0x00,0x00,0x00,0x8F,0xFF,0xFF,0xFF,0x70,0x00,0x00,0x00,0x02,0xFF,0xFF,0xFF,0xFF,0x60,0x00,
  0x00,0x1E,0xFF,0xFF,0xFF,0x60,0x00,0x00,0x00,0x01,0xDF,0xFF,0xFF,0xFF,0xFE,0x00,0x00,0x08,0xFF,0xFF,0xFF,0xA0,0x00,0x00,
  0x00,0x01,0xCF,0xFF,0xFF,0xFF,0xFF,0xF5,0x00,0x00,0xCF,0xFF,0xFF,0xF2,0x00,0x00,0x00,0x00,0xBF,0xFF,0xFF,0xFF,0xFF,0xFF,
  0xB0,0x00,0x1F,0xFF,0xFF,0xFB,0x00,0x00,0x00,0x00,0xAF,0xFF,0xFF,0xBD,0xFF,0xFF,0xFE,0x00,0x05,0xFF,0xFF,0xFF,0x70,0x00,
  0x00,0x00,0x8F,0xFF,0xFF,0xC1,0x9F,0xFF,0xFF,0xF3,0x00,0x7F,0xFF,0xFF,0xF3,0x00,0x00,0x00,0x7F,0xFF,0xFF,0xD1,0x05,0xFF,
  0xFF,0xFF,0x50,0x08,0xFF,0xFF,0xFF,0x10,0x00,0x00,0x6F,0xFF,0xFF,0xD2,0x00,0x4F,0xFF,0xFF,0xF6,0x00,0x9F,0xFF,0xFF,0xF0,
  0x00,0x00,0x4F,0xFF,0xFF,0xE2,0x00,0x02,0xFF,0xFF,0xFF,0x70,0x09,0xFF,0xFF,0xFF,0x10,0x00,0x3E,0xFF,0xFF,0xE3,0x00,0x00,
  0x2F,0xFF,0xFF,0xF7,0x00,0x8F,0xFF,0xFF,0xF2,0x00,0x2E,0xFF,0xFF,0xF4,0x00,0x00,0x03,0xFF,0xFF,0xFF,0x60,0x07,0xFF,0xFF,
  0xFF,0x30,0x2D,0xFF,0xFF,0xF6,0x00,0x00,0x00,0x5F,0xFF,0xFF,0xF5,0x00,0x5F,0xFF,0xFF,0xF7,0x1C,0xFF,0xFF,0xF7,0x00,0x00,
  0x00,0x08,0xFF,0xFF,0xFF,0x30,0x02,0xFF,0xFF,0xFF,0xBC,0xFF,0xFF,0xF8,0x00,0x00,0x00,0x00,0xCF,0xFF,0xFF,0xE0,0x00,0x0D,
  0xFF,0xFF,0xFF,0xFF,0xFF,0xFA,0x00,0x00,0x00,0x00,0x4F,0xFF,0xFF,0xFA,0x00,0x00,0x7F,0xFF,0xFF,0xFF,0xFF,0xFB,0x00,0x00,
  0x00,0x00,0x0C,0xFF,0xFF,0xFF,0x60,0x00,0x01,0xFF,0xFF,0xFF,0xFF,0xFC,0x10,0x00,0x00,0x00,0x08,0xFF,0xFF,0xFF,0xE1,0x00,
  0x00,0x08,0xFF,0xFF,0xFF,0xFE,0x10,0x00,0x00,0x00,0x08,0xFF,0xFF,0xFF,0xF7,0x00,0x00,0x00,0x1D,0xFF,0xFF,0xFF,0xFD,0x62,
  0x00,0x02,0x6D,0xFF,0xFF,0xFF,0xFD,0x10,0x00,0x00,0x03,0xFF,0xFF,0xFF,0xFF,0xFF,0xFF,0xDE,0xFF,0xFF,0xFF,0xFF,0xFE,0x20,
  0x00,0x00,0x02,0xEF,0xFF,0xFF,0xFF,0xFF,0xFF,0xFF,0xFF,0xFF,0xFF,0xFF,0xFF,0x50,0x00,0x00,0x01,0xDF,0xFF,0xFF,0xFF,0xFF,
  0xFF,0xFF,0xFF,0xFF,0xFF,0xFF,0xFE,0x40,0x00,0x00,0x00,0xCF,0xFF,0xFF,0x9C,0xFF,0xFF,0xFF,0xFF,0xFF,0xFF,0xFF,0xFB,0x20,
  0x00,0x00,0x00,0x08,0xFF,0xFF,0xA0,0x06,0xDF,0xFF,0xFF,0xFF,0xFF,0xFF,0xC4,0x00,0x00,0x00,0x00,0x00,0x06,0xFF,0xC1,0x00,
  0x00,0x37,0xBD,0xEF,0xEC,0xA7,0x20,0x00,0x00,0x00,0x00,0x00,0x00,0x04,0xC1,0x00,0x00,0x00,0x00,0x00,0x00,0x00,0x00,0x00,
  0x00,0x00,0x00,0x00,0x00,0x00,0x00,0x00,0x00,0x00,0x00,0x00,0x00,0x00,0x00,0x00,0x00,0x00,0x00,0x00,0x00,0x00,0x00,0x00,
  0x00,0x04,0x9C,0xC9,0x50,0x00,0x00,0x00,0x00,0x00,0x00,0x00,0x00,0x9F,0xFF,0xFF,0xFA,0x00,0x00,0x00,0x00,0x00,0x00,0x00,
  0x07,0xFF,0xFF,0xFF,0xFF,0x80,0x00,0x00,0x00,0x00,0x00,0x00,0x0E,0xFF,0xB2,0x2A,0xFF,0xF1,0x00,0x00,0x00,0x00,0x00,0x00,
  0x3F,0xFF,0x10,0x01,0xEF,0xF4,0x00,0x00,0x00,0x00,0x00,0x00,0x5F,0xFD,0x00,0x00,0xCF,0xF7,0x00,0x00,0x00,0x00,0x00,0x00,
  0x3F,0xFF,0x10,0x01,0xEF,0xF4,0x00,0x00,0x00,0x00,0x00,0x00,0x1F,0xFF,0xB2,0x1A,0xFF,0xF2,0x00,0x00,0x00,0x00,0x00,0x00,
  0x07,0xFF,0xFF,0xFF,0xFF,0x80,0x00,0x00,0x00,0x00,0x00,0x00,0x00,0x9F,0xFF,0xFF,0xFA,0x00,0x00,0x00,0x00,0x00,0x00,0x00,
  0x00,0x04,0x9C,0xCA,0x50,0x00,0x00,0x00,0x00,0x00,0x00,0x00,0x00,0x00,0x00,0x00,0x00,0x00,0x00,0x00,0x00,0x00,0x00,0x00,
  0x03,0x8B,0xDE,0xFE,0xDA,0x61,0x00,0x00,0x00,0x00,0x00,0x04,0xCF,0xFF,0xFF,0xFF,0xFF,0xFF,0x91,0x00,0x00,0x00,0x00,0x7F,
  0xFF,0xFF,0xFF,0xFF,0xFF,0xFF,0xFD,0x10,0x00,0x00,0x06,0xFF,0xFF,0xFF,0xFF,0xFF,0xFF,0xFF,0xFF,0xC0,0x00,0x00,0x1E,0xFF,
  0xFF,0xFF,0xEC,0xCE,0xFF,0xFF,0xFF,0xF6,0x00,0x00,0x7F,0xFF,0xFF,0xF6,0x00,0x00,0x5E,0xFF,0xFF,0xFB,0x00,0x00,0xBF,0xFF,
  0xFF,0x70,0x00,0x00,0x06,0xFF,0xFF,0xFE,0x00,0x00,0x8A,0xAA,0xAA,0x10,0x00,0x00,0x03,0xFF,0xFF,0xFF,0x10,0x00,0x00,0x00,
  0x00,0x00,0x00,0x00,0x1A,0xFF,0xFF,0xFF,0x10,0x00,0x00,0x00,0x00,0x25,0x79,0xAD,0xFF,0xFF,0xFF,0xFF,0x10,0x00,0x00,0x05,
  0xBF,0xFF,0xFF,0xFF,0xFF,0xFF,0xFF,0xFF,0x10,0x00,0x05,0xEF,0xFF,0xFF,0xFF,0xFF,0xFF,0xFF,0xFF,0xFF,0x10,0x00,0x5F,0xFF,
  0xFF,0xFF,0xFF,0xFE,0xB8,0xFF,0xFF,0xFF,0x10,0x01,0xEF,0xFF,0xFF,0xFB,0x74,0x10,0x02,0xFF,0xFF,0xFF,0x10,0x06,0xFF,0xFF,
  0xFE,0x40,0x00,0x00,0x02,0xFF,0xFF,0xFF,0x10,0x08,0xFF,0xFF,0xF9,0x00,0x00,0x00,0x05,0xFF,0xFF,0xFF,0x10,0x09,0xFF,0xFF,
  0xF8,0x00,0x00,0x00,0x0B,0xFF,0xFF,0xFF,0x10,0x08,0xFF,0xFF,0xFD,0x10,0x00,0x01,0x9F,0xFF,0xFF,0xFF,0x10,0x04,0xFF,0xFF,
  0xFF,0xE9,0x77,0x9E,0xFF,0xFF,0xFF,0xFF,0x10,0x00,0xCF,0xFF,0xFF,0xFF,0xFF,0xFF,0xFD,0xFF,0xFF,0xFF,0x10,0x00,0x2E,0xFF,
  0xFF,0xFF,0xFF,0xFF,0xE3,0xFF,0xFF,0xFF,0x10,0x00,0x03,0xCF,0xFF,0xFF,0xFF,0xFD,0x22,0xFF,0xFF,0xFF,0x10,0x00,0x00,0x05,
  0xAC,0xEE,0xDB,0x51,0x02,0xFF,0xFF,0xFF,0x10,0x00,0x00,0x00,0x03,0x8B,0xDE,0xED,0xB6,0x20,0x00,0x00,0x27,0xCD,0xFE,0xC9,
  0x51,0x00,0x00,0x00,0x00,0x00,0x00,0x3C,0xFF,0xFF,0xFF,0xFF,0xFE,0x70,0x01,0x9F,0xFF,0xFF,0xFF,0xFF,0xE6,0x00,0x00,0x00,
  0x00,0x00,0x6F,0xFF,0xFF,0xFF,0xFF,0xFF,0xFF,0x92,0xDF,0xFF,0xFF,0xFF,0xFF,0xFF,0xFB,0x10,0x00,0x00,0x00,0x5F,0xFF,0xFF,
  0xFF,0xFF,0xFF,0xFF,0xFF,0xEF,0xFF,0xFF,0xFF,0xFF,0xFF,0xFF,0xFC,0x10,0x00,0x00,0x1E,0xFF,0xFF,0xFF,0xEC,0xCE,0xFF,0xFF,
  0xFF,0xFF,0xFF,0xFF,0xDE,0xFF,0xFF,0xFF,0xFA,0x00,0x00,0x07,0xFF,0xFF,0xFF,0x60,0x00,0x04,0xEF,0xFF,0xFF,0xFF,0xC4,0x00,
  0x02,0x8F,0xFF,0xFF,0xF4,0x00,0x00,0xBF,0xFF,0xFF,0x70,0x00,0x00,0x06,0xFF,0xFF,0xFF,0xC0,0x00,0x00,0x00,0x5F,0xFF,0xFF,
  0xC0,0x00,0x06,0x78,0x89,0xA1,0x00,0x00,0x00,0x3F,0xFF,0xFF,0xF2,0x00,0x00,0x00,0x00,0xAF,0xFF,0xFF,0x20,0x00,0x00,0x00,
  0x00,0x00,0x00,0x00,0x03,0xFF,0xFF,0xFC,0x00,0x00,0x00,0x00,0x05,0xFF,0xFF,0xF6,0x00,0x00,0x00,0x01,0x58,0xBD,0xEE,0xFF,
  0xFF,0xFF,0xFF,0xFF,0xFF,0xFF,0xFF,0xFF,0xFF,0xFF,0xFF,0x90,0x00,0x00,0x29,0xFF,0xFF,0xFF,0xFF,0xFF,0xFF,0xFF,0xFF,0xFF,
  0xFF,0xFF,0xFF,0xFF,0xFF,0xFF,0xFA,0x00,0x00,0x6F,0xFF,0xFF,0xFF,0xFF,0xFF,0xFF,0xFF,0xFF,0xFF,0xFF,0xFF,0xFF,0xFF,0xFF,
  0xFF,0xFF,0xB0,0x00,0x5F,0xFF,0xFF,0xFF,0xFF,0xFF,0xFF,0xFF,0xFF,0xFF,0xFF,0xFF,0xFF,0xFF,0xFF,0xFF,0xFF,0xFB,0x00,0x1E,
  0xFF,0xFF,0xFE,0x84,0x21,0x11,0x3F,0xFF,0xFF,0xB1,0x11,0x11,0x11,0x11,0x11,0x11,0x11,0x10,0x06,0xFF,0xFF,0xFE,0x20,0x00,
  0x00,0x03,0xFF,0xFF,0xFE,0x00,0x00,0x00,0x00,0x00,0x00,0x00,0x00,0x00,0x8F,0xFF,0xFF,0x90,0x00,0x00,0x00,0x6F,0xFF,0xFF,
  0xF4,0x00,0x00,0x00,0x00,0x37,0x77,0x77,0x30,0x09,0xFF,0xFF,0xF8,0x00,0x00,0x00,0x0C,0xFF,0xFF,0xFF,0xD1,0x00,0x00,0x00,
  0x1C,0xFF,0xFF,0xF3,0x00,0x7F,0xFF,0xFF,0xD1,0x00,0x00,0x19,0xFF,0xFF,0xFF,0xFF,0xD4,0x00,0x00,0x4C,0xFF,0xFF,0xFC,0x00,
  0x04,0xFF,0xFF,0xFF,0xE9,0x77,0x9E,0xFF,0xFF,0xFF,0xFF,0xFF,0xFF,0xCC,0xEF,0xFF,0xFF,0xFF,0x40,0x00,0x0C,0xFF,0xFF,0xFF,
  0xFF,0xFF,0xFF,0xFF,0xE5,0xEF,0xFF,0xFF,0xFF,0xFF,0xFF,0xFF,0xFF,0x70,0x00,0x00,0x3E,0xFF,0xFF,0xFF,0xFF,0xFF,0xFF,0xF4,
  0x03,0xEF,0xFF,0xFF,0xFF,0xFF,0xFF,0xFF,0x60,0x00,0x00,0x00,0x2A,0xFF,0xFF,0xFF,0xFF,0xFF,0xB2,0x00,0x01,0x9F,0xFF,0xFF,
  0xFF,0xFF,0xE9,0x20,0x00,0x00,0x00,0x00,0x03,0x8B,0xCE,0xED,0xB7,0x30,0x00,0x00,0x00,0x27,0xBD,0xEE,0xDB,0x71,0x00,0x00,
  0x00,0x00,0x00,0x00,0x00,0x00,0x00,0x00,0x00,0x00,0x00,0x00,0x01,0x30,0x00,0x00,0x00,0x00,0x00,0x48,0xCD,0xFE,0xDA,0x71,
  0x00,0x1C,0xE4,0x00,0x00,0x00,0x00,0x5D,0xFF,0xFF,0xFF,0xFF,0xFE,0x82,0xBF,0xFF,0x20,0x00,0x00,0x1A,0xFF,0xFF,0xFF,0xFF,
  0xFF,0xFF,0xFF,0xFF,0xF8,0x00,0x00,0x00,0xBF,0xFF,0xFF,0xFF,0xFF,0xFF,0xFF,0xFF,0xFF,0x90,0x00,0x00,0x09,0xFF,0xFF,0xFF,
  0xFF,0xFF,0xFF,0xFF,0xFF,0xFF,0x20,0x00,0x00,0x3F,0xFF,0xFF,0xFF,0xB6,0x34,0x7E,0xFF,0xFF,0xFF,0xB0,0x00,0x00,0xBF,0xFF,
  0xFF,0xF7,0x00,0x00,0x08,0xFF,0xFF,0xFF,0xF3,0x00,0x02,0xFF,0xFF,0xFF,0xA0,0x00,0x00,0x7F,0xFF,0xFF,0xFF,0xFA,0x00,0x06,
  0xFF,0xFF,0xFF,0x30,0x00,0x07,0xFF,0xFF,0xFF,0xFF,0xFE,0x00,0x09,0xFF,0xFF,0xFE,0x00,0x00,0x6F,0xFF,0xC6,0xFF,0xFF,0xFF,
  0x20,0x0A,0xFF,0xFF,0xFB,0x00,0x06,0xFF,0xFC,0x14,0xFF,0xFF,0xFF,0x30,0x0B,0xFF,0xFF,0xFA,0x00,0x5F,0xFF,0xC1,0x02,0xFF,
  0xFF,0xFF,0x40,0x0A,0xFF,0xFF,0xFB,0x05,0xFF,0xFC,0x10,0x03,0xFF,0xFF,0xFF,0x30,0x09,0xFF,0xFF,0xFD,0x5F,0xFF,0xD1,0x00,
  0x06,0xFF,0xFF,0xFF,0x20,0x06,0xFF,0xFF,0xFF,0xFF,0xFD,0x20,0x00,0x09,0xFF,0xFF,0xFE,0x00,0x02,0xFF,0xFF,0xFF,0xFF,0xD2,
  0x00,0x00,0x2F,0xFF,0xFF,0xFA,0x00,0x00,0xBF,0xFF,0xFF,0xFE,0x20,0x00,0x02,0xCF,0xFF,0xFF,0xF4,0x00,0x00,0x4F,0xFF,0xFF,
  0xFF,0xB5,0x34,0x7E,0xFF,0xFF,0xFF,0xC0,0x00,0x00,0x0A,0xFF,0xFF,0xFF,0xFF,0xFF,0xFF,0xFF,0xFF,0xFE,0x30,0x00,0x00,0x2E,
  0xFF,0xFF,0xFF,0xFF,0xFF,0xFF,0xFF,0xFF,0xF5,0x00,0x00,0x02,0xDF,0xFF,0xFF,0xFF,0xFF,0xFF,0xFF,0xFF,0xFE,0x40,0x00,0x00,
  0x09,0xFF,0xF5,0x4B,0xFF,0xFF,0xFF,0xFF,0xFF,0x92,0x00,0x00,0x00,0x00,0xAF,0x60,0x00,0x49,0xCE,0xFE,0xDB,0x62,0x00,0x00,
  0x00,0x00,0x00,0x04,0x00,0x00,0x00,0x00,0x00,0x00,0x00,0x00,0x00,0x00,0x00,
};
static const UiGlyph UiFontLarge_glyphs[] = {
  {32,0,9,0,0,0,9},
  {33,0,11,32,0,-32,11},
  {34,176,21,32,0,-32,21},
  {35,512,29,32,-1,-32,28},
  {36,976,29,42,0,-37,29},
  {37,1585,41,32,0,-32,41},
  {38,2241,29,32,0,-32,28},
  {39,2705,12,32,0,-32,12},
  {40,2897,15,40,0,-34,15},
  {41,3197,15,40,0,-34,15},
  {42,3497,24,32,0,-32,24},
  {43,3881,29,24,0,-24,29},
  {44,4229,11,12,0,-5,11},
  {45,4295,20,16,0,-16,20},
  {46,4455,11,8,0,-8,11},
  {47,4499,16,39,0,-34,16},
  {48,4811,29,32,0,-32,29},
  {49,5275,17,32,0,-32,17},
  {50,5547,26,32,0,-32,26},
  {51,5963,27,32,0,-32,27},
  {52,6395,29,32,0,-32,29},
  {53,6859,26,32,0,-32,26},
  {54,7275,27,32,0,-32,27},
  {55,7707,24,32,0,-32,24},
  {56,8091,27,32,0,-32,27},
  {57,8523,27,32,0,-32,27},
  {58,8955,11,23,0,-23,11},
  {59,9082,11,29,0,-22,11},
  {60,9242,29,25,0,-25,29},
  {61,9605,29,21,0,-21,29},
  {62,9910,29,25,0,-25,29},
  {63,10273,25,32,0,-32,25},
  {64,10673,44,42,0,-32,44},
  {65,11597,32,32,0,-32,31},
  {66,12109,28,32,0,-32,28},
  {67,12557,32,32,0,-32,32},
  {68,13069,31,32,0,-32,31},
  {69,13565,27,32,0,-32,27},
  {70,13997,26,32,0,-32,26},
  {71,14413,32,32,0,-32,32},
  {72,14925,32,32,0,-32,32},
  {73,15437,11,32,0,-32,11},
  {74,15613,25,32,0,-32,25},
  {75,16013,30,32,0,-32,30},
  {76,16493,25,32,0,-32,24},
  {77,16893,39,32,0,-32,39},
  {78,17517,32,32,0,-32,32},
  {79,18029,33,32,0,-32,33},
  {80,18557,28,32,0,-32,28},
  {81,19005,33,35,0,-32,33},
  {82,19583,29,32,0,-32,29},
  {83,20047,29,32,0,-32,29},
  {84,20511,28,32,0,-32,28},
  {85,20959,31,32,0,-32,31},
  {86,21455,31,32,0,-32,31},
  {87,21951,44,32,0,-32,44},
  {88,22655,31,32,0,-32,31},
  {89,23151,31,32,0,-32,30},
  {90,23647,28,32,0,-32,28},
  {91,24095,15,40,0,-34,15},
  {92,24395,16,39,0,-34,16},
  {93,24707,15,40,0,-34,15},
  {94,25007,20,32,0,-32,20},
  {95,25327,21,5,0,0,21},
  {96,25380,13,32,0,-32,13},
  {97,25588,24,23,0,-23,24},
  {98,25864,26,32,0,-32,26},
  {99,26280,24,23,0,-23,24},
  {100,26556,26,32,0,-32,26},
  {101,26972,25,23,0,-23,25},
  {102,27260,16,32,0,-32,16},
  {103,27516,26,32,0,-23,26},
  {104,27932,26,32,0,-32,26},
  {105,28348,11,32,0,-32,11},
  {106,28524,13,41,-2,-32,11},
  {107,28791,25,32,0,-32,24},
  {108,29191,11,32,0,-32,11},
  {109,29367,39,23,0,-23,39},
  {110,29816,26,23,0,-23,26},
  {111,30115,26,23,0,-23,26},
  {112,30414,26,32,0,-23,26},
  {113,30830,26,32,0,-23,26},
  {114,31246,16,23,0,-23,16},
  {115,31430,23,24,0,-23,23},
  {116,31706,16,30,0,-30,16},
  {117,31946,26,23,0,-23,26},
  {118,32245,25,23,0,-23,24},
  {119,32533,36,23,0,-23,36},
  {120,32947,24,23,0,-23,24},
  {121,33223,25,32,0,-23,24},
  {122,33623,23,23,0,-23,23},
  {123,33888,19,40,0,-34,19},
  {124,34268,15,53,0,-43,15},
  {125,34666,19,40,0,-34,19},
  {126,35046,29,18,0,-18,29},
  {176,35307,19,32,0,-32,19},
  {197,35611,32,44,0,-44,31},
  {198,36315,45,32,0,-32,45},
  {216,37035,33,36,0,-34,33},
  {229,37629,24,35,0,-35,24},
  {230,38049,39,23,0,-23,39},
  {248,38498,26,25,0,-24,26},
};
static const UiFont UiFontLarge = {UiFontLarge_bitmap,UiFontLarge_glyphs,102,43,11,56};
